2026-08-17 21:19:51 [TestNG-tests-3] INFO  com.orangehrm.BaseTest - Driver started for thread 47
2026-08-17 21:19:51 [TestNG-tests-1] INFO  com.orangehrm.BaseTest - Driver started for thread 45
2026-08-17 21:19:51 [TestNG-tests-1] INFO  com.orangehrm.BaseTest - TC03 - login with empty fields
2026-08-17 21:19:51 [TestNG-tests-3] INFO  com.orangehrm.BaseTest - TC09 - verifying the Add User form fields
2026-08-17 21:19:52 [TestNG-tests-2] INFO  com.orangehrm.BaseTest - Driver started for thread 46
2026-08-17 21:19:52 [TestNG-tests-2] INFO  com.orangehrm.BaseTest - TC04 - searching for existing employee: Odis Adalwin
2026-08-17 21:19:59 [TestNG-tests-3] INFO  com.orangehrm.BaseTest - Logged in as Admin
2026-08-17 21:20:00 [TestNG-tests-1] INFO  com.orangehrm.BaseTest - Closing driver for thread 45
2026-08-17 21:20:02 [TestNG-tests-1] INFO  com.orangehrm.BaseTest - Driver started for thread 45
2026-08-17 21:20:02 [TestNG-tests-1] INFO  com.orangehrm.BaseTest - TC02 - login with invalid credentials: WrongUser
2026-08-17 21:20:04 [TestNG-tests-3] INFO  com.orangehrm.BaseTest - Closing driver for thread 47
2026-08-17 21:20:05 [TestNG-tests-2] INFO  com.orangehrm.BaseTest - Logged in as Admin
2026-08-17 21:20:07 [TestNG-tests-3] INFO  com.orangehrm.BaseTest - Driver started for thread 47
2026-08-17 21:20:07 [TestNG-tests-3] INFO  com.orangehrm.BaseTest - TC10 - verifying the footer branding link
2026-08-17 21:20:10 [TestNG-tests-2] ERROR com.orangehrm.listeners.RetryAnalyzer - Test 'testSearchExistingEmployee' failed. Retry attempt 1 of 2
2026-08-17 21:20:10 [TestNG-tests-2] INFO  com.orangehrm.BaseTest - Closing driver for thread 46
2026-08-17 21:20:11 [TestNG-tests-2] INFO  com.orangehrm.BaseTest - Driver started for thread 46
2026-08-17 21:20:11 [TestNG-tests-2] INFO  com.orangehrm.BaseTest - TC04 - searching for existing employee: Odis Adalwin
2026-08-17 21:20:14 [TestNG-tests-1] INFO  com.orangehrm.BaseTest - Closing driver for thread 45
2026-08-17 21:20:16 [TestNG-tests-1] INFO  com.orangehrm.BaseTest - Driver started for thread 45
2026-08-17 21:20:16 [TestNG-tests-1] INFO  com.orangehrm.BaseTest - TC02 - login with invalid credentials: Admin
2026-08-17 21:20:17 [TestNG-tests-3] INFO  com.orangehrm.BaseTest - Logged in as Admin
2026-08-17 21:20:19 [TestNG-tests-2] INFO  com.orangehrm.BaseTest - Logged in as Admin
2026-08-17 21:20:25 [TestNG-tests-2] ERROR com.orangehrm.listeners.RetryAnalyzer - Test 'testSearchExistingEmployee' failed. Retry attempt 2 of 2
2026-08-17 21:20:25 [TestNG-tests-2] INFO  com.orangehrm.BaseTest - Closing driver for thread 46
2026-08-17 21:20:27 [TestNG-tests-2] INFO  com.orangehrm.BaseTest - Driver started for thread 46
2026-08-17 21:20:27 [TestNG-tests-2] INFO  com.orangehrm.BaseTest - TC04 - searching for existing employee: Odis Adalwin
2026-08-17 21:20:28 [TestNG-tests-1] INFO  com.orangehrm.BaseTest - Closing driver for thread 45
2026-08-17 21:20:29 [TestNG-tests-1] INFO  com.orangehrm.BaseTest - Driver started for thread 45
2026-08-17 21:20:30 [TestNG-tests-1] INFO  com.orangehrm.BaseTest - TC02 - login with invalid credentials: admin!!
2026-08-17 21:20:35 [TestNG-tests-3] INFO  com.orangehrm.BaseTest - Closing driver for thread 47
2026-08-17 21:20:37 [TestNG-tests-2] INFO  com.orangehrm.BaseTest - Logged in as Admin
2026-08-17 21:20:37 [TestNG-tests-3] INFO  com.orangehrm.BaseTest - Driver started for thread 47
2026-08-17 21:20:37 [TestNG-tests-3] INFO  com.orangehrm.BaseTest - TC11 - verifying the sidebar menu items
2026-08-17 21:20:41 [TestNG-tests-1] INFO  com.orangehrm.BaseTest - Closing driver for thread 45
2026-08-17 21:20:43 [TestNG-tests-2] INFO  com.orangehrm.BaseTest - Closing driver for thread 46
2026-08-17 21:20:43 [TestNG-tests-1] INFO  com.orangehrm.BaseTest - Driver started for thread 45
2026-08-17 21:20:43 [TestNG-tests-1] INFO  com.orangehrm.BaseTest - TC01 - login with valid credentials: Admin
2026-08-17 21:20:45 [TestNG-tests-2] INFO  com.orangehrm.BaseTest - Driver started for thread 46
2026-08-17 21:20:45 [TestNG-tests-2] INFO  com.orangehrm.BaseTest - TC04 - searching for existing employee: Charlie Carter
2026-08-17 21:20:45 [TestNG-tests-3] INFO  com.orangehrm.BaseTest - Logged in as Admin
2026-08-17 21:20:47 [TestNG-tests-3] INFO  com.orangehrm.BaseTest - Closing driver for thread 47
2026-08-17 21:20:49 [TestNG-tests-1] INFO  com.orangehrm.BaseTest - Closing driver for thread 45
2026-08-17 21:20:51 [TestNG-tests-2] INFO  com.orangehrm.BaseTest - Logged in as Admin
2026-08-17 21:20:56 [TestNG-tests-2] ERROR com.orangehrm.listeners.RetryAnalyzer - Test 'testSearchExistingEmployee' failed. Retry attempt 1 of 2
2026-08-17 21:20:56 [TestNG-tests-2] INFO  com.orangehrm.BaseTest - Closing driver for thread 46
2026-08-17 21:20:57 [TestNG-tests-2] INFO  com.orangehrm.BaseTest - Driver started for thread 46
2026-08-17 21:20:57 [TestNG-tests-2] INFO  com.orangehrm.BaseTest - TC04 - searching for existing employee: Charlie Carter
2026-08-17 21:21:02 [TestNG-tests-2] INFO  com.orangehrm.BaseTest - Logged in as Admin
2026-08-17 21:21:06 [TestNG-tests-2] ERROR com.orangehrm.listeners.RetryAnalyzer - Test 'testSearchExistingEmployee' failed. Retry attempt 2 of 2
2026-08-17 21:21:06 [TestNG-tests-2] INFO  com.orangehrm.BaseTest - Closing driver for thread 46
2026-08-17 21:21:08 [TestNG-tests-2] INFO  com.orangehrm.BaseTest - Driver started for thread 46
2026-08-17 21:21:08 [TestNG-tests-2] INFO  com.orangehrm.BaseTest - TC04 - searching for existing employee: Charlie Carter
2026-08-17 21:21:12 [TestNG-tests-2] INFO  com.orangehrm.BaseTest - Logged in as Admin
2026-08-17 21:21:17 [TestNG-tests-2] INFO  com.orangehrm.BaseTest - Closing driver for thread 46
2026-08-17 21:21:18 [TestNG-tests-2] INFO  com.orangehrm.BaseTest - Driver started for thread 46
2026-08-17 21:21:18 [TestNG-tests-2] INFO  com.orangehrm.BaseTest - TC05 - searching for non-existing employee: Zzqx Notreal
2026-08-17 21:21:22 [TestNG-tests-2] INFO  com.orangehrm.BaseTest - Logged in as Admin
2026-08-17 21:21:27 [TestNG-tests-2] INFO  com.orangehrm.BaseTest - Closing driver for thread 46
2026-08-17 21:21:29 [TestNG-tests-2] INFO  com.orangehrm.BaseTest - Driver started for thread 46
2026-08-17 21:21:29 [TestNG-tests-2] INFO  com.orangehrm.BaseTest - TC05 - searching for non-existing employee: Ghost Employee 999
2026-08-17 21:21:33 [TestNG-tests-2] INFO  com.orangehrm.BaseTest - Logged in as Admin
2026-08-17 21:21:37 [TestNG-tests-2] INFO  com.orangehrm.BaseTest - Closing driver for thread 46
2026-08-17 21:21:39 [TestNG-tests-2] INFO  com.orangehrm.BaseTest - Driver started for thread 46
2026-08-17 21:21:39 [TestNG-tests-2] INFO  com.orangehrm.BaseTest - TC08 - creating employee Nada Tester897832
2026-08-17 21:21:43 [TestNG-tests-2] INFO  com.orangehrm.BaseTest - Logged in as Admin
2026-08-17 21:21:57 [TestNG-tests-2] ERROR com.orangehrm.listeners.RetryAnalyzer - Test 'testAddEmployeeEndToEnd' failed. Retry attempt 1 of 2
2026-08-17 21:21:57 [TestNG-tests-2] INFO  com.orangehrm.BaseTest - Closing driver for thread 46
2026-08-17 21:21:59 [TestNG-tests-2] INFO  com.orangehrm.BaseTest - Driver started for thread 46
2026-08-17 21:21:59 [TestNG-tests-2] INFO  com.orangehrm.BaseTest - TC08 - creating employee Nada Tester897832
2026-08-17 21:22:03 [TestNG-tests-2] INFO  com.orangehrm.BaseTest - Logged in as Admin
2026-08-17 21:22:11 [TestNG-tests-2] ERROR com.orangehrm.listeners.RetryAnalyzer - Test 'testAddEmployeeEndToEnd' failed. Retry attempt 2 of 2
2026-08-17 21:22:11 [TestNG-tests-2] INFO  com.orangehrm.BaseTest - Closing driver for thread 46
2026-08-17 21:22:13 [TestNG-tests-2] INFO  com.orangehrm.BaseTest - Driver started for thread 46
2026-08-17 21:22:13 [TestNG-tests-2] INFO  com.orangehrm.BaseTest - TC08 - creating employee Nada Tester897832
2026-08-17 21:22:17 [TestNG-tests-2] INFO  com.orangehrm.BaseTest - Logged in as Admin
2026-08-17 21:22:26 [TestNG-tests-2] INFO  com.orangehrm.BaseTest - Closing driver for thread 46
2026-08-17 21:22:27 [TestNG-tests-2] INFO  com.orangehrm.BaseTest - Driver started for thread 46
2026-08-17 21:22:27 [TestNG-tests-2] INFO  com.orangehrm.BaseTest - TC07 - saving an employee without a first name
2026-08-17 21:22:31 [TestNG-tests-2] INFO  com.orangehrm.BaseTest - Logged in as Admin
2026-08-17 21:22:36 [TestNG-tests-2] INFO  com.orangehrm.BaseTest - Closing driver for thread 46
2026-08-17 21:22:38 [TestNG-tests-2] INFO  com.orangehrm.BaseTest - Driver started for thread 46
2026-08-17 21:22:38 [TestNG-tests-2] INFO  com.orangehrm.BaseTest - TC06 - opening the Add Employee page
2026-08-17 21:22:42 [TestNG-tests-2] INFO  com.orangehrm.BaseTest - Logged in as Admin
2026-08-17 21:22:46 [TestNG-tests-2] INFO  com.orangehrm.BaseTest - Closing driver for thread 46
2026-08-17 21:28:29 [TestNG-tests-3] INFO  com.orangehrm.BaseTest - Driver started for thread 47
2026-08-17 21:28:29 [TestNG-tests-1] INFO  com.orangehrm.BaseTest - Driver started for thread 45
2026-08-17 21:28:29 [TestNG-tests-2] INFO  com.orangehrm.BaseTest - Driver started for thread 46
2026-08-17 21:28:29 [TestNG-tests-3] INFO  com.orangehrm.BaseTest - TC09 - verifying the Add User form fields
2026-08-17 21:28:29 [TestNG-tests-1] INFO  com.orangehrm.BaseTest - TC03 - login with empty fields
2026-08-17 21:28:29 [TestNG-tests-2] INFO  com.orangehrm.BaseTest - TC04 - searching for existing employee: Odis Adalwin
2026-08-17 21:28:41 [TestNG-tests-1] INFO  com.orangehrm.BaseTest - Closing driver for thread 45
2026-08-17 21:28:42 [TestNG-tests-3] INFO  com.orangehrm.BaseTest - Logged in as Admin
2026-08-17 21:28:42 [TestNG-tests-2] INFO  com.orangehrm.BaseTest - Logged in as Admin
2026-08-17 21:28:44 [TestNG-tests-1] INFO  com.orangehrm.BaseTest - Driver started for thread 45
2026-08-17 21:28:44 [TestNG-tests-1] INFO  com.orangehrm.BaseTest - TC02 - login with invalid credentials: WrongUser
2026-08-17 21:28:52 [TestNG-tests-3] INFO  com.orangehrm.BaseTest - Closing driver for thread 47
2026-08-17 21:28:54 [TestNG-tests-3] INFO  com.orangehrm.BaseTest - Driver started for thread 47
2026-08-17 21:28:54 [TestNG-tests-3] INFO  com.orangehrm.BaseTest - TC10 - verifying the footer branding link
2026-08-17 21:28:55 [TestNG-tests-2] ERROR com.orangehrm.listeners.RetryAnalyzer - Test 'testSearchExistingEmployee' failed. Retry attempt 1 of 2
2026-08-17 21:28:55 [TestNG-tests-2] INFO  com.orangehrm.BaseTest - Closing driver for thread 46
2026-08-17 21:28:57 [TestNG-tests-2] INFO  com.orangehrm.BaseTest - Driver started for thread 46
2026-08-17 21:28:57 [TestNG-tests-2] INFO  com.orangehrm.BaseTest - TC04 - searching for existing employee: Odis Adalwin
2026-08-17 21:28:59 [TestNG-tests-1] INFO  com.orangehrm.BaseTest - Closing driver for thread 45
2026-08-17 21:29:01 [TestNG-tests-1] INFO  com.orangehrm.BaseTest - Driver started for thread 45
2026-08-17 21:29:01 [TestNG-tests-1] INFO  com.orangehrm.BaseTest - TC02 - login with invalid credentials: Admin
2026-08-17 21:29:01 [TestNG-tests-3] INFO  com.orangehrm.BaseTest - Logged in as Admin
2026-08-17 21:29:04 [TestNG-tests-2] INFO  com.orangehrm.BaseTest - Logged in as Admin
2026-08-17 21:29:22 [TestNG-tests-2] ERROR com.orangehrm.listeners.RetryAnalyzer - Test 'testSearchExistingEmployee' failed. Retry attempt 2 of 2
2026-08-17 21:29:22 [TestNG-tests-2] INFO  com.orangehrm.BaseTest - Closing driver for thread 46
2026-08-17 21:29:25 [TestNG-tests-2] INFO  com.orangehrm.BaseTest - Driver started for thread 46
2026-08-17 21:29:25 [TestNG-tests-2] INFO  com.orangehrm.BaseTest - TC04 - searching for existing employee: Odis Adalwin
2026-08-17 21:29:25 [TestNG-tests-3] INFO  com.orangehrm.BaseTest - Closing driver for thread 47
2026-08-17 21:29:28 [TestNG-tests-3] INFO  com.orangehrm.BaseTest - Driver started for thread 47
2026-08-17 21:29:28 [TestNG-tests-3] INFO  com.orangehrm.BaseTest - TC11 - verifying the sidebar menu items
2026-08-17 21:29:28 [TestNG-tests-1] INFO  com.orangehrm.BaseTest - Closing driver for thread 45
2026-08-17 21:29:30 [TestNG-tests-1] INFO  com.orangehrm.BaseTest - Driver started for thread 45
2026-08-17 21:29:30 [TestNG-tests-1] INFO  com.orangehrm.BaseTest - TC02 - login with invalid credentials: admin!!
2026-08-17 21:29:31 [TestNG-tests-2] INFO  com.orangehrm.BaseTest - Logged in as Admin
2026-08-17 21:29:35 [TestNG-tests-3] INFO  com.orangehrm.BaseTest - Logged in as Admin
2026-08-17 21:29:37 [TestNG-tests-3] INFO  com.orangehrm.BaseTest - Closing driver for thread 47
2026-08-17 21:29:37 [TestNG-tests-2] INFO  com.orangehrm.BaseTest - Closing driver for thread 46
2026-08-17 21:29:38 [TestNG-tests-2] INFO  com.orangehrm.BaseTest - Driver started for thread 46
2026-08-17 21:29:38 [TestNG-tests-2] INFO  com.orangehrm.BaseTest - TC04 - searching for existing employee: Charlie Carter
2026-08-17 21:29:40 [TestNG-tests-1] INFO  com.orangehrm.BaseTest - Closing driver for thread 45
2026-08-17 21:29:41 [TestNG-tests-1] INFO  com.orangehrm.BaseTest - Driver started for thread 45
2026-08-17 21:29:41 [TestNG-tests-1] INFO  com.orangehrm.BaseTest - TC01 - login with valid credentials: Admin
2026-08-17 21:29:43 [TestNG-tests-2] INFO  com.orangehrm.BaseTest - Logged in as Admin
2026-08-17 21:29:48 [TestNG-tests-1] INFO  com.orangehrm.BaseTest - Closing driver for thread 45
2026-08-17 21:29:48 [TestNG-tests-2] ERROR com.orangehrm.listeners.RetryAnalyzer - Test 'testSearchExistingEmployee' failed. Retry attempt 1 of 2
2026-08-17 21:29:48 [TestNG-tests-2] INFO  com.orangehrm.BaseTest - Closing driver for thread 46
2026-08-17 21:29:50 [TestNG-tests-2] INFO  com.orangehrm.BaseTest - Driver started for thread 46
2026-08-17 21:29:50 [TestNG-tests-2] INFO  com.orangehrm.BaseTest - TC04 - searching for existing employee: Charlie Carter
2026-08-17 21:29:54 [TestNG-tests-2] INFO  com.orangehrm.BaseTest - Logged in as Admin
2026-08-17 21:29:58 [TestNG-tests-2] ERROR com.orangehrm.listeners.RetryAnalyzer - Test 'testSearchExistingEmployee' failed. Retry attempt 2 of 2
2026-08-17 21:29:58 [TestNG-tests-2] INFO  com.orangehrm.BaseTest - Closing driver for thread 46
2026-08-17 21:30:00 [TestNG-tests-2] INFO  com.orangehrm.BaseTest - Driver started for thread 46
2026-08-17 21:30:00 [TestNG-tests-2] INFO  com.orangehrm.BaseTest - TC04 - searching for existing employee: Charlie Carter
2026-08-17 21:30:03 [TestNG-tests-2] INFO  com.orangehrm.BaseTest - Logged in as Admin
2026-08-17 21:30:08 [TestNG-tests-2] INFO  com.orangehrm.BaseTest - Closing driver for thread 46
2026-08-17 21:30:10 [TestNG-tests-2] INFO  com.orangehrm.BaseTest - Driver started for thread 46
2026-08-17 21:30:10 [TestNG-tests-2] INFO  com.orangehrm.BaseTest - TC05 - searching for non-existing employee: Zzqx Notreal
2026-08-17 21:30:13 [TestNG-tests-2] INFO  com.orangehrm.BaseTest - Logged in as Admin
2026-08-17 21:30:18 [TestNG-tests-2] INFO  com.orangehrm.BaseTest - Closing driver for thread 46
2026-08-17 21:30:20 [TestNG-tests-2] INFO  com.orangehrm.BaseTest - Driver started for thread 46
2026-08-17 21:30:20 [TestNG-tests-2] INFO  com.orangehrm.BaseTest - TC05 - searching for non-existing employee: Ghost Employee 999
2026-08-17 21:30:24 [TestNG-tests-2] INFO  com.orangehrm.BaseTest - Logged in as Admin
2026-08-17 21:30:33 [TestNG-tests-2] INFO  com.orangehrm.BaseTest - Closing driver for thread 46
2026-08-17 21:30:35 [TestNG-tests-2] INFO  com.orangehrm.BaseTest - Driver started for thread 46
2026-08-17 21:30:35 [TestNG-tests-2] INFO  com.orangehrm.BaseTest - TC08 - creating employee Nada Tester433778
2026-08-17 21:30:54 [TestNG-tests-2] INFO  com.orangehrm.BaseTest - Logged in as Admin
2026-08-17 21:31:02 [TestNG-tests-2] ERROR com.orangehrm.listeners.RetryAnalyzer - Test 'testAddEmployeeEndToEnd' failed. Retry attempt 1 of 2
2026-08-17 21:31:02 [TestNG-tests-2] INFO  com.orangehrm.BaseTest - Closing driver for thread 46
2026-08-17 21:31:04 [TestNG-tests-2] INFO  com.orangehrm.BaseTest - Driver started for thread 46
2026-08-17 21:31:04 [TestNG-tests-2] INFO  com.orangehrm.BaseTest - TC08 - creating employee Nada Tester433778
2026-08-17 21:31:08 [TestNG-tests-2] INFO  com.orangehrm.BaseTest - Logged in as Admin
2026-08-17 21:31:16 [TestNG-tests-2] ERROR com.orangehrm.listeners.RetryAnalyzer - Test 'testAddEmployeeEndToEnd' failed. Retry attempt 2 of 2
2026-08-17 21:31:16 [TestNG-tests-2] INFO  com.orangehrm.BaseTest - Closing driver for thread 46
2026-08-17 21:31:18 [TestNG-tests-2] INFO  com.orangehrm.BaseTest - Driver started for thread 46
2026-08-17 21:31:18 [TestNG-tests-2] INFO  com.orangehrm.BaseTest - TC08 - creating employee Nada Tester433778
2026-08-17 21:31:21 [TestNG-tests-2] INFO  com.orangehrm.BaseTest - Logged in as Admin
2026-08-17 21:31:30 [TestNG-tests-2] INFO  com.orangehrm.BaseTest - Closing driver for thread 46
2026-08-17 21:31:32 [TestNG-tests-2] INFO  com.orangehrm.BaseTest - Driver started for thread 46
2026-08-17 21:31:32 [TestNG-tests-2] INFO  com.orangehrm.BaseTest - TC07 - saving an employee without a first name
2026-08-17 21:31:36 [TestNG-tests-2] INFO  com.orangehrm.BaseTest - Logged in as Admin
2026-08-17 21:31:41 [TestNG-tests-2] INFO  com.orangehrm.BaseTest - Closing driver for thread 46
2026-08-17 21:31:43 [TestNG-tests-2] INFO  com.orangehrm.BaseTest - Driver started for thread 46
2026-08-17 21:31:43 [TestNG-tests-2] INFO  com.orangehrm.BaseTest - TC06 - opening the Add Employee page
2026-08-17 21:31:48 [TestNG-tests-2] INFO  com.orangehrm.BaseTest - Logged in as Admin
2026-08-17 21:31:51 [TestNG-tests-2] INFO  com.orangehrm.BaseTest - Closing driver for thread 46
2026-08-17 21:35:16 [TestNG-tests-1] INFO  com.orangehrm.BaseTest - Driver started for thread 25
2026-08-17 21:35:16 [TestNG-tests-3] INFO  com.orangehrm.BaseTest - Driver started for thread 27
2026-08-17 21:35:16 [TestNG-tests-2] INFO  com.orangehrm.BaseTest - Driver started for thread 26
2026-08-17 21:35:16 [TestNG-tests-1] INFO  com.orangehrm.BaseTest - TC03 - login with empty fields
2026-08-17 21:35:16 [TestNG-tests-2] INFO  com.orangehrm.BaseTest - TC04 - searching for existing employee: Odis Adalwin
2026-08-17 21:35:16 [TestNG-tests-3] INFO  com.orangehrm.BaseTest - TC09 - verifying the Add User form fields
2026-08-17 21:35:24 [TestNG-tests-3] INFO  com.orangehrm.BaseTest - Logged in as Admin
2026-08-17 21:35:27 [TestNG-tests-2] INFO  com.orangehrm.BaseTest - Logged in as Admin
2026-08-17 21:35:29 [TestNG-tests-1] INFO  com.orangehrm.BaseTest - Closing driver for thread 25
2026-08-17 21:35:31 [TestNG-tests-1] INFO  com.orangehrm.BaseTest - Driver started for thread 25
2026-08-17 21:35:31 [TestNG-tests-1] INFO  com.orangehrm.BaseTest - TC02 - login with invalid credentials: WrongUser
2026-08-17 21:35:32 [TestNG-tests-3] INFO  com.orangehrm.BaseTest - Closing driver for thread 27
2026-08-17 21:35:34 [TestNG-tests-3] INFO  com.orangehrm.BaseTest - Driver started for thread 27
2026-08-17 21:35:34 [TestNG-tests-3] INFO  com.orangehrm.BaseTest - TC10 - verifying the footer branding link
2026-08-17 21:35:35 [TestNG-tests-2] ERROR com.orangehrm.listeners.RetryAnalyzer - Test 'testSearchExistingEmployee' failed. Retry attempt 1 of 2
2026-08-17 21:35:35 [TestNG-tests-2] INFO  com.orangehrm.BaseTest - Closing driver for thread 26
2026-08-17 21:35:37 [TestNG-tests-2] INFO  com.orangehrm.BaseTest - Driver started for thread 26
2026-08-17 21:35:37 [TestNG-tests-2] INFO  com.orangehrm.BaseTest - TC04 - searching for existing employee: Odis Adalwin
2026-08-17 21:35:39 [TestNG-tests-1] INFO  com.orangehrm.BaseTest - Closing driver for thread 25
2026-08-17 21:35:41 [TestNG-tests-1] INFO  com.orangehrm.BaseTest - Driver started for thread 25
2026-08-17 21:35:41 [TestNG-tests-1] INFO  com.orangehrm.BaseTest - TC02 - login with invalid credentials: Admin
2026-08-17 21:35:41 [TestNG-tests-3] INFO  com.orangehrm.BaseTest - Logged in as Admin
2026-08-17 21:35:44 [TestNG-tests-2] INFO  com.orangehrm.BaseTest - Logged in as Admin
2026-08-17 21:35:50 [TestNG-tests-1] INFO  com.orangehrm.BaseTest - Closing driver for thread 25
2026-08-17 21:35:51 [TestNG-tests-2] ERROR com.orangehrm.listeners.RetryAnalyzer - Test 'testSearchExistingEmployee' failed. Retry attempt 2 of 2
2026-08-17 21:35:51 [TestNG-tests-2] INFO  com.orangehrm.BaseTest - Closing driver for thread 26
2026-08-17 21:35:52 [TestNG-tests-1] INFO  com.orangehrm.BaseTest - Driver started for thread 25
2026-08-17 21:35:52 [TestNG-tests-1] INFO  com.orangehrm.BaseTest - TC02 - login with invalid credentials: admin!!
2026-08-17 21:35:54 [TestNG-tests-2] INFO  com.orangehrm.BaseTest - Driver started for thread 26
2026-08-17 21:35:54 [TestNG-tests-2] INFO  com.orangehrm.BaseTest - TC04 - searching for existing employee: Odis Adalwin
2026-08-17 21:35:55 [TestNG-tests-3] INFO  com.orangehrm.BaseTest - Closing driver for thread 27
2026-08-17 21:35:57 [TestNG-tests-3] INFO  com.orangehrm.BaseTest - Driver started for thread 27
2026-08-17 21:35:57 [TestNG-tests-3] INFO  com.orangehrm.BaseTest - TC11 - verifying the sidebar menu items
2026-08-17 21:36:01 [TestNG-tests-1] INFO  com.orangehrm.BaseTest - Closing driver for thread 25
2026-08-17 21:36:03 [TestNG-tests-1] INFO  com.orangehrm.BaseTest - Driver started for thread 25
2026-08-17 21:36:03 [TestNG-tests-1] INFO  com.orangehrm.BaseTest - TC01 - login with valid credentials: Admin
2026-08-17 21:36:03 [TestNG-tests-2] INFO  com.orangehrm.BaseTest - Logged in as Admin
2026-08-17 21:36:05 [TestNG-tests-3] INFO  com.orangehrm.BaseTest - Logged in as Admin
2026-08-17 21:36:09 [TestNG-tests-3] INFO  com.orangehrm.BaseTest - Closing driver for thread 27
2026-08-17 21:36:12 [TestNG-tests-2] INFO  com.orangehrm.BaseTest - Closing driver for thread 26
2026-08-17 21:36:12 [TestNG-tests-1] INFO  com.orangehrm.BaseTest - Closing driver for thread 25
2026-08-17 21:36:14 [TestNG-tests-2] INFO  com.orangehrm.BaseTest - Driver started for thread 26
2026-08-17 21:36:14 [TestNG-tests-2] INFO  com.orangehrm.BaseTest - TC04 - searching for existing employee: Charlie Carter
2026-08-17 21:36:17 [TestNG-tests-2] INFO  com.orangehrm.BaseTest - Logged in as Admin
2026-08-17 21:36:22 [TestNG-tests-2] ERROR com.orangehrm.listeners.RetryAnalyzer - Test 'testSearchExistingEmployee' failed. Retry attempt 1 of 2
2026-08-17 21:36:22 [TestNG-tests-2] INFO  com.orangehrm.BaseTest - Closing driver for thread 26
2026-08-17 21:36:24 [TestNG-tests-2] INFO  com.orangehrm.BaseTest - Driver started for thread 26
2026-08-17 21:36:24 [TestNG-tests-2] INFO  com.orangehrm.BaseTest - TC04 - searching for existing employee: Charlie Carter
2026-08-17 21:36:28 [TestNG-tests-2] INFO  com.orangehrm.BaseTest - Logged in as Admin
2026-08-17 21:36:33 [TestNG-tests-2] ERROR com.orangehrm.listeners.RetryAnalyzer - Test 'testSearchExistingEmployee' failed. Retry attempt 2 of 2
2026-08-17 21:36:33 [TestNG-tests-2] INFO  com.orangehrm.BaseTest - Closing driver for thread 26
2026-08-17 21:36:34 [TestNG-tests-2] INFO  com.orangehrm.BaseTest - Driver started for thread 26
2026-08-17 21:36:34 [TestNG-tests-2] INFO  com.orangehrm.BaseTest - TC04 - searching for existing employee: Charlie Carter
2026-08-17 21:36:38 [TestNG-tests-2] INFO  com.orangehrm.BaseTest - Logged in as Admin
2026-08-17 21:36:43 [TestNG-tests-2] INFO  com.orangehrm.BaseTest - Closing driver for thread 26
2026-08-17 21:36:44 [TestNG-tests-2] INFO  com.orangehrm.BaseTest - Driver started for thread 26
2026-08-17 21:36:44 [TestNG-tests-2] INFO  com.orangehrm.BaseTest - TC05 - searching for non-existing employee: Zzqx Notreal
2026-08-17 21:36:49 [TestNG-tests-2] INFO  com.orangehrm.BaseTest - Logged in as Admin
2026-08-17 21:36:53 [TestNG-tests-2] INFO  com.orangehrm.BaseTest - Closing driver for thread 26
2026-08-17 21:36:55 [TestNG-tests-2] INFO  com.orangehrm.BaseTest - Driver started for thread 26
2026-08-17 21:36:55 [TestNG-tests-2] INFO  com.orangehrm.BaseTest - TC05 - searching for non-existing employee: Ghost Employee 999
2026-08-17 21:36:58 [TestNG-tests-2] INFO  com.orangehrm.BaseTest - Logged in as Admin
2026-08-17 21:37:03 [TestNG-tests-2] INFO  com.orangehrm.BaseTest - Closing driver for thread 26
2026-08-17 21:37:04 [TestNG-tests-2] INFO  com.orangehrm.BaseTest - Driver started for thread 26
2026-08-17 21:37:04 [TestNG-tests-2] INFO  com.orangehrm.BaseTest - TC08 - creating employee Nada Tester823217
2026-08-17 21:37:09 [TestNG-tests-2] INFO  com.orangehrm.BaseTest - Logged in as Admin
2026-08-17 21:37:17 [TestNG-tests-2] ERROR com.orangehrm.listeners.RetryAnalyzer - Test 'testAddEmployeeEndToEnd' failed. Retry attempt 1 of 2
2026-08-17 21:37:17 [TestNG-tests-2] INFO  com.orangehrm.BaseTest - Closing driver for thread 26
2026-08-17 21:37:19 [TestNG-tests-2] INFO  com.orangehrm.BaseTest - Driver started for thread 26
2026-08-17 21:37:19 [TestNG-tests-2] INFO  com.orangehrm.BaseTest - TC08 - creating employee Nada Tester823217
2026-08-17 21:37:23 [TestNG-tests-2] INFO  com.orangehrm.BaseTest - Logged in as Admin
2026-08-17 21:37:31 [TestNG-tests-2] ERROR com.orangehrm.listeners.RetryAnalyzer - Test 'testAddEmployeeEndToEnd' failed. Retry attempt 2 of 2
2026-08-17 21:37:31 [TestNG-tests-2] INFO  com.orangehrm.BaseTest - Closing driver for thread 26
2026-08-17 21:37:33 [TestNG-tests-2] INFO  com.orangehrm.BaseTest - Driver started for thread 26
2026-08-17 21:37:33 [TestNG-tests-2] INFO  com.orangehrm.BaseTest - TC08 - creating employee Nada Tester823217
2026-08-17 21:37:37 [TestNG-tests-2] INFO  com.orangehrm.BaseTest - Logged in as Admin
2026-08-17 21:37:50 [TestNG-tests-2] INFO  com.orangehrm.BaseTest - Closing driver for thread 26
2026-08-17 21:37:52 [TestNG-tests-2] INFO  com.orangehrm.BaseTest - Driver started for thread 26
2026-08-17 21:37:52 [TestNG-tests-2] INFO  com.orangehrm.BaseTest - TC07 - saving an employee without a first name
2026-08-17 21:37:56 [TestNG-tests-2] INFO  com.orangehrm.BaseTest - Logged in as Admin
2026-08-17 21:38:01 [TestNG-tests-2] INFO  com.orangehrm.BaseTest - Closing driver for thread 26
2026-08-17 21:38:03 [TestNG-tests-2] INFO  com.orangehrm.BaseTest - Driver started for thread 26
2026-08-17 21:38:03 [TestNG-tests-2] INFO  com.orangehrm.BaseTest - TC06 - opening the Add Employee page
2026-08-17 21:38:07 [TestNG-tests-2] INFO  com.orangehrm.BaseTest - Logged in as Admin
2026-08-17 21:38:11 [TestNG-tests-2] INFO  com.orangehrm.BaseTest - Closing driver for thread 26
2026-08-17 21:38:47 [TestNG-tests-3] INFO  com.orangehrm.BaseTest - Driver started for thread 26
2026-08-17 21:38:47 [TestNG-tests-1] INFO  com.orangehrm.BaseTest - Driver started for thread 24
2026-08-17 21:38:47 [TestNG-tests-2] INFO  com.orangehrm.BaseTest - Driver started for thread 25
2026-08-17 21:38:47 [TestNG-tests-3] INFO  com.orangehrm.BaseTest - TC09 - verifying the Add User form fields
2026-08-17 21:38:47 [TestNG-tests-2] INFO  com.orangehrm.BaseTest - TC04 - searching for existing employee: Odis Adalwin
2026-08-17 21:38:47 [TestNG-tests-1] INFO  com.orangehrm.BaseTest - TC03 - login with empty fields
2026-08-17 21:38:55 [TestNG-tests-3] INFO  com.orangehrm.BaseTest - Logged in as Admin
2026-08-17 21:38:55 [TestNG-tests-2] INFO  com.orangehrm.BaseTest - Logged in as Admin
2026-08-17 21:38:58 [TestNG-tests-1] INFO  com.orangehrm.BaseTest - Closing driver for thread 24
2026-08-17 21:39:01 [TestNG-tests-1] INFO  com.orangehrm.BaseTest - Driver started for thread 24
2026-08-17 21:39:01 [TestNG-tests-1] INFO  com.orangehrm.BaseTest - TC02 - login with invalid credentials: WrongUser
2026-08-17 21:39:06 [TestNG-tests-3] INFO  com.orangehrm.BaseTest - Closing driver for thread 26
2026-08-17 21:39:08 [TestNG-tests-3] INFO  com.orangehrm.BaseTest - Driver started for thread 26
2026-08-17 21:39:08 [TestNG-tests-3] INFO  com.orangehrm.BaseTest - TC10 - verifying the footer branding link
2026-08-17 21:39:09 [TestNG-tests-2] ERROR com.orangehrm.listeners.RetryAnalyzer - Test 'testSearchExistingEmployee' failed. Retry attempt 1 of 2
2026-08-17 21:39:09 [TestNG-tests-2] INFO  com.orangehrm.BaseTest - Closing driver for thread 25
2026-08-17 21:39:11 [TestNG-tests-2] INFO  com.orangehrm.BaseTest - Driver started for thread 25
2026-08-17 21:39:11 [TestNG-tests-2] INFO  com.orangehrm.BaseTest - TC04 - searching for existing employee: Odis Adalwin
2026-08-17 21:39:12 [TestNG-tests-1] INFO  com.orangehrm.BaseTest - Closing driver for thread 24
2026-08-17 21:39:13 [TestNG-tests-3] INFO  com.orangehrm.BaseTest - Logged in as Admin
2026-08-17 21:39:16 [TestNG-tests-1] INFO  com.orangehrm.BaseTest - Driver started for thread 24
2026-08-17 21:39:16 [TestNG-tests-1] INFO  com.orangehrm.BaseTest - TC02 - login with invalid credentials: Admin
2026-08-17 21:39:17 [TestNG-tests-2] INFO  com.orangehrm.BaseTest - Logged in as Admin
2026-08-17 21:39:23 [TestNG-tests-2] ERROR com.orangehrm.listeners.RetryAnalyzer - Test 'testSearchExistingEmployee' failed. Retry attempt 2 of 2
2026-08-17 21:39:23 [TestNG-tests-2] INFO  com.orangehrm.BaseTest - Closing driver for thread 25
2026-08-17 21:39:23 [TestNG-tests-1] INFO  com.orangehrm.BaseTest - Closing driver for thread 24
2026-08-17 21:39:25 [TestNG-tests-3] INFO  com.orangehrm.BaseTest - Closing driver for thread 26
2026-08-17 21:39:26 [TestNG-tests-1] INFO  com.orangehrm.BaseTest - Driver started for thread 24
2026-08-17 21:39:26 [TestNG-tests-1] INFO  com.orangehrm.BaseTest - TC02 - login with invalid credentials: admin!!
2026-08-17 21:39:26 [TestNG-tests-2] INFO  com.orangehrm.BaseTest - Driver started for thread 25
2026-08-17 21:39:26 [TestNG-tests-2] INFO  com.orangehrm.BaseTest - TC04 - searching for existing employee: Odis Adalwin
2026-08-17 21:39:29 [TestNG-tests-3] INFO  com.orangehrm.BaseTest - Driver started for thread 26
2026-08-17 21:39:29 [TestNG-tests-3] INFO  com.orangehrm.BaseTest - TC11 - verifying the sidebar menu items
2026-08-17 21:39:33 [TestNG-tests-1] INFO  com.orangehrm.BaseTest - Closing driver for thread 24
2026-08-17 21:39:33 [TestNG-tests-2] INFO  com.orangehrm.BaseTest - Logged in as Admin
2026-08-17 21:39:35 [TestNG-tests-1] INFO  com.orangehrm.BaseTest - Driver started for thread 24
2026-08-17 21:39:35 [TestNG-tests-1] INFO  com.orangehrm.BaseTest - TC01 - login with valid credentials: Admin
2026-08-17 21:39:36 [TestNG-tests-3] INFO  com.orangehrm.BaseTest - Logged in as Admin
2026-08-17 21:39:39 [TestNG-tests-3] INFO  com.orangehrm.BaseTest - Closing driver for thread 26
2026-08-17 21:39:40 [TestNG-tests-2] INFO  com.orangehrm.BaseTest - Closing driver for thread 25
2026-08-17 21:39:42 [TestNG-tests-2] INFO  com.orangehrm.BaseTest - Driver started for thread 25
2026-08-17 21:39:42 [TestNG-tests-2] INFO  com.orangehrm.BaseTest - TC04 - searching for existing employee: Charlie Carter
2026-08-17 21:39:42 [TestNG-tests-1] INFO  com.orangehrm.BaseTest - Closing driver for thread 24
2026-08-17 21:39:46 [TestNG-tests-2] INFO  com.orangehrm.BaseTest - Logged in as Admin
2026-08-17 21:39:50 [TestNG-tests-2] ERROR com.orangehrm.listeners.RetryAnalyzer - Test 'testSearchExistingEmployee' failed. Retry attempt 1 of 2
2026-08-17 21:39:50 [TestNG-tests-2] INFO  com.orangehrm.BaseTest - Closing driver for thread 25
2026-08-17 21:39:52 [TestNG-tests-2] INFO  com.orangehrm.BaseTest - Driver started for thread 25
2026-08-17 21:39:52 [TestNG-tests-2] INFO  com.orangehrm.BaseTest - TC04 - searching for existing employee: Charlie Carter
2026-08-17 21:39:57 [TestNG-tests-2] INFO  com.orangehrm.BaseTest - Logged in as Admin
2026-08-17 21:40:02 [TestNG-tests-2] ERROR com.orangehrm.listeners.RetryAnalyzer - Test 'testSearchExistingEmployee' failed. Retry attempt 2 of 2
2026-08-17 21:40:02 [TestNG-tests-2] INFO  com.orangehrm.BaseTest - Closing driver for thread 25
2026-08-17 21:40:03 [TestNG-tests-2] INFO  com.orangehrm.BaseTest - Driver started for thread 25
2026-08-17 21:40:03 [TestNG-tests-2] INFO  com.orangehrm.BaseTest - TC04 - searching for existing employee: Charlie Carter
2026-08-17 21:40:07 [TestNG-tests-2] INFO  com.orangehrm.BaseTest - Logged in as Admin
2026-08-17 21:40:12 [TestNG-tests-2] INFO  com.orangehrm.BaseTest - Closing driver for thread 25
2026-08-17 21:40:13 [TestNG-tests-2] INFO  com.orangehrm.BaseTest - Driver started for thread 25
2026-08-17 21:40:13 [TestNG-tests-2] INFO  com.orangehrm.BaseTest - TC05 - searching for non-existing employee: Zzqx Notreal
2026-08-17 21:40:17 [TestNG-tests-2] INFO  com.orangehrm.BaseTest - Logged in as Admin
2026-08-17 21:40:22 [TestNG-tests-2] INFO  com.orangehrm.BaseTest - Closing driver for thread 25
2026-08-17 21:40:24 [TestNG-tests-2] INFO  com.orangehrm.BaseTest - Driver started for thread 25
2026-08-17 21:40:24 [TestNG-tests-2] INFO  com.orangehrm.BaseTest - TC05 - searching for non-existing employee: Ghost Employee 999
2026-08-17 21:40:28 [TestNG-tests-2] INFO  com.orangehrm.BaseTest - Logged in as Admin
2026-08-17 21:40:33 [TestNG-tests-2] INFO  com.orangehrm.BaseTest - Closing driver for thread 25
2026-08-17 21:40:35 [TestNG-tests-2] INFO  com.orangehrm.BaseTest - Driver started for thread 25
2026-08-17 21:40:35 [TestNG-tests-2] INFO  com.orangehrm.BaseTest - TC08 - creating employee Nada Tester034080
2026-08-17 21:40:39 [TestNG-tests-2] INFO  com.orangehrm.BaseTest - Logged in as Admin
2026-08-17 21:40:49 [TestNG-tests-2] ERROR com.orangehrm.listeners.RetryAnalyzer - Test 'testAddEmployeeEndToEnd' failed. Retry attempt 1 of 2
2026-08-17 21:40:49 [TestNG-tests-2] INFO  com.orangehrm.BaseTest - Closing driver for thread 25
2026-08-17 21:40:51 [TestNG-tests-2] INFO  com.orangehrm.BaseTest - Driver started for thread 25
2026-08-17 21:40:51 [TestNG-tests-2] INFO  com.orangehrm.BaseTest - TC08 - creating employee Nada Tester034080
2026-08-17 21:40:55 [TestNG-tests-2] INFO  com.orangehrm.BaseTest - Logged in as Admin
2026-08-17 21:41:03 [TestNG-tests-2] ERROR com.orangehrm.listeners.RetryAnalyzer - Test 'testAddEmployeeEndToEnd' failed. Retry attempt 2 of 2
2026-08-17 21:41:03 [TestNG-tests-2] INFO  com.orangehrm.BaseTest - Closing driver for thread 25
2026-08-17 21:41:05 [TestNG-tests-2] INFO  com.orangehrm.BaseTest - Driver started for thread 25
2026-08-17 21:41:05 [TestNG-tests-2] INFO  com.orangehrm.BaseTest - TC08 - creating employee Nada Tester034080
2026-08-17 21:41:08 [TestNG-tests-2] INFO  com.orangehrm.BaseTest - Logged in as Admin
2026-08-17 21:41:17 [TestNG-tests-2] INFO  com.orangehrm.BaseTest - Closing driver for thread 25
2026-08-17 21:41:18 [TestNG-tests-2] INFO  com.orangehrm.BaseTest - Driver started for thread 25
2026-08-17 21:41:18 [TestNG-tests-2] INFO  com.orangehrm.BaseTest - TC07 - saving an employee without a first name
2026-08-17 21:41:22 [TestNG-tests-2] INFO  com.orangehrm.BaseTest - Logged in as Admin
2026-08-17 21:41:28 [TestNG-tests-2] INFO  com.orangehrm.BaseTest - Closing driver for thread 25
2026-08-17 21:41:29 [TestNG-tests-2] INFO  com.orangehrm.BaseTest - Driver started for thread 25
2026-08-17 21:41:29 [TestNG-tests-2] INFO  com.orangehrm.BaseTest - TC06 - opening the Add Employee page
2026-08-17 21:41:33 [TestNG-tests-2] INFO  com.orangehrm.BaseTest - Logged in as Admin
2026-08-17 21:41:38 [TestNG-tests-2] INFO  com.orangehrm.BaseTest - Closing driver for thread 25
2026-08-17 21:45:24 [TestNG-tests-2] INFO  com.orangehrm.BaseTest - Driver started for thread 26
2026-08-17 21:45:24 [TestNG-tests-1] INFO  com.orangehrm.BaseTest - Driver started for thread 25
2026-08-17 21:45:24 [TestNG-tests-3] INFO  com.orangehrm.BaseTest - Driver started for thread 27
2026-08-17 21:45:25 [TestNG-tests-3] INFO  com.orangehrm.BaseTest - TC09 - verifying the Add User form fields
2026-08-17 21:45:25 [TestNG-tests-2] INFO  com.orangehrm.BaseTest - TC04 - searching for existing employee: Odis Adalwin
2026-08-17 21:45:25 [TestNG-tests-1] INFO  com.orangehrm.BaseTest - TC03 - login with empty fields
2026-08-17 21:45:34 [TestNG-tests-2] INFO  com.orangehrm.BaseTest - Logged in as Admin
2026-08-17 21:45:36 [TestNG-tests-1] INFO  com.orangehrm.BaseTest - Closing driver for thread 25
2026-08-17 21:45:36 [TestNG-tests-3] INFO  com.orangehrm.BaseTest - Logged in as Admin
2026-08-17 21:45:38 [TestNG-tests-1] INFO  com.orangehrm.BaseTest - Driver started for thread 25
2026-08-17 21:45:38 [TestNG-tests-1] INFO  com.orangehrm.BaseTest - TC02 - login with invalid credentials: WrongUser
2026-08-17 21:45:43 [TestNG-tests-2] ERROR com.orangehrm.listeners.RetryAnalyzer - Test 'testSearchExistingEmployee' failed. Retry attempt 1 of 2
2026-08-17 21:45:43 [TestNG-tests-2] INFO  com.orangehrm.BaseTest - Closing driver for thread 26
2026-08-17 21:45:44 [TestNG-tests-3] INFO  com.orangehrm.BaseTest - Closing driver for thread 27
2026-08-17 21:45:45 [TestNG-tests-2] INFO  com.orangehrm.BaseTest - Driver started for thread 26
2026-08-17 21:45:45 [TestNG-tests-2] INFO  com.orangehrm.BaseTest - TC04 - searching for existing employee: Odis Adalwin
2026-08-17 21:45:46 [TestNG-tests-3] INFO  com.orangehrm.BaseTest - Driver started for thread 27
2026-08-17 21:45:46 [TestNG-tests-3] INFO  com.orangehrm.BaseTest - TC10 - verifying the footer branding link
2026-08-17 21:45:48 [TestNG-tests-1] INFO  com.orangehrm.BaseTest - Closing driver for thread 25
2026-08-17 21:45:50 [TestNG-tests-1] INFO  com.orangehrm.BaseTest - Driver started for thread 25
2026-08-17 21:45:50 [TestNG-tests-1] INFO  com.orangehrm.BaseTest - TC02 - login with invalid credentials: Admin
2026-08-17 21:45:51 [TestNG-tests-2] INFO  com.orangehrm.BaseTest - Logged in as Admin
2026-08-17 21:45:57 [TestNG-tests-2] ERROR com.orangehrm.listeners.RetryAnalyzer - Test 'testSearchExistingEmployee' failed. Retry attempt 2 of 2
2026-08-17 21:45:57 [TestNG-tests-2] INFO  com.orangehrm.BaseTest - Closing driver for thread 26
2026-08-17 21:45:57 [TestNG-tests-3] INFO  com.orangehrm.BaseTest - Logged in as Admin
2026-08-17 21:45:59 [TestNG-tests-2] INFO  com.orangehrm.BaseTest - Driver started for thread 26
2026-08-17 21:45:59 [TestNG-tests-2] INFO  com.orangehrm.BaseTest - TC04 - searching for existing employee: Odis Adalwin
2026-08-17 21:46:01 [TestNG-tests-1] INFO  com.orangehrm.BaseTest - Closing driver for thread 25
2026-08-17 21:46:03 [TestNG-tests-1] INFO  com.orangehrm.BaseTest - Driver started for thread 25
2026-08-17 21:46:03 [TestNG-tests-1] INFO  com.orangehrm.BaseTest - TC02 - login with invalid credentials: admin!!
2026-08-17 21:46:07 [TestNG-tests-2] INFO  com.orangehrm.BaseTest - Logged in as Admin
2026-08-17 21:46:13 [TestNG-tests-3] INFO  com.orangehrm.BaseTest - Closing driver for thread 27
2026-08-17 21:46:15 [TestNG-tests-2] INFO  com.orangehrm.BaseTest - Closing driver for thread 26
2026-08-17 21:46:15 [TestNG-tests-3] INFO  com.orangehrm.BaseTest - Driver started for thread 27
2026-08-17 21:46:16 [TestNG-tests-3] INFO  com.orangehrm.BaseTest - TC11 - verifying the sidebar menu items
2026-08-17 21:46:17 [TestNG-tests-1] INFO  com.orangehrm.BaseTest - Closing driver for thread 25
2026-08-17 21:46:18 [TestNG-tests-2] INFO  com.orangehrm.BaseTest - Driver started for thread 26
2026-08-17 21:46:18 [TestNG-tests-2] INFO  com.orangehrm.BaseTest - TC04 - searching for existing employee: Charlie Carter
2026-08-17 21:46:19 [TestNG-tests-1] INFO  com.orangehrm.BaseTest - Driver started for thread 25
2026-08-17 21:46:19 [TestNG-tests-1] INFO  com.orangehrm.BaseTest - TC01 - login with valid credentials: Admin
2026-08-17 21:46:20 [TestNG-tests-3] INFO  com.orangehrm.BaseTest - Logged in as Admin
2026-08-17 21:46:22 [TestNG-tests-3] INFO  com.orangehrm.BaseTest - Closing driver for thread 27
2026-08-17 21:46:26 [TestNG-tests-2] INFO  com.orangehrm.BaseTest - Logged in as Admin
2026-08-17 21:46:29 [TestNG-tests-1] INFO  com.orangehrm.BaseTest - Closing driver for thread 25
2026-08-17 21:46:31 [TestNG-tests-2] ERROR com.orangehrm.listeners.RetryAnalyzer - Test 'testSearchExistingEmployee' failed. Retry attempt 1 of 2
2026-08-17 21:46:31 [TestNG-tests-2] INFO  com.orangehrm.BaseTest - Closing driver for thread 26
2026-08-17 21:46:33 [TestNG-tests-2] INFO  com.orangehrm.BaseTest - Driver started for thread 26
2026-08-17 21:46:33 [TestNG-tests-2] INFO  com.orangehrm.BaseTest - TC04 - searching for existing employee: Charlie Carter
2026-08-17 21:46:37 [TestNG-tests-2] INFO  com.orangehrm.BaseTest - Logged in as Admin
2026-08-17 21:46:41 [TestNG-tests-2] ERROR com.orangehrm.listeners.RetryAnalyzer - Test 'testSearchExistingEmployee' failed. Retry attempt 2 of 2
2026-08-17 21:46:41 [TestNG-tests-2] INFO  com.orangehrm.BaseTest - Closing driver for thread 26
2026-08-17 21:46:43 [TestNG-tests-2] INFO  com.orangehrm.BaseTest - Driver started for thread 26
2026-08-17 21:46:43 [TestNG-tests-2] INFO  com.orangehrm.BaseTest - TC04 - searching for existing employee: Charlie Carter
2026-08-17 21:46:47 [TestNG-tests-2] INFO  com.orangehrm.BaseTest - Logged in as Admin
2026-08-17 21:46:51 [TestNG-tests-2] INFO  com.orangehrm.BaseTest - Closing driver for thread 26
2026-08-17 21:46:53 [TestNG-tests-2] INFO  com.orangehrm.BaseTest - Driver started for thread 26
2026-08-17 21:46:53 [TestNG-tests-2] INFO  com.orangehrm.BaseTest - TC05 - searching for non-existing employee: Zzqx Notreal
2026-08-17 21:46:57 [TestNG-tests-2] INFO  com.orangehrm.BaseTest - Logged in as Admin
2026-08-17 21:47:02 [TestNG-tests-2] INFO  com.orangehrm.BaseTest - Closing driver for thread 26
2026-08-17 21:47:04 [TestNG-tests-2] INFO  com.orangehrm.BaseTest - Driver started for thread 26
2026-08-17 21:47:04 [TestNG-tests-2] INFO  com.orangehrm.BaseTest - TC05 - searching for non-existing employee: Ghost Employee 999
2026-08-17 21:47:08 [TestNG-tests-2] INFO  com.orangehrm.BaseTest - Logged in as Admin
2026-08-17 21:47:12 [TestNG-tests-2] INFO  com.orangehrm.BaseTest - Closing driver for thread 26
2026-08-17 21:47:14 [TestNG-tests-2] INFO  com.orangehrm.BaseTest - Driver started for thread 26
2026-08-17 21:47:14 [TestNG-tests-2] INFO  com.orangehrm.BaseTest - TC08 - creating employee Nada Tester432831
2026-08-17 21:47:18 [TestNG-tests-2] INFO  com.orangehrm.BaseTest - Logged in as Admin
2026-08-17 21:47:26 [TestNG-tests-2] ERROR com.orangehrm.listeners.RetryAnalyzer - Test 'testAddEmployeeEndToEnd' failed. Retry attempt 1 of 2
2026-08-17 21:47:26 [TestNG-tests-2] INFO  com.orangehrm.BaseTest - Closing driver for thread 26
2026-08-17 21:47:28 [TestNG-tests-2] INFO  com.orangehrm.BaseTest - Driver started for thread 26
2026-08-17 21:47:28 [TestNG-tests-2] INFO  com.orangehrm.BaseTest - TC08 - creating employee Nada Tester432831
2026-08-17 21:47:32 [TestNG-tests-2] INFO  com.orangehrm.BaseTest - Logged in as Admin
2026-08-17 21:47:40 [TestNG-tests-2] ERROR com.orangehrm.listeners.RetryAnalyzer - Test 'testAddEmployeeEndToEnd' failed. Retry attempt 2 of 2
2026-08-17 21:47:40 [TestNG-tests-2] INFO  com.orangehrm.BaseTest - Closing driver for thread 26
2026-08-17 21:47:42 [TestNG-tests-2] INFO  com.orangehrm.BaseTest - Driver started for thread 26
2026-08-17 21:47:42 [TestNG-tests-2] INFO  com.orangehrm.BaseTest - TC08 - creating employee Nada Tester432831
2026-08-17 21:47:46 [TestNG-tests-2] INFO  com.orangehrm.BaseTest - Logged in as Admin
2026-08-17 21:47:54 [TestNG-tests-2] INFO  com.orangehrm.BaseTest - Closing driver for thread 26
2026-08-17 21:47:56 [TestNG-tests-2] INFO  com.orangehrm.BaseTest - Driver started for thread 26
2026-08-17 21:47:56 [TestNG-tests-2] INFO  com.orangehrm.BaseTest - TC07 - saving an employee without a first name
2026-08-17 21:48:00 [TestNG-tests-2] INFO  com.orangehrm.BaseTest - Logged in as Admin
2026-08-17 21:48:05 [TestNG-tests-2] INFO  com.orangehrm.BaseTest - Closing driver for thread 26
2026-08-17 21:48:07 [TestNG-tests-2] INFO  com.orangehrm.BaseTest - Driver started for thread 26
2026-08-17 21:48:07 [TestNG-tests-2] INFO  com.orangehrm.BaseTest - TC06 - opening the Add Employee page
2026-08-17 21:48:10 [TestNG-tests-2] INFO  com.orangehrm.BaseTest - Logged in as Admin
2026-08-17 21:48:14 [TestNG-tests-2] INFO  com.orangehrm.BaseTest - Closing driver for thread 26
2026-08-17 21:52:48 [TestNG-tests-1] INFO  com.orangehrm.BaseTest - Driver started for thread 24
2026-08-17 21:52:48 [TestNG-tests-3] INFO  com.orangehrm.BaseTest - Driver started for thread 26
2026-08-17 21:52:48 [TestNG-tests-2] INFO  com.orangehrm.BaseTest - Driver started for thread 25
2026-08-17 21:52:48 [TestNG-tests-2] INFO  com.orangehrm.BaseTest - TC04 - searching for existing employee: Odis Adalwin
2026-08-17 21:52:48 [TestNG-tests-3] INFO  com.orangehrm.BaseTest - TC09 - verifying the Add User form fields
2026-08-17 21:52:48 [TestNG-tests-1] INFO  com.orangehrm.BaseTest - TC03 - login with empty fields
2026-08-17 21:52:57 [TestNG-tests-1] INFO  com.orangehrm.BaseTest - Closing driver for thread 24
2026-08-17 21:52:57 [TestNG-tests-2] INFO  com.orangehrm.BaseTest - Logged in as Admin
2026-08-17 21:52:58 [TestNG-tests-3] INFO  com.orangehrm.BaseTest - Logged in as Admin
2026-08-17 21:52:59 [TestNG-tests-1] INFO  com.orangehrm.BaseTest - Driver started for thread 24
2026-08-17 21:52:59 [TestNG-tests-1] INFO  com.orangehrm.BaseTest - TC02 - login with invalid credentials: WrongUser
2026-08-17 21:53:04 [TestNG-tests-3] INFO  com.orangehrm.BaseTest - Closing driver for thread 26
2026-08-17 21:53:04 [TestNG-tests-2] ERROR com.orangehrm.listeners.RetryAnalyzer - Test 'testSearchExistingEmployee' failed. Retry attempt 1 of 2
2026-08-17 21:53:04 [TestNG-tests-2] INFO  com.orangehrm.BaseTest - Closing driver for thread 25
2026-08-17 21:53:07 [TestNG-tests-2] INFO  com.orangehrm.BaseTest - Driver started for thread 25
2026-08-17 21:53:07 [TestNG-tests-2] INFO  com.orangehrm.BaseTest - TC04 - searching for existing employee: Odis Adalwin
2026-08-17 21:53:07 [TestNG-tests-3] INFO  com.orangehrm.BaseTest - Driver started for thread 26
2026-08-17 21:53:07 [TestNG-tests-3] INFO  com.orangehrm.BaseTest - TC10 - verifying the footer branding link
2026-08-17 21:53:09 [TestNG-tests-1] INFO  com.orangehrm.BaseTest - Closing driver for thread 24
2026-08-17 21:53:11 [TestNG-tests-1] INFO  com.orangehrm.BaseTest - Driver started for thread 24
2026-08-17 21:53:11 [TestNG-tests-1] INFO  com.orangehrm.BaseTest - TC02 - login with invalid credentials: Admin
2026-08-17 21:53:14 [TestNG-tests-2] INFO  com.orangehrm.BaseTest - Logged in as Admin
2026-08-17 21:53:16 [TestNG-tests-3] INFO  com.orangehrm.BaseTest - Logged in as Admin
2026-08-17 21:53:21 [TestNG-tests-2] ERROR com.orangehrm.listeners.RetryAnalyzer - Test 'testSearchExistingEmployee' failed. Retry attempt 2 of 2
2026-08-17 21:53:21 [TestNG-tests-2] INFO  com.orangehrm.BaseTest - Closing driver for thread 25
2026-08-17 21:53:21 [TestNG-tests-1] INFO  com.orangehrm.BaseTest - Closing driver for thread 24
2026-08-17 21:53:23 [TestNG-tests-2] INFO  com.orangehrm.BaseTest - Driver started for thread 25
2026-08-17 21:53:23 [TestNG-tests-2] INFO  com.orangehrm.BaseTest - TC04 - searching for existing employee: Odis Adalwin
2026-08-17 21:53:23 [TestNG-tests-1] INFO  com.orangehrm.BaseTest - Driver started for thread 24
2026-08-17 21:53:23 [TestNG-tests-1] INFO  com.orangehrm.BaseTest - TC02 - login with invalid credentials: admin!!
2026-08-17 21:53:31 [TestNG-tests-3] INFO  com.orangehrm.BaseTest - Closing driver for thread 26
2026-08-17 21:53:33 [TestNG-tests-3] INFO  com.orangehrm.BaseTest - Driver started for thread 26
2026-08-17 21:53:33 [TestNG-tests-3] INFO  com.orangehrm.BaseTest - TC11 - verifying the sidebar menu items
2026-08-17 21:53:49 [TestNG-tests-2] INFO  com.orangehrm.BaseTest - Logged in as Admin
2026-08-17 21:53:52 [TestNG-tests-1] INFO  com.orangehrm.BaseTest - Closing driver for thread 24
2026-08-17 21:53:54 [TestNG-tests-1] INFO  com.orangehrm.BaseTest - Driver started for thread 24
2026-08-17 21:53:54 [TestNG-tests-1] INFO  com.orangehrm.BaseTest - TC01 - login with valid credentials: Admin
2026-08-17 21:53:56 [TestNG-tests-3] INFO  com.orangehrm.BaseTest - Logged in as Admin
2026-08-17 21:53:58 [TestNG-tests-3] INFO  com.orangehrm.BaseTest - Closing driver for thread 26
2026-08-17 21:53:59 [TestNG-tests-2] INFO  com.orangehrm.BaseTest - Closing driver for thread 25
2026-08-17 21:54:01 [TestNG-tests-2] INFO  com.orangehrm.BaseTest - Driver started for thread 25
2026-08-17 21:54:01 [TestNG-tests-2] INFO  com.orangehrm.BaseTest - TC04 - searching for existing employee: Charlie Carter
2026-08-17 21:54:03 [TestNG-tests-1] INFO  com.orangehrm.BaseTest - Closing driver for thread 24
2026-08-17 21:54:12 [TestNG-tests-2] INFO  com.orangehrm.BaseTest - Logged in as Admin
2026-08-17 21:54:17 [TestNG-tests-2] ERROR com.orangehrm.listeners.RetryAnalyzer - Test 'testSearchExistingEmployee' failed. Retry attempt 1 of 2
2026-08-17 21:54:17 [TestNG-tests-2] INFO  com.orangehrm.BaseTest - Closing driver for thread 25
2026-08-17 21:54:19 [TestNG-tests-2] INFO  com.orangehrm.BaseTest - Driver started for thread 25
2026-08-17 21:54:19 [TestNG-tests-2] INFO  com.orangehrm.BaseTest - TC04 - searching for existing employee: Charlie Carter
2026-08-17 21:54:23 [TestNG-tests-2] INFO  com.orangehrm.BaseTest - Logged in as Admin
2026-08-17 21:54:29 [TestNG-tests-2] ERROR com.orangehrm.listeners.RetryAnalyzer - Test 'testSearchExistingEmployee' failed. Retry attempt 2 of 2
2026-08-17 21:54:29 [TestNG-tests-2] INFO  com.orangehrm.BaseTest - Closing driver for thread 25
2026-08-17 21:54:30 [TestNG-tests-2] INFO  com.orangehrm.BaseTest - Driver started for thread 25
2026-08-17 21:54:30 [TestNG-tests-2] INFO  com.orangehrm.BaseTest - TC04 - searching for existing employee: Charlie Carter
2026-08-17 21:54:35 [TestNG-tests-2] INFO  com.orangehrm.BaseTest - Logged in as Admin
2026-08-17 21:54:40 [TestNG-tests-2] INFO  com.orangehrm.BaseTest - Closing driver for thread 25
2026-08-17 21:54:41 [TestNG-tests-2] INFO  com.orangehrm.BaseTest - Driver started for thread 25
2026-08-17 21:54:41 [TestNG-tests-2] INFO  com.orangehrm.BaseTest - TC05 - searching for non-existing employee: Zzqx Notreal
2026-08-17 21:54:48 [TestNG-tests-2] INFO  com.orangehrm.BaseTest - Logged in as Admin
2026-08-17 21:55:03 [TestNG-tests-2] INFO  com.orangehrm.BaseTest - Closing driver for thread 25
2026-08-17 21:55:05 [TestNG-tests-2] INFO  com.orangehrm.BaseTest - Driver started for thread 25
2026-08-17 21:55:05 [TestNG-tests-2] INFO  com.orangehrm.BaseTest - TC05 - searching for non-existing employee: Ghost Employee 999
2026-08-17 21:55:09 [TestNG-tests-2] INFO  com.orangehrm.BaseTest - Logged in as Admin
2026-08-17 21:55:13 [TestNG-tests-2] INFO  com.orangehrm.BaseTest - Closing driver for thread 25
2026-08-17 21:55:15 [TestNG-tests-2] INFO  com.orangehrm.BaseTest - Driver started for thread 25
2026-08-17 21:55:15 [TestNG-tests-2] INFO  com.orangehrm.BaseTest - TC08 - creating employee Nada Tester913706
2026-08-17 21:55:19 [TestNG-tests-2] INFO  com.orangehrm.BaseTest - Logged in as Admin
2026-08-17 21:55:32 [TestNG-tests-2] INFO  com.orangehrm.BaseTest - Closing driver for thread 25
2026-08-17 21:55:34 [TestNG-tests-2] INFO  com.orangehrm.BaseTest - Driver started for thread 25
2026-08-17 21:55:34 [TestNG-tests-2] INFO  com.orangehrm.BaseTest - TC07 - saving an employee without a first name
2026-08-17 21:55:38 [TestNG-tests-2] INFO  com.orangehrm.BaseTest - Logged in as Admin
2026-08-17 21:55:43 [TestNG-tests-2] INFO  com.orangehrm.BaseTest - Closing driver for thread 25
2026-08-17 21:55:44 [TestNG-tests-2] INFO  com.orangehrm.BaseTest - Driver started for thread 25
2026-08-17 21:55:44 [TestNG-tests-2] INFO  com.orangehrm.BaseTest - TC06 - opening the Add Employee page
2026-08-17 21:55:49 [TestNG-tests-2] INFO  com.orangehrm.BaseTest - Logged in as Admin
2026-08-17 21:55:53 [TestNG-tests-2] INFO  com.orangehrm.BaseTest - Closing driver for thread 25
2026-08-17 22:02:11 [TestNG-tests-1] INFO  com.orangehrm.BaseTest - Driver started for thread 25
2026-08-17 22:02:11 [TestNG-tests-2] INFO  com.orangehrm.BaseTest - Driver started for thread 26
2026-08-17 22:02:11 [TestNG-tests-3] INFO  com.orangehrm.BaseTest - Driver started for thread 27
2026-08-17 22:02:12 [TestNG-tests-1] INFO  com.orangehrm.BaseTest - TC03 - login with empty fields
2026-08-17 22:02:12 [TestNG-tests-3] INFO  com.orangehrm.BaseTest - TC09 - verifying the Add User form fields
2026-08-17 22:02:12 [TestNG-tests-2] INFO  com.orangehrm.BaseTest - TC04 - searching for existing employee: Odis Adalwin
2026-08-17 22:02:19 [TestNG-tests-1] INFO  com.orangehrm.BaseTest - Closing driver for thread 25
2026-08-17 22:02:21 [TestNG-tests-1] INFO  com.orangehrm.BaseTest - Driver started for thread 25
2026-08-17 22:02:21 [TestNG-tests-1] INFO  com.orangehrm.BaseTest - TC02 - login with invalid credentials: WrongUser
2026-08-17 22:02:22 [TestNG-tests-3] INFO  com.orangehrm.BaseTest - Logged in as Admin
2026-08-17 22:02:22 [TestNG-tests-2] INFO  com.orangehrm.BaseTest - Logged in as Admin
2026-08-17 22:02:29 [TestNG-tests-3] INFO  com.orangehrm.BaseTest - Closing driver for thread 27
2026-08-17 22:02:30 [TestNG-tests-2] ERROR com.orangehrm.listeners.RetryAnalyzer - Test 'testSearchExistingEmployee' failed. Retry attempt 1 of 2
2026-08-17 22:02:30 [TestNG-tests-2] INFO  com.orangehrm.BaseTest - Closing driver for thread 26
2026-08-17 22:02:31 [TestNG-tests-3] INFO  com.orangehrm.BaseTest - Driver started for thread 27
2026-08-17 22:02:31 [TestNG-tests-3] INFO  com.orangehrm.BaseTest - TC10 - verifying the footer branding link
2026-08-17 22:02:32 [TestNG-tests-2] INFO  com.orangehrm.BaseTest - Driver started for thread 26
2026-08-17 22:02:32 [TestNG-tests-2] INFO  com.orangehrm.BaseTest - TC04 - searching for existing employee: Odis Adalwin
2026-08-17 22:02:35 [TestNG-tests-1] INFO  com.orangehrm.BaseTest - Closing driver for thread 25
2026-08-17 22:02:36 [TestNG-tests-3] INFO  com.orangehrm.BaseTest - Logged in as Admin
2026-08-17 22:02:37 [TestNG-tests-1] INFO  com.orangehrm.BaseTest - Driver started for thread 25
2026-08-17 22:02:37 [TestNG-tests-1] INFO  com.orangehrm.BaseTest - TC02 - login with invalid credentials: Admin
2026-08-17 22:02:39 [TestNG-tests-2] INFO  com.orangehrm.BaseTest - Logged in as Admin
2026-08-17 22:02:46 [TestNG-tests-2] ERROR com.orangehrm.listeners.RetryAnalyzer - Test 'testSearchExistingEmployee' failed. Retry attempt 2 of 2
2026-08-17 22:02:46 [TestNG-tests-2] INFO  com.orangehrm.BaseTest - Closing driver for thread 26
2026-08-17 22:02:47 [TestNG-tests-1] INFO  com.orangehrm.BaseTest - Closing driver for thread 25
2026-08-17 22:02:48 [TestNG-tests-2] INFO  com.orangehrm.BaseTest - Driver started for thread 26
2026-08-17 22:02:48 [TestNG-tests-2] INFO  com.orangehrm.BaseTest - TC04 - searching for existing employee: Odis Adalwin
2026-08-17 22:02:50 [TestNG-tests-1] INFO  com.orangehrm.BaseTest - Driver started for thread 25
2026-08-17 22:02:50 [TestNG-tests-1] INFO  com.orangehrm.BaseTest - TC02 - login with invalid credentials: admin!!
2026-08-17 22:02:55 [TestNG-tests-2] INFO  com.orangehrm.BaseTest - Logged in as Admin
2026-08-17 22:03:00 [TestNG-tests-1] INFO  com.orangehrm.BaseTest - Closing driver for thread 25
2026-08-17 22:03:00 [TestNG-tests-2] INFO  com.orangehrm.BaseTest - Closing driver for thread 26
2026-08-17 22:03:03 [TestNG-tests-1] INFO  com.orangehrm.BaseTest - Driver started for thread 25
2026-08-17 22:03:03 [TestNG-tests-1] INFO  com.orangehrm.BaseTest - TC01 - login with valid credentials: Admin
2026-08-17 22:03:03 [TestNG-tests-2] INFO  com.orangehrm.BaseTest - Driver started for thread 26
2026-08-17 22:03:03 [TestNG-tests-2] INFO  com.orangehrm.BaseTest - TC04 - searching for existing employee: Charlie Carter
2026-08-17 22:03:12 [TestNG-tests-2] INFO  com.orangehrm.BaseTest - Logged in as Admin
2026-08-17 22:03:16 [TestNG-tests-1] INFO  com.orangehrm.BaseTest - Closing driver for thread 25
2026-08-17 22:03:17 [TestNG-tests-3] INFO  com.orangehrm.BaseTest - Closing driver for thread 27
2026-08-17 22:03:19 [TestNG-tests-3] INFO  com.orangehrm.BaseTest - Driver started for thread 27
2026-08-17 22:03:19 [TestNG-tests-3] INFO  com.orangehrm.BaseTest - TC11 - verifying the sidebar menu items
2026-08-17 22:03:19 [TestNG-tests-2] ERROR com.orangehrm.listeners.RetryAnalyzer - Test 'testSearchExistingEmployee' failed. Retry attempt 1 of 2
2026-08-17 22:03:19 [TestNG-tests-2] INFO  com.orangehrm.BaseTest - Closing driver for thread 26
2026-08-17 22:03:21 [TestNG-tests-2] INFO  com.orangehrm.BaseTest - Driver started for thread 26
2026-08-17 22:03:21 [TestNG-tests-2] INFO  com.orangehrm.BaseTest - TC04 - searching for existing employee: Charlie Carter
2026-08-17 22:03:24 [TestNG-tests-3] INFO  com.orangehrm.BaseTest - Logged in as Admin
2026-08-17 22:03:25 [TestNG-tests-3] INFO  com.orangehrm.BaseTest - Closing driver for thread 27
2026-08-17 22:03:27 [TestNG-tests-2] INFO  com.orangehrm.BaseTest - Logged in as Admin
2026-08-17 22:03:32 [TestNG-tests-2] ERROR com.orangehrm.listeners.RetryAnalyzer - Test 'testSearchExistingEmployee' failed. Retry attempt 2 of 2
2026-08-17 22:03:32 [TestNG-tests-2] INFO  com.orangehrm.BaseTest - Closing driver for thread 26
2026-08-17 22:03:34 [TestNG-tests-2] INFO  com.orangehrm.BaseTest - Driver started for thread 26
2026-08-17 22:03:34 [TestNG-tests-2] INFO  com.orangehrm.BaseTest - TC04 - searching for existing employee: Charlie Carter
2026-08-17 22:03:38 [TestNG-tests-2] INFO  com.orangehrm.BaseTest - Logged in as Admin
2026-08-17 22:03:42 [TestNG-tests-2] INFO  com.orangehrm.BaseTest - Closing driver for thread 26
2026-08-17 22:03:44 [TestNG-tests-2] INFO  com.orangehrm.BaseTest - Driver started for thread 26
2026-08-17 22:03:44 [TestNG-tests-2] INFO  com.orangehrm.BaseTest - TC05 - searching for non-existing employee: Zzqx Notreal
2026-08-17 22:03:48 [TestNG-tests-2] INFO  com.orangehrm.BaseTest - Logged in as Admin
2026-08-17 22:03:57 [TestNG-tests-2] INFO  com.orangehrm.BaseTest - Closing driver for thread 26
2026-08-17 22:03:59 [TestNG-tests-2] INFO  com.orangehrm.BaseTest - Driver started for thread 26
2026-08-17 22:03:59 [TestNG-tests-2] INFO  com.orangehrm.BaseTest - TC05 - searching for non-existing employee: Ghost Employee 999
2026-08-17 22:04:05 [TestNG-tests-2] INFO  com.orangehrm.BaseTest - Logged in as Admin
2026-08-17 22:04:10 [TestNG-tests-2] INFO  com.orangehrm.BaseTest - Closing driver for thread 26
2026-08-17 22:04:11 [TestNG-tests-2] INFO  com.orangehrm.BaseTest - Driver started for thread 26
2026-08-17 22:04:11 [TestNG-tests-2] INFO  com.orangehrm.BaseTest - TC08 - creating employee Nada Tester450330
2026-08-17 22:04:15 [TestNG-tests-2] INFO  com.orangehrm.BaseTest - Logged in as Admin
2026-08-17 22:04:27 [TestNG-tests-2] ERROR com.orangehrm.listeners.RetryAnalyzer - Test 'testAddEmployeeEndToEnd' failed. Retry attempt 1 of 2
2026-08-17 22:04:27 [TestNG-tests-2] INFO  com.orangehrm.BaseTest - Closing driver for thread 26
2026-08-17 22:04:29 [TestNG-tests-2] INFO  com.orangehrm.BaseTest - Driver started for thread 26
2026-08-17 22:04:29 [TestNG-tests-2] INFO  com.orangehrm.BaseTest - TC08 - creating employee Nada Tester450330
2026-08-17 22:04:33 [TestNG-tests-2] INFO  com.orangehrm.BaseTest - Logged in as Admin
2026-08-17 22:04:45 [TestNG-tests-2] INFO  com.orangehrm.BaseTest - Closing driver for thread 26
2026-08-17 22:04:47 [TestNG-tests-2] INFO  com.orangehrm.BaseTest - Driver started for thread 26
2026-08-17 22:04:47 [TestNG-tests-2] INFO  com.orangehrm.BaseTest - TC07 - saving an employee without a first name
2026-08-17 22:04:51 [TestNG-tests-2] INFO  com.orangehrm.BaseTest - Logged in as Admin
2026-08-17 22:04:56 [TestNG-tests-2] INFO  com.orangehrm.BaseTest - Closing driver for thread 26
2026-08-17 22:04:58 [TestNG-tests-2] INFO  com.orangehrm.BaseTest - Driver started for thread 26
2026-08-17 22:04:58 [TestNG-tests-2] INFO  com.orangehrm.BaseTest - TC06 - opening the Add Employee page
2026-08-17 22:05:01 [TestNG-tests-2] INFO  com.orangehrm.BaseTest - Logged in as Admin
2026-08-17 22:05:05 [TestNG-tests-2] INFO  com.orangehrm.BaseTest - Closing driver for thread 26
2026-08-17 22:07:51 [TestNG-tests-2] INFO  com.orangehrm.BaseTest - Driver started for thread 26
2026-08-17 22:07:51 [TestNG-tests-1] INFO  com.orangehrm.BaseTest - Driver started for thread 25
2026-08-17 22:07:51 [TestNG-tests-3] INFO  com.orangehrm.BaseTest - Driver started for thread 27
2026-08-17 22:07:52 [TestNG-tests-3] INFO  com.orangehrm.BaseTest - TC09 - verifying the Add User form fields
2026-08-17 22:07:52 [TestNG-tests-1] INFO  com.orangehrm.BaseTest - TC03 - login with empty fields
2026-08-17 22:07:52 [TestNG-tests-2] INFO  com.orangehrm.BaseTest - TC04 - searching for existing employee: Odis Adalwin
2026-08-17 22:07:59 [TestNG-tests-1] INFO  com.orangehrm.BaseTest - Closing driver for thread 25
2026-08-17 22:08:01 [TestNG-tests-1] INFO  com.orangehrm.BaseTest - Driver started for thread 25
2026-08-17 22:08:01 [TestNG-tests-1] INFO  com.orangehrm.BaseTest - TC02 - login with invalid credentials: WrongUser
2026-08-17 22:08:07 [TestNG-tests-2] INFO  com.orangehrm.BaseTest - Logged in as Admin
2026-08-17 22:08:10 [TestNG-tests-3] INFO  com.orangehrm.BaseTest - Logged in as Admin
2026-08-17 22:08:15 [TestNG-tests-3] INFO  com.orangehrm.BaseTest - Closing driver for thread 27
2026-08-17 22:08:16 [TestNG-tests-2] ERROR com.orangehrm.listeners.RetryAnalyzer - Test 'testSearchExistingEmployee' failed. Retry attempt 1 of 2
2026-08-17 22:08:16 [TestNG-tests-2] INFO  com.orangehrm.BaseTest - Closing driver for thread 26
2026-08-17 22:08:17 [TestNG-tests-1] INFO  com.orangehrm.BaseTest - Closing driver for thread 25
2026-08-17 22:08:17 [TestNG-tests-3] INFO  com.orangehrm.BaseTest - Driver started for thread 27
2026-08-17 22:08:17 [TestNG-tests-3] INFO  com.orangehrm.BaseTest - TC10 - verifying the footer branding link
2026-08-17 22:08:18 [TestNG-tests-2] INFO  com.orangehrm.BaseTest - Driver started for thread 26
2026-08-17 22:08:18 [TestNG-tests-2] INFO  com.orangehrm.BaseTest - TC04 - searching for existing employee: Odis Adalwin
2026-08-17 22:08:20 [TestNG-tests-1] INFO  com.orangehrm.BaseTest - Driver started for thread 25
2026-08-17 22:08:20 [TestNG-tests-1] INFO  com.orangehrm.BaseTest - TC02 - login with invalid credentials: Admin
2026-08-17 22:08:21 [TestNG-tests-3] INFO  com.orangehrm.BaseTest - Logged in as Admin
2026-08-17 22:08:27 [TestNG-tests-2] INFO  com.orangehrm.BaseTest - Logged in as Admin
2026-08-17 22:08:34 [TestNG-tests-1] INFO  com.orangehrm.BaseTest - Closing driver for thread 25
2026-08-17 22:08:36 [TestNG-tests-2] ERROR com.orangehrm.listeners.RetryAnalyzer - Test 'testSearchExistingEmployee' failed. Retry attempt 2 of 2
2026-08-17 22:08:36 [TestNG-tests-2] INFO  com.orangehrm.BaseTest - Closing driver for thread 26
2026-08-17 22:08:36 [TestNG-tests-1] INFO  com.orangehrm.BaseTest - Driver started for thread 25
2026-08-17 22:08:36 [TestNG-tests-1] INFO  com.orangehrm.BaseTest - TC02 - login with invalid credentials: admin!!
2026-08-17 22:08:37 [TestNG-tests-3] INFO  com.orangehrm.BaseTest - Closing driver for thread 27
2026-08-17 22:08:38 [TestNG-tests-2] INFO  com.orangehrm.BaseTest - Driver started for thread 26
2026-08-17 22:08:38 [TestNG-tests-2] INFO  com.orangehrm.BaseTest - TC04 - searching for existing employee: Odis Adalwin
2026-08-17 22:08:39 [TestNG-tests-3] INFO  com.orangehrm.BaseTest - Driver started for thread 27
2026-08-17 22:08:39 [TestNG-tests-3] INFO  com.orangehrm.BaseTest - TC11 - verifying the sidebar menu items
2026-08-17 22:08:44 [TestNG-tests-1] INFO  com.orangehrm.BaseTest - Closing driver for thread 25
2026-08-17 22:08:45 [TestNG-tests-1] INFO  com.orangehrm.BaseTest - Driver started for thread 25
2026-08-17 22:08:45 [TestNG-tests-1] INFO  com.orangehrm.BaseTest - TC01 - login with valid credentials: Admin
2026-08-17 22:08:46 [TestNG-tests-2] INFO  com.orangehrm.BaseTest - Logged in as Admin
2026-08-17 22:08:49 [TestNG-tests-3] INFO  com.orangehrm.BaseTest - Logged in as Admin
2026-08-17 22:08:52 [TestNG-tests-3] INFO  com.orangehrm.BaseTest - Closing driver for thread 27
2026-08-17 22:08:56 [TestNG-tests-2] INFO  com.orangehrm.BaseTest - Closing driver for thread 26
2026-08-17 22:08:56 [TestNG-tests-1] INFO  com.orangehrm.BaseTest - Closing driver for thread 25
2026-08-17 22:08:58 [TestNG-tests-2] INFO  com.orangehrm.BaseTest - Driver started for thread 26
2026-08-17 22:08:58 [TestNG-tests-2] INFO  com.orangehrm.BaseTest - TC04 - searching for existing employee: Charlie Carter
2026-08-17 22:09:03 [TestNG-tests-2] INFO  com.orangehrm.BaseTest - Logged in as Admin
2026-08-17 22:09:14 [TestNG-tests-2] ERROR com.orangehrm.listeners.RetryAnalyzer - Test 'testSearchExistingEmployee' failed. Retry attempt 1 of 2
2026-08-17 22:09:14 [TestNG-tests-2] INFO  com.orangehrm.BaseTest - Closing driver for thread 26
2026-08-17 22:09:16 [TestNG-tests-2] INFO  com.orangehrm.BaseTest - Driver started for thread 26
2026-08-17 22:09:16 [TestNG-tests-2] INFO  com.orangehrm.BaseTest - TC04 - searching for existing employee: Charlie Carter
2026-08-17 22:09:21 [TestNG-tests-2] INFO  com.orangehrm.BaseTest - Logged in as Admin
2026-08-17 22:09:35 [TestNG-tests-2] ERROR com.orangehrm.listeners.RetryAnalyzer - Test 'testSearchExistingEmployee' failed. Retry attempt 2 of 2
2026-08-17 22:09:35 [TestNG-tests-2] INFO  com.orangehrm.BaseTest - Closing driver for thread 26
2026-08-17 22:09:37 [TestNG-tests-2] INFO  com.orangehrm.BaseTest - Driver started for thread 26
2026-08-17 22:09:37 [TestNG-tests-2] INFO  com.orangehrm.BaseTest - TC04 - searching for existing employee: Charlie Carter
2026-08-17 22:09:41 [TestNG-tests-2] INFO  com.orangehrm.BaseTest - Logged in as Admin
2026-08-17 22:09:46 [TestNG-tests-2] INFO  com.orangehrm.BaseTest - Closing driver for thread 26
2026-08-17 22:09:47 [TestNG-tests-2] INFO  com.orangehrm.BaseTest - Driver started for thread 26
2026-08-17 22:09:47 [TestNG-tests-2] INFO  com.orangehrm.BaseTest - TC05 - searching for non-existing employee: Zzqx Notreal
2026-08-17 22:09:51 [TestNG-tests-2] INFO  com.orangehrm.BaseTest - Logged in as Admin
2026-08-17 22:09:56 [TestNG-tests-2] INFO  com.orangehrm.BaseTest - Closing driver for thread 26
2026-08-17 22:09:58 [TestNG-tests-2] INFO  com.orangehrm.BaseTest - Driver started for thread 26
2026-08-17 22:09:58 [TestNG-tests-2] INFO  com.orangehrm.BaseTest - TC05 - searching for non-existing employee: Ghost Employee 999
2026-08-17 22:10:02 [TestNG-tests-2] INFO  com.orangehrm.BaseTest - Logged in as Admin
2026-08-17 22:10:07 [TestNG-tests-2] INFO  com.orangehrm.BaseTest - Closing driver for thread 26
2026-08-17 22:10:08 [TestNG-tests-2] INFO  com.orangehrm.BaseTest - Driver started for thread 26
2026-08-17 22:10:08 [TestNG-tests-2] INFO  com.orangehrm.BaseTest - TC08 - creating employee Nada Tester807345
2026-08-17 22:10:13 [TestNG-tests-2] INFO  com.orangehrm.BaseTest - Logged in as Admin
2026-08-17 22:10:24 [TestNG-tests-2] INFO  com.orangehrm.BaseTest - Closing driver for thread 26
2026-08-17 22:10:26 [TestNG-tests-2] INFO  com.orangehrm.BaseTest - Driver started for thread 26
2026-08-17 22:10:26 [TestNG-tests-2] INFO  com.orangehrm.BaseTest - TC07 - saving an employee without a first name
2026-08-17 22:10:29 [TestNG-tests-2] INFO  com.orangehrm.BaseTest - Logged in as Admin
2026-08-17 22:10:35 [TestNG-tests-2] INFO  com.orangehrm.BaseTest - Closing driver for thread 26
2026-08-17 22:10:36 [TestNG-tests-2] INFO  com.orangehrm.BaseTest - Driver started for thread 26
2026-08-17 22:10:36 [TestNG-tests-2] INFO  com.orangehrm.BaseTest - TC06 - opening the Add Employee page
2026-08-17 22:10:40 [TestNG-tests-2] INFO  com.orangehrm.BaseTest - Logged in as Admin
2026-08-17 22:10:44 [TestNG-tests-2] INFO  com.orangehrm.BaseTest - Closing driver for thread 26
2026-08-17 22:15:53 [TestNG-tests-1] INFO  com.orangehrm.BaseTest - Driver started for thread 26
2026-08-17 22:15:53 [TestNG-tests-2] INFO  com.orangehrm.BaseTest - Driver started for thread 27
2026-08-17 22:15:53 [TestNG-tests-3] INFO  com.orangehrm.BaseTest - Driver started for thread 28
2026-08-17 22:15:53 [TestNG-tests-3] INFO  com.orangehrm.BaseTest - TC09 - verifying the Add User form fields
2026-08-17 22:15:53 [TestNG-tests-2] INFO  com.orangehrm.BaseTest - TC04 - searching for existing employee: Odis Adalwin
2026-08-17 22:15:53 [TestNG-tests-1] INFO  com.orangehrm.BaseTest - TC03 - login with empty fields
2026-08-17 22:16:03 [TestNG-tests-3] INFO  com.orangehrm.BaseTest - Logged in as Admin
2026-08-17 22:16:03 [TestNG-tests-2] INFO  com.orangehrm.BaseTest - Logged in as Admin
2026-08-17 22:16:04 [TestNG-tests-1] INFO  com.orangehrm.BaseTest - Closing driver for thread 26
2026-08-17 22:16:06 [TestNG-tests-1] INFO  com.orangehrm.BaseTest - Driver started for thread 26
2026-08-17 22:16:06 [TestNG-tests-1] INFO  com.orangehrm.BaseTest - TC02 - login with invalid credentials: WrongUser
2026-08-17 22:16:08 [TestNG-tests-3] INFO  com.orangehrm.BaseTest - Closing driver for thread 28
2026-08-17 22:16:09 [TestNG-tests-2] ERROR com.orangehrm.listeners.RetryAnalyzer - Test 'testSearchExistingEmployee' failed. Retry attempt 1 of 2
2026-08-17 22:16:09 [TestNG-tests-2] INFO  com.orangehrm.BaseTest - Closing driver for thread 27
2026-08-17 22:16:10 [TestNG-tests-3] INFO  com.orangehrm.BaseTest - Driver started for thread 28
2026-08-17 22:16:10 [TestNG-tests-3] INFO  com.orangehrm.BaseTest - TC10 - verifying the footer branding link
2026-08-17 22:16:11 [TestNG-tests-2] INFO  com.orangehrm.BaseTest - Driver started for thread 27
2026-08-17 22:16:11 [TestNG-tests-2] INFO  com.orangehrm.BaseTest - TC04 - searching for existing employee: Odis Adalwin
2026-08-17 22:16:16 [TestNG-tests-1] INFO  com.orangehrm.BaseTest - Closing driver for thread 26
2026-08-17 22:16:17 [TestNG-tests-1] INFO  com.orangehrm.BaseTest - Driver started for thread 26
2026-08-17 22:16:17 [TestNG-tests-1] INFO  com.orangehrm.BaseTest - TC02 - login with invalid credentials: Admin
2026-08-17 22:16:21 [TestNG-tests-3] INFO  com.orangehrm.BaseTest - Logged in as Admin
2026-08-17 22:16:23 [TestNG-tests-2] INFO  com.orangehrm.BaseTest - Logged in as Admin
2026-08-17 22:16:30 [TestNG-tests-1] INFO  com.orangehrm.BaseTest - Closing driver for thread 26
2026-08-17 22:16:31 [TestNG-tests-2] ERROR com.orangehrm.listeners.RetryAnalyzer - Test 'testSearchExistingEmployee' failed. Retry attempt 2 of 2
2026-08-17 22:16:31 [TestNG-tests-2] INFO  com.orangehrm.BaseTest - Closing driver for thread 27
2026-08-17 22:16:32 [TestNG-tests-1] INFO  com.orangehrm.BaseTest - Driver started for thread 26
2026-08-17 22:16:32 [TestNG-tests-1] INFO  com.orangehrm.BaseTest - TC02 - login with invalid credentials: admin!!
2026-08-17 22:16:34 [TestNG-tests-2] INFO  com.orangehrm.BaseTest - Driver started for thread 27
2026-08-17 22:16:34 [TestNG-tests-2] INFO  com.orangehrm.BaseTest - TC04 - searching for existing employee: Odis Adalwin
2026-08-17 22:16:36 [TestNG-tests-3] INFO  com.orangehrm.BaseTest - Closing driver for thread 28
2026-08-17 22:16:38 [TestNG-tests-3] INFO  com.orangehrm.BaseTest - Driver started for thread 28
2026-08-17 22:16:38 [TestNG-tests-3] INFO  com.orangehrm.BaseTest - TC11 - verifying the sidebar menu items
2026-08-17 22:16:42 [TestNG-tests-2] INFO  com.orangehrm.BaseTest - Logged in as Admin
2026-08-17 22:16:44 [TestNG-tests-1] INFO  com.orangehrm.BaseTest - Closing driver for thread 26
2026-08-17 22:16:45 [TestNG-tests-1] INFO  com.orangehrm.BaseTest - Driver started for thread 26
2026-08-17 22:16:45 [TestNG-tests-1] INFO  com.orangehrm.BaseTest - TC01 - login with valid credentials: Admin
2026-08-17 22:16:47 [TestNG-tests-3] INFO  com.orangehrm.BaseTest - Logged in as Admin
2026-08-17 22:16:47 [TestNG-tests-2] INFO  com.orangehrm.BaseTest - Closing driver for thread 27
2026-08-17 22:16:49 [TestNG-tests-3] INFO  com.orangehrm.BaseTest - Closing driver for thread 28
2026-08-17 22:16:49 [TestNG-tests-2] INFO  com.orangehrm.BaseTest - Driver started for thread 27
2026-08-17 22:16:49 [TestNG-tests-2] INFO  com.orangehrm.BaseTest - TC04 - searching for existing employee: Charlie Carter
2026-08-17 22:16:53 [TestNG-tests-1] INFO  com.orangehrm.BaseTest - Closing driver for thread 26
2026-08-17 22:16:55 [TestNG-tests-2] INFO  com.orangehrm.BaseTest - Logged in as Admin
2026-08-17 22:16:59 [TestNG-tests-2] ERROR com.orangehrm.listeners.RetryAnalyzer - Test 'testSearchExistingEmployee' failed. Retry attempt 1 of 2
2026-08-17 22:16:59 [TestNG-tests-2] INFO  com.orangehrm.BaseTest - Closing driver for thread 27
2026-08-17 22:17:01 [TestNG-tests-2] INFO  com.orangehrm.BaseTest - Driver started for thread 27
2026-08-17 22:17:01 [TestNG-tests-2] INFO  com.orangehrm.BaseTest - TC04 - searching for existing employee: Charlie Carter
2026-08-17 22:17:05 [TestNG-tests-2] INFO  com.orangehrm.BaseTest - Logged in as Admin
2026-08-17 22:17:10 [TestNG-tests-2] ERROR com.orangehrm.listeners.RetryAnalyzer - Test 'testSearchExistingEmployee' failed. Retry attempt 2 of 2
2026-08-17 22:17:10 [TestNG-tests-2] INFO  com.orangehrm.BaseTest - Closing driver for thread 27
2026-08-17 22:17:11 [TestNG-tests-2] INFO  com.orangehrm.BaseTest - Driver started for thread 27
2026-08-17 22:17:11 [TestNG-tests-2] INFO  com.orangehrm.BaseTest - TC04 - searching for existing employee: Charlie Carter
2026-08-17 22:17:15 [TestNG-tests-2] INFO  com.orangehrm.BaseTest - Logged in as Admin
2026-08-17 22:17:20 [TestNG-tests-2] INFO  com.orangehrm.BaseTest - Closing driver for thread 27
2026-08-17 22:17:22 [TestNG-tests-2] INFO  com.orangehrm.BaseTest - Driver started for thread 27
2026-08-17 22:17:22 [TestNG-tests-2] INFO  com.orangehrm.BaseTest - TC05 - searching for non-existing employee: Zzqx Notreal
2026-08-17 22:17:26 [TestNG-tests-2] INFO  com.orangehrm.BaseTest - Logged in as Admin
2026-08-17 22:17:40 [TestNG-tests-2] INFO  com.orangehrm.BaseTest - Closing driver for thread 27
2026-08-17 22:17:42 [TestNG-tests-2] INFO  com.orangehrm.BaseTest - Driver started for thread 27
2026-08-17 22:17:42 [TestNG-tests-2] INFO  com.orangehrm.BaseTest - TC05 - searching for non-existing employee: Ghost Employee 999
2026-08-17 22:17:46 [TestNG-tests-2] INFO  com.orangehrm.BaseTest - Logged in as Admin
2026-08-17 22:17:51 [TestNG-tests-2] INFO  com.orangehrm.BaseTest - Closing driver for thread 27
2026-08-17 22:17:53 [TestNG-tests-2] INFO  com.orangehrm.BaseTest - Driver started for thread 27
2026-08-17 22:17:53 [TestNG-tests-2] INFO  com.orangehrm.BaseTest - TC08 - creating employee Nada Tester271741
2026-08-17 22:17:57 [TestNG-tests-2] INFO  com.orangehrm.BaseTest - Logged in as Admin
2026-08-17 22:18:10 [TestNG-tests-2] INFO  com.orangehrm.BaseTest - Closing driver for thread 27
2026-08-17 22:18:12 [TestNG-tests-2] INFO  com.orangehrm.BaseTest - Driver started for thread 27
2026-08-17 22:18:12 [TestNG-tests-2] INFO  com.orangehrm.BaseTest - TC07 - saving an employee without a first name
2026-08-17 22:18:16 [TestNG-tests-2] INFO  com.orangehrm.BaseTest - Logged in as Admin
2026-08-17 22:18:21 [TestNG-tests-2] INFO  com.orangehrm.BaseTest - Closing driver for thread 27
2026-08-17 22:18:22 [TestNG-tests-2] INFO  com.orangehrm.BaseTest - Driver started for thread 27
2026-08-17 22:18:22 [TestNG-tests-2] INFO  com.orangehrm.BaseTest - TC06 - opening the Add Employee page
2026-08-17 22:18:26 [TestNG-tests-2] INFO  com.orangehrm.BaseTest - Logged in as Admin
2026-08-17 22:18:30 [TestNG-tests-2] INFO  com.orangehrm.BaseTest - Closing driver for thread 27
2026-08-17 22:24:14 [TestNG-tests-2] INFO  com.orangehrm.BaseTest - Driver started for thread 26
2026-08-17 22:24:15 [TestNG-tests-2] INFO  com.orangehrm.BaseTest - TC04 - searching for existing employee: Odis Adalwin
2026-08-17 22:24:16 [TestNG-tests-3] INFO  com.orangehrm.BaseTest - Driver started for thread 27
2026-08-17 22:24:16 [TestNG-tests-3] INFO  com.orangehrm.BaseTest - TC09 - verifying the Add User form fields
2026-08-17 22:24:18 [TestNG-tests-1] INFO  com.orangehrm.BaseTest - Driver started for thread 25
2026-08-17 22:24:18 [TestNG-tests-1] INFO  com.orangehrm.BaseTest - TC03 - login with empty fields
2026-08-17 22:24:22 [TestNG-tests-2] INFO  com.orangehrm.BaseTest - Logged in as Admin
2026-08-17 22:24:27 [TestNG-tests-3] INFO  com.orangehrm.BaseTest - Logged in as Admin
2026-08-17 22:24:29 [TestNG-tests-1] INFO  com.orangehrm.BaseTest - Closing driver for thread 25
2026-08-17 22:24:31 [TestNG-tests-1] INFO  com.orangehrm.BaseTest - Driver started for thread 25
2026-08-17 22:24:31 [TestNG-tests-1] INFO  com.orangehrm.BaseTest - TC02 - login with invalid credentials: WrongUser
2026-08-17 22:24:33 [TestNG-tests-3] INFO  com.orangehrm.BaseTest - Closing driver for thread 27
2026-08-17 22:24:34 [TestNG-tests-3] INFO  com.orangehrm.BaseTest - Driver started for thread 27
2026-08-17 22:24:34 [TestNG-tests-3] INFO  com.orangehrm.BaseTest - TC10 - verifying the footer branding link
2026-08-17 22:24:41 [TestNG-tests-2] ERROR com.orangehrm.listeners.RetryAnalyzer - Test 'testSearchExistingEmployee' failed. Retry attempt 1 of 2
2026-08-17 22:24:41 [TestNG-tests-2] INFO  com.orangehrm.BaseTest - Closing driver for thread 26
2026-08-17 22:24:42 [TestNG-tests-2] INFO  com.orangehrm.BaseTest - Driver started for thread 26
2026-08-17 22:24:42 [TestNG-tests-2] INFO  com.orangehrm.BaseTest - TC04 - searching for existing employee: Odis Adalwin
2026-08-17 22:24:46 [TestNG-tests-1] INFO  com.orangehrm.BaseTest - Closing driver for thread 25
2026-08-17 22:24:47 [TestNG-tests-3] INFO  com.orangehrm.BaseTest - Logged in as Admin
2026-08-17 22:24:48 [TestNG-tests-1] INFO  com.orangehrm.BaseTest - Driver started for thread 25
2026-08-17 22:24:48 [TestNG-tests-1] INFO  com.orangehrm.BaseTest - TC02 - login with invalid credentials: Admin
2026-08-17 22:24:54 [TestNG-tests-2] INFO  com.orangehrm.BaseTest - Logged in as Admin
2026-08-17 22:25:02 [TestNG-tests-1] INFO  com.orangehrm.BaseTest - Closing driver for thread 25
2026-08-17 22:25:03 [TestNG-tests-2] ERROR com.orangehrm.listeners.RetryAnalyzer - Test 'testSearchExistingEmployee' failed. Retry attempt 2 of 2
2026-08-17 22:25:03 [TestNG-tests-2] INFO  com.orangehrm.BaseTest - Closing driver for thread 26
2026-08-17 22:25:05 [TestNG-tests-1] INFO  com.orangehrm.BaseTest - Driver started for thread 25
2026-08-17 22:25:05 [TestNG-tests-1] INFO  com.orangehrm.BaseTest - TC02 - login with invalid credentials: admin!!
2026-08-17 22:25:05 [TestNG-tests-3] INFO  com.orangehrm.BaseTest - Closing driver for thread 27
2026-08-17 22:25:05 [TestNG-tests-2] INFO  com.orangehrm.BaseTest - Driver started for thread 26
2026-08-17 22:25:05 [TestNG-tests-2] INFO  com.orangehrm.BaseTest - TC04 - searching for existing employee: Odis Adalwin
2026-08-17 22:25:07 [TestNG-tests-3] INFO  com.orangehrm.BaseTest - Driver started for thread 27
2026-08-17 22:25:07 [TestNG-tests-3] INFO  com.orangehrm.BaseTest - TC11 - verifying the sidebar menu items
2026-08-17 22:25:11 [TestNG-tests-1] INFO  com.orangehrm.BaseTest - Closing driver for thread 25
2026-08-17 22:25:13 [TestNG-tests-1] INFO  com.orangehrm.BaseTest - Driver started for thread 25
2026-08-17 22:25:13 [TestNG-tests-1] INFO  com.orangehrm.BaseTest - TC01 - login with valid credentials: Admin
2026-08-17 22:25:14 [TestNG-tests-2] INFO  com.orangehrm.BaseTest - Logged in as Admin
2026-08-17 22:25:18 [TestNG-tests-3] INFO  com.orangehrm.BaseTest - Logged in as Admin
2026-08-17 22:25:20 [TestNG-tests-3] INFO  com.orangehrm.BaseTest - Closing driver for thread 27
2026-08-17 22:25:25 [TestNG-tests-1] INFO  com.orangehrm.BaseTest - Closing driver for thread 25
2026-08-17 22:25:31 [TestNG-tests-2] INFO  com.orangehrm.BaseTest - Closing driver for thread 26
2026-08-17 22:25:33 [TestNG-tests-2] INFO  com.orangehrm.BaseTest - Driver started for thread 26
2026-08-17 22:25:33 [TestNG-tests-2] INFO  com.orangehrm.BaseTest - TC04 - searching for existing employee: Charlie Carter
2026-08-17 22:25:37 [TestNG-tests-2] INFO  com.orangehrm.BaseTest - Logged in as Admin
2026-08-17 22:26:02 [TestNG-tests-2] ERROR com.orangehrm.listeners.RetryAnalyzer - Test 'testSearchExistingEmployee' failed. Retry attempt 1 of 2
2026-08-17 22:26:02 [TestNG-tests-2] INFO  com.orangehrm.BaseTest - Closing driver for thread 26
2026-08-17 22:26:04 [TestNG-tests-2] INFO  com.orangehrm.BaseTest - Driver started for thread 26
2026-08-17 22:26:04 [TestNG-tests-2] INFO  com.orangehrm.BaseTest - TC04 - searching for existing employee: Charlie Carter
2026-08-17 22:26:08 [TestNG-tests-2] INFO  com.orangehrm.BaseTest - Logged in as Admin
2026-08-17 22:26:22 [TestNG-tests-2] ERROR com.orangehrm.listeners.RetryAnalyzer - Test 'testSearchExistingEmployee' failed. Retry attempt 2 of 2
2026-08-17 22:26:22 [TestNG-tests-2] INFO  com.orangehrm.BaseTest - Closing driver for thread 26
2026-08-17 22:26:24 [TestNG-tests-2] INFO  com.orangehrm.BaseTest - Driver started for thread 26
2026-08-17 22:26:24 [TestNG-tests-2] INFO  com.orangehrm.BaseTest - TC04 - searching for existing employee: Charlie Carter
2026-08-17 22:26:29 [TestNG-tests-2] INFO  com.orangehrm.BaseTest - Logged in as Admin
2026-08-17 22:26:44 [TestNG-tests-2] INFO  com.orangehrm.BaseTest - Closing driver for thread 26
2026-08-17 22:26:46 [TestNG-tests-2] INFO  com.orangehrm.BaseTest - Driver started for thread 26
2026-08-17 22:26:46 [TestNG-tests-2] INFO  com.orangehrm.BaseTest - TC05 - searching for non-existing employee: Zzqx Notreal
2026-08-17 22:26:51 [TestNG-tests-2] INFO  com.orangehrm.BaseTest - Logged in as Admin
2026-08-17 22:26:55 [TestNG-tests-2] INFO  com.orangehrm.BaseTest - Closing driver for thread 26
2026-08-17 22:26:57 [TestNG-tests-2] INFO  com.orangehrm.BaseTest - Driver started for thread 26
2026-08-17 22:26:57 [TestNG-tests-2] INFO  com.orangehrm.BaseTest - TC05 - searching for non-existing employee: Ghost Employee 999
2026-08-17 22:27:01 [TestNG-tests-2] INFO  com.orangehrm.BaseTest - Logged in as Admin
2026-08-17 22:27:16 [TestNG-tests-2] INFO  com.orangehrm.BaseTest - Closing driver for thread 26
2026-08-17 22:27:17 [TestNG-tests-2] INFO  com.orangehrm.BaseTest - Driver started for thread 26
2026-08-17 22:27:17 [TestNG-tests-2] INFO  com.orangehrm.BaseTest - TC08 - creating employee Nada Tester836430
2026-08-17 22:27:21 [TestNG-tests-2] INFO  com.orangehrm.BaseTest - Logged in as Admin
2026-08-17 22:27:33 [TestNG-tests-2] INFO  com.orangehrm.BaseTest - Closing driver for thread 26
2026-08-17 22:27:35 [TestNG-tests-2] INFO  com.orangehrm.BaseTest - Driver started for thread 26
2026-08-17 22:27:35 [TestNG-tests-2] INFO  com.orangehrm.BaseTest - TC07 - saving an employee without a first name
2026-08-17 22:27:39 [TestNG-tests-2] INFO  com.orangehrm.BaseTest - Logged in as Admin
2026-08-17 22:27:44 [TestNG-tests-2] INFO  com.orangehrm.BaseTest - Closing driver for thread 26
2026-08-17 22:27:46 [TestNG-tests-2] INFO  com.orangehrm.BaseTest - Driver started for thread 26
2026-08-17 22:27:46 [TestNG-tests-2] INFO  com.orangehrm.BaseTest - TC06 - opening the Add Employee page
2026-08-17 22:27:50 [TestNG-tests-2] INFO  com.orangehrm.BaseTest - Logged in as Admin
2026-08-17 22:27:54 [TestNG-tests-2] INFO  com.orangehrm.BaseTest - Closing driver for thread 26
2026-08-17 22:29:53 [TestNG-tests-2] INFO  com.orangehrm.BaseTest - Driver started for thread 25
2026-08-17 22:29:53 [TestNG-tests-3] INFO  com.orangehrm.BaseTest - Driver started for thread 26
2026-08-17 22:29:53 [TestNG-tests-1] INFO  com.orangehrm.BaseTest - Driver started for thread 24
2026-08-17 22:29:54 [TestNG-tests-1] INFO  com.orangehrm.BaseTest - TC03 - login with empty fields
2026-08-17 22:29:54 [TestNG-tests-3] INFO  com.orangehrm.BaseTest - TC09 - verifying the Add User form fields
2026-08-17 22:29:54 [TestNG-tests-2] INFO  com.orangehrm.BaseTest - TC04 - searching for existing employee: Odis Adalwin
2026-08-17 22:30:05 [TestNG-tests-2] INFO  com.orangehrm.BaseTest - Logged in as Admin
2026-08-17 22:30:06 [TestNG-tests-1] INFO  com.orangehrm.BaseTest - Closing driver for thread 24
2026-08-17 22:30:06 [TestNG-tests-3] INFO  com.orangehrm.BaseTest - Logged in as Admin
2026-08-17 22:30:08 [TestNG-tests-1] INFO  com.orangehrm.BaseTest - Driver started for thread 24
2026-08-17 22:30:08 [TestNG-tests-1] INFO  com.orangehrm.BaseTest - TC02 - login with invalid credentials: WrongUser
2026-08-17 22:30:13 [TestNG-tests-3] INFO  com.orangehrm.BaseTest - Closing driver for thread 26
2026-08-17 22:30:14 [TestNG-tests-2] ERROR com.orangehrm.listeners.RetryAnalyzer - Test 'testSearchExistingEmployee' failed. Retry attempt 1 of 2
2026-08-17 22:30:14 [TestNG-tests-2] INFO  com.orangehrm.BaseTest - Closing driver for thread 25
2026-08-17 22:30:15 [TestNG-tests-3] INFO  com.orangehrm.BaseTest - Driver started for thread 26
2026-08-17 22:30:15 [TestNG-tests-3] INFO  com.orangehrm.BaseTest - TC10 - verifying the footer branding link
2026-08-17 22:30:16 [TestNG-tests-2] INFO  com.orangehrm.BaseTest - Driver started for thread 25
2026-08-17 22:30:16 [TestNG-tests-2] INFO  com.orangehrm.BaseTest - TC04 - searching for existing employee: Odis Adalwin
2026-08-17 22:30:20 [TestNG-tests-1] INFO  com.orangehrm.BaseTest - Closing driver for thread 24
2026-08-17 22:30:20 [TestNG-tests-3] INFO  com.orangehrm.BaseTest - Logged in as Admin
2026-08-17 22:30:21 [TestNG-tests-1] INFO  com.orangehrm.BaseTest - Driver started for thread 24
2026-08-17 22:30:21 [TestNG-tests-1] INFO  com.orangehrm.BaseTest - TC02 - login with invalid credentials: Admin
2026-08-17 22:30:25 [TestNG-tests-2] INFO  com.orangehrm.BaseTest - Logged in as Admin
2026-08-17 22:30:33 [TestNG-tests-2] ERROR com.orangehrm.listeners.RetryAnalyzer - Test 'testSearchExistingEmployee' failed. Retry attempt 2 of 2
2026-08-17 22:30:33 [TestNG-tests-2] INFO  com.orangehrm.BaseTest - Closing driver for thread 25
2026-08-17 22:30:34 [TestNG-tests-1] INFO  com.orangehrm.BaseTest - Closing driver for thread 24
2026-08-17 22:30:34 [TestNG-tests-2] INFO  com.orangehrm.BaseTest - Driver started for thread 25
2026-08-17 22:30:34 [TestNG-tests-2] INFO  com.orangehrm.BaseTest - TC04 - searching for existing employee: Odis Adalwin
2026-08-17 22:30:36 [TestNG-tests-1] INFO  com.orangehrm.BaseTest - Driver started for thread 24
2026-08-17 22:30:36 [TestNG-tests-1] INFO  com.orangehrm.BaseTest - TC02 - login with invalid credentials: admin!!
2026-08-17 22:30:40 [TestNG-tests-2] INFO  com.orangehrm.BaseTest - Logged in as Admin
2026-08-17 22:30:47 [TestNG-tests-1] INFO  com.orangehrm.BaseTest - Closing driver for thread 24
2026-08-17 22:30:47 [TestNG-tests-2] INFO  com.orangehrm.BaseTest - Closing driver for thread 25
2026-08-17 22:30:49 [TestNG-tests-1] INFO  com.orangehrm.BaseTest - Driver started for thread 24
2026-08-17 22:30:49 [TestNG-tests-1] INFO  com.orangehrm.BaseTest - TC01 - login with valid credentials: Admin
2026-08-17 22:30:50 [TestNG-tests-2] INFO  com.orangehrm.BaseTest - Driver started for thread 25
2026-08-17 22:30:50 [TestNG-tests-2] INFO  com.orangehrm.BaseTest - TC04 - searching for existing employee: Charlie Carter
2026-08-17 22:30:59 [TestNG-tests-2] INFO  com.orangehrm.BaseTest - Logged in as Admin
2026-08-17 22:31:00 [TestNG-tests-1] INFO  com.orangehrm.BaseTest - Closing driver for thread 24
2026-08-17 22:31:04 [TestNG-tests-2] ERROR com.orangehrm.listeners.RetryAnalyzer - Test 'testSearchExistingEmployee' failed. Retry attempt 1 of 2
2026-08-17 22:31:04 [TestNG-tests-2] INFO  com.orangehrm.BaseTest - Closing driver for thread 25
2026-08-17 22:31:04 [TestNG-tests-3] INFO  com.orangehrm.BaseTest - Closing driver for thread 26
2026-08-17 22:31:06 [TestNG-tests-2] INFO  com.orangehrm.BaseTest - Driver started for thread 25
2026-08-17 22:31:06 [TestNG-tests-2] INFO  com.orangehrm.BaseTest - TC04 - searching for existing employee: Charlie Carter
2026-08-17 22:31:06 [TestNG-tests-3] INFO  com.orangehrm.BaseTest - Driver started for thread 26
2026-08-17 22:31:06 [TestNG-tests-3] INFO  com.orangehrm.BaseTest - TC11 - verifying the sidebar menu items
2026-08-17 22:31:10 [TestNG-tests-2] INFO  com.orangehrm.BaseTest - Logged in as Admin
2026-08-17 22:31:14 [TestNG-tests-3] INFO  com.orangehrm.BaseTest - Logged in as Admin
2026-08-17 22:31:15 [TestNG-tests-2] ERROR com.orangehrm.listeners.RetryAnalyzer - Test 'testSearchExistingEmployee' failed. Retry attempt 2 of 2
2026-08-17 22:31:15 [TestNG-tests-2] INFO  com.orangehrm.BaseTest - Closing driver for thread 25
2026-08-17 22:31:16 [TestNG-tests-3] INFO  com.orangehrm.BaseTest - Closing driver for thread 26
2026-08-17 22:31:17 [TestNG-tests-2] INFO  com.orangehrm.BaseTest - Driver started for thread 25
2026-08-17 22:31:17 [TestNG-tests-2] INFO  com.orangehrm.BaseTest - TC04 - searching for existing employee: Charlie Carter
2026-08-17 22:31:20 [TestNG-tests-2] INFO  com.orangehrm.BaseTest - Logged in as Admin
2026-08-17 22:31:25 [TestNG-tests-2] INFO  com.orangehrm.BaseTest - Closing driver for thread 25
2026-08-17 22:31:27 [TestNG-tests-2] INFO  com.orangehrm.BaseTest - Driver started for thread 25
2026-08-17 22:31:27 [TestNG-tests-2] INFO  com.orangehrm.BaseTest - TC05 - searching for non-existing employee: Zzqx Notreal
2026-08-17 22:31:31 [TestNG-tests-2] INFO  com.orangehrm.BaseTest - Logged in as Admin
2026-08-17 22:31:36 [TestNG-tests-2] INFO  com.orangehrm.BaseTest - Closing driver for thread 25
2026-08-17 22:31:37 [TestNG-tests-2] INFO  com.orangehrm.BaseTest - Driver started for thread 25
2026-08-17 22:31:37 [TestNG-tests-2] INFO  com.orangehrm.BaseTest - TC05 - searching for non-existing employee: Ghost Employee 999
2026-08-17 22:31:42 [TestNG-tests-2] INFO  com.orangehrm.BaseTest - Logged in as Admin
2026-08-17 22:31:46 [TestNG-tests-2] INFO  com.orangehrm.BaseTest - Closing driver for thread 25
2026-08-17 22:31:48 [TestNG-tests-2] INFO  com.orangehrm.BaseTest - Driver started for thread 25
2026-08-17 22:31:48 [TestNG-tests-2] INFO  com.orangehrm.BaseTest - TC08 - creating employee Nada Tester106811
2026-08-17 22:31:52 [TestNG-tests-2] INFO  com.orangehrm.BaseTest - Logged in as Admin
2026-08-17 22:32:04 [TestNG-tests-2] INFO  com.orangehrm.BaseTest - Closing driver for thread 25
2026-08-17 22:32:06 [TestNG-tests-2] INFO  com.orangehrm.BaseTest - Driver started for thread 25
2026-08-17 22:32:06 [TestNG-tests-2] INFO  com.orangehrm.BaseTest - TC07 - saving an employee without a first name
2026-08-17 22:32:10 [TestNG-tests-2] INFO  com.orangehrm.BaseTest - Logged in as Admin
2026-08-17 22:32:14 [TestNG-tests-2] INFO  com.orangehrm.BaseTest - Closing driver for thread 25
2026-08-17 22:32:16 [TestNG-tests-2] INFO  com.orangehrm.BaseTest - Driver started for thread 25
2026-08-17 22:32:16 [TestNG-tests-2] INFO  com.orangehrm.BaseTest - TC06 - opening the Add Employee page
2026-08-17 22:32:21 [TestNG-tests-2] INFO  com.orangehrm.BaseTest - Logged in as Admin
2026-08-17 22:32:25 [TestNG-tests-2] INFO  com.orangehrm.BaseTest - Closing driver for thread 25
2026-08-17 22:36:56 [TestNG-tests-3] INFO  com.orangehrm.BaseTest - Driver started for thread 27
2026-08-17 22:36:56 [TestNG-tests-1] INFO  com.orangehrm.BaseTest - Driver started for thread 25
2026-08-17 22:36:56 [TestNG-tests-2] INFO  com.orangehrm.BaseTest - Driver started for thread 26
2026-08-17 22:36:56 [TestNG-tests-2] INFO  com.orangehrm.BaseTest - TC04 - searching for existing employee: Odis Adalwin
2026-08-17 22:36:56 [TestNG-tests-3] INFO  com.orangehrm.BaseTest - TC09 - verifying the Add User form fields
2026-08-17 22:36:56 [TestNG-tests-1] INFO  com.orangehrm.BaseTest - TC03 - login with empty fields
2026-08-17 22:37:06 [TestNG-tests-1] INFO  com.orangehrm.BaseTest - Closing driver for thread 25
2026-08-17 22:37:07 [TestNG-tests-3] INFO  com.orangehrm.BaseTest - Logged in as Admin
2026-08-17 22:37:08 [TestNG-tests-1] INFO  com.orangehrm.BaseTest - Driver started for thread 25
2026-08-17 22:37:08 [TestNG-tests-1] INFO  com.orangehrm.BaseTest - TC02 - login with invalid credentials: WrongUser
2026-08-17 22:37:09 [TestNG-tests-2] INFO  com.orangehrm.BaseTest - Logged in as Admin
2026-08-17 22:37:14 [TestNG-tests-3] INFO  com.orangehrm.BaseTest - Closing driver for thread 27
2026-08-17 22:37:15 [TestNG-tests-2] ERROR com.orangehrm.listeners.RetryAnalyzer - Test 'testSearchExistingEmployee' failed. Retry attempt 1 of 2
2026-08-17 22:37:15 [TestNG-tests-2] INFO  com.orangehrm.BaseTest - Closing driver for thread 26
2026-08-17 22:37:16 [TestNG-tests-3] INFO  com.orangehrm.BaseTest - Driver started for thread 27
2026-08-17 22:37:16 [TestNG-tests-3] INFO  com.orangehrm.BaseTest - TC10 - verifying the footer branding link
2026-08-17 22:37:17 [TestNG-tests-2] INFO  com.orangehrm.BaseTest - Driver started for thread 26
2026-08-17 22:37:17 [TestNG-tests-2] INFO  com.orangehrm.BaseTest - TC04 - searching for existing employee: Odis Adalwin
2026-08-17 22:37:20 [TestNG-tests-1] INFO  com.orangehrm.BaseTest - Closing driver for thread 25
2026-08-17 22:37:21 [TestNG-tests-1] INFO  com.orangehrm.BaseTest - Driver started for thread 25
2026-08-17 22:37:21 [TestNG-tests-1] INFO  com.orangehrm.BaseTest - TC02 - login with invalid credentials: Admin
2026-08-17 22:37:22 [TestNG-tests-3] INFO  com.orangehrm.BaseTest - Logged in as Admin
2026-08-17 22:37:27 [TestNG-tests-2] INFO  com.orangehrm.BaseTest - Logged in as Admin
2026-08-17 22:37:35 [TestNG-tests-2] ERROR com.orangehrm.listeners.RetryAnalyzer - Test 'testSearchExistingEmployee' failed. Retry attempt 2 of 2
2026-08-17 22:37:35 [TestNG-tests-2] INFO  com.orangehrm.BaseTest - Closing driver for thread 26
2026-08-17 22:37:36 [TestNG-tests-1] INFO  com.orangehrm.BaseTest - Closing driver for thread 25
2026-08-17 22:37:37 [TestNG-tests-2] INFO  com.orangehrm.BaseTest - Driver started for thread 26
2026-08-17 22:37:37 [TestNG-tests-2] INFO  com.orangehrm.BaseTest - TC04 - searching for existing employee: Odis Adalwin
2026-08-17 22:37:38 [TestNG-tests-1] INFO  com.orangehrm.BaseTest - Driver started for thread 25
2026-08-17 22:37:38 [TestNG-tests-1] INFO  com.orangehrm.BaseTest - TC02 - login with invalid credentials: admin!!
2026-08-17 22:37:46 [TestNG-tests-2] INFO  com.orangehrm.BaseTest - Logged in as Admin
2026-08-17 22:37:51 [TestNG-tests-1] INFO  com.orangehrm.BaseTest - Closing driver for thread 25
2026-08-17 22:37:51 [TestNG-tests-2] INFO  com.orangehrm.BaseTest - Closing driver for thread 26
2026-08-17 22:37:53 [TestNG-tests-1] INFO  com.orangehrm.BaseTest - Driver started for thread 25
2026-08-17 22:37:53 [TestNG-tests-1] INFO  com.orangehrm.BaseTest - TC01 - login with valid credentials: Admin
2026-08-17 22:37:54 [TestNG-tests-2] INFO  com.orangehrm.BaseTest - Driver started for thread 26
2026-08-17 22:37:54 [TestNG-tests-2] INFO  com.orangehrm.BaseTest - TC04 - searching for existing employee: Charlie Carter
2026-08-17 22:38:03 [TestNG-tests-1] INFO  com.orangehrm.BaseTest - Closing driver for thread 25
2026-08-17 22:38:05 [TestNG-tests-2] INFO  com.orangehrm.BaseTest - Logged in as Admin
2026-08-17 22:38:09 [TestNG-tests-3] INFO  com.orangehrm.BaseTest - Closing driver for thread 27
2026-08-17 22:38:11 [TestNG-tests-3] INFO  com.orangehrm.BaseTest - Driver started for thread 27
2026-08-17 22:38:11 [TestNG-tests-3] INFO  com.orangehrm.BaseTest - TC11 - verifying the sidebar menu items
2026-08-17 22:38:12 [TestNG-tests-2] ERROR com.orangehrm.listeners.RetryAnalyzer - Test 'testSearchExistingEmployee' failed. Retry attempt 1 of 2
2026-08-17 22:38:12 [TestNG-tests-2] INFO  com.orangehrm.BaseTest - Closing driver for thread 26
2026-08-17 22:38:14 [TestNG-tests-2] INFO  com.orangehrm.BaseTest - Driver started for thread 26
2026-08-17 22:38:14 [TestNG-tests-2] INFO  com.orangehrm.BaseTest - TC04 - searching for existing employee: Charlie Carter
2026-08-17 22:38:17 [TestNG-tests-3] INFO  com.orangehrm.BaseTest - Logged in as Admin
2026-08-17 22:38:18 [TestNG-tests-3] INFO  com.orangehrm.BaseTest - Closing driver for thread 27
2026-08-17 22:38:20 [TestNG-tests-2] INFO  com.orangehrm.BaseTest - Logged in as Admin
2026-08-17 22:38:25 [TestNG-tests-2] ERROR com.orangehrm.listeners.RetryAnalyzer - Test 'testSearchExistingEmployee' failed. Retry attempt 2 of 2
2026-08-17 22:38:25 [TestNG-tests-2] INFO  com.orangehrm.BaseTest - Closing driver for thread 26
2026-08-17 22:38:26 [TestNG-tests-2] INFO  com.orangehrm.BaseTest - Driver started for thread 26
2026-08-17 22:38:26 [TestNG-tests-2] INFO  com.orangehrm.BaseTest - TC04 - searching for existing employee: Charlie Carter
2026-08-17 22:38:31 [TestNG-tests-2] INFO  com.orangehrm.BaseTest - Logged in as Admin
2026-08-17 22:38:35 [TestNG-tests-2] INFO  com.orangehrm.BaseTest - Closing driver for thread 26
2026-08-17 22:38:37 [TestNG-tests-2] INFO  com.orangehrm.BaseTest - Driver started for thread 26
2026-08-17 22:38:37 [TestNG-tests-2] INFO  com.orangehrm.BaseTest - TC05 - searching for non-existing employee: Zzqx Notreal
2026-08-17 22:38:42 [TestNG-tests-2] INFO  com.orangehrm.BaseTest - Logged in as Admin
2026-08-17 22:38:52 [TestNG-tests-2] INFO  com.orangehrm.BaseTest - Closing driver for thread 26
2026-08-17 22:38:54 [TestNG-tests-2] INFO  com.orangehrm.BaseTest - Driver started for thread 26
2026-08-17 22:38:54 [TestNG-tests-2] INFO  com.orangehrm.BaseTest - TC05 - searching for non-existing employee: Ghost Employee 999
2026-08-17 22:38:59 [TestNG-tests-2] INFO  com.orangehrm.BaseTest - Logged in as Admin
2026-08-17 22:39:09 [TestNG-tests-2] INFO  com.orangehrm.BaseTest - Closing driver for thread 26
2026-08-17 22:39:11 [TestNG-tests-2] INFO  com.orangehrm.BaseTest - Driver started for thread 26
2026-08-17 22:39:11 [TestNG-tests-2] INFO  com.orangehrm.BaseTest - TC08 - creating employee Nada Tester550178
2026-08-17 22:39:15 [TestNG-tests-2] INFO  com.orangehrm.BaseTest - Logged in as Admin
2026-08-17 22:39:29 [TestNG-tests-2] INFO  com.orangehrm.BaseTest - Closing driver for thread 26
2026-08-17 22:39:31 [TestNG-tests-2] INFO  com.orangehrm.BaseTest - Driver started for thread 26
2026-08-17 22:39:31 [TestNG-tests-2] INFO  com.orangehrm.BaseTest - TC07 - saving an employee without a first name
2026-08-17 22:39:35 [TestNG-tests-2] INFO  com.orangehrm.BaseTest - Logged in as Admin
2026-08-17 22:39:40 [TestNG-tests-2] INFO  com.orangehrm.BaseTest - Closing driver for thread 26
2026-08-17 22:39:42 [TestNG-tests-2] INFO  com.orangehrm.BaseTest - Driver started for thread 26
2026-08-17 22:39:42 [TestNG-tests-2] INFO  com.orangehrm.BaseTest - TC06 - opening the Add Employee page
2026-08-17 22:39:47 [TestNG-tests-2] INFO  com.orangehrm.BaseTest - Logged in as Admin
2026-08-17 22:39:50 [TestNG-tests-2] INFO  com.orangehrm.BaseTest - Closing driver for thread 26
2026-08-17 22:42:10 [TestNG-tests-2] INFO  com.orangehrm.BaseTest - Driver started for thread 27
2026-08-17 22:42:10 [TestNG-tests-1] INFO  com.orangehrm.BaseTest - Driver started for thread 26
2026-08-17 22:42:10 [TestNG-tests-3] INFO  com.orangehrm.BaseTest - Driver started for thread 28
2026-08-17 22:42:11 [TestNG-tests-2] INFO  com.orangehrm.BaseTest - TC04 - searching for existing employee: Odis Adalwin
2026-08-17 22:42:11 [TestNG-tests-3] INFO  com.orangehrm.BaseTest - TC09 - verifying the Add User form fields
2026-08-17 22:42:11 [TestNG-tests-1] INFO  com.orangehrm.BaseTest - TC03 - login with empty fields
2026-08-17 22:42:20 [TestNG-tests-2] INFO  com.orangehrm.BaseTest - Logged in as Admin
2026-08-17 22:42:22 [TestNG-tests-3] INFO  com.orangehrm.BaseTest - Logged in as Admin
2026-08-17 22:42:25 [TestNG-tests-1] ERROR com.orangehrm.listeners.RetryAnalyzer - Test 'testLoginWithEmptyFields' failed. Retry attempt 1 of 2
2026-08-17 22:42:25 [TestNG-tests-1] INFO  com.orangehrm.BaseTest - Closing driver for thread 26
2026-08-17 22:42:27 [TestNG-tests-1] INFO  com.orangehrm.BaseTest - Driver started for thread 26
2026-08-17 22:42:27 [TestNG-tests-1] INFO  com.orangehrm.BaseTest - TC03 - login with empty fields
2026-08-17 22:42:28 [TestNG-tests-2] ERROR com.orangehrm.listeners.RetryAnalyzer - Test 'testSearchExistingEmployee' failed. Retry attempt 1 of 2
2026-08-17 22:42:28 [TestNG-tests-2] INFO  com.orangehrm.BaseTest - Closing driver for thread 27
2026-08-17 22:42:29 [TestNG-tests-3] INFO  com.orangehrm.BaseTest - Closing driver for thread 28
2026-08-17 22:42:30 [TestNG-tests-2] INFO  com.orangehrm.BaseTest - Driver started for thread 27
2026-08-17 22:42:30 [TestNG-tests-2] INFO  com.orangehrm.BaseTest - TC04 - searching for existing employee: Odis Adalwin
2026-08-17 22:42:31 [TestNG-tests-3] INFO  com.orangehrm.BaseTest - Driver started for thread 28
2026-08-17 22:42:31 [TestNG-tests-3] INFO  com.orangehrm.BaseTest - TC10 - verifying the footer branding link
2026-08-17 22:42:34 [TestNG-tests-1] INFO  com.orangehrm.BaseTest - Closing driver for thread 26
2026-08-17 22:42:35 [TestNG-tests-1] INFO  com.orangehrm.BaseTest - Driver started for thread 26
2026-08-17 22:42:35 [TestNG-tests-1] INFO  com.orangehrm.BaseTest - TC02 - login with invalid credentials: WrongUser
2026-08-17 22:42:38 [TestNG-tests-2] INFO  com.orangehrm.BaseTest - Logged in as Admin
2026-08-17 22:42:43 [TestNG-tests-3] INFO  com.orangehrm.BaseTest - Logged in as Admin
2026-08-17 22:42:44 [TestNG-tests-2] ERROR com.orangehrm.listeners.RetryAnalyzer - Test 'testSearchExistingEmployee' failed. Retry attempt 2 of 2
2026-08-17 22:42:44 [TestNG-tests-2] INFO  com.orangehrm.BaseTest - Closing driver for thread 27
2026-08-17 22:42:45 [TestNG-tests-2] INFO  com.orangehrm.BaseTest - Driver started for thread 27
2026-08-17 22:42:45 [TestNG-tests-2] INFO  com.orangehrm.BaseTest - TC04 - searching for existing employee: Odis Adalwin
2026-08-17 22:42:49 [TestNG-tests-1] INFO  com.orangehrm.BaseTest - Closing driver for thread 26
2026-08-17 22:42:51 [TestNG-tests-1] INFO  com.orangehrm.BaseTest - Driver started for thread 26
2026-08-17 22:42:51 [TestNG-tests-1] INFO  com.orangehrm.BaseTest - TC02 - login with invalid credentials: Admin
2026-08-17 22:42:57 [TestNG-tests-2] INFO  com.orangehrm.BaseTest - Logged in as Admin
2026-08-17 22:43:08 [TestNG-tests-2] INFO  com.orangehrm.BaseTest - Closing driver for thread 27
2026-08-17 22:43:09 [TestNG-tests-3] INFO  com.orangehrm.BaseTest - Closing driver for thread 28
2026-08-17 22:43:10 [TestNG-tests-2] INFO  com.orangehrm.BaseTest - Driver started for thread 27
2026-08-17 22:43:10 [TestNG-tests-2] INFO  com.orangehrm.BaseTest - TC04 - searching for existing employee: Charlie Carter
2026-08-17 22:43:11 [TestNG-tests-1] INFO  com.orangehrm.BaseTest - Closing driver for thread 26
2026-08-17 22:43:11 [TestNG-tests-3] INFO  com.orangehrm.BaseTest - Driver started for thread 28
2026-08-17 22:43:11 [TestNG-tests-3] INFO  com.orangehrm.BaseTest - TC11 - verifying the sidebar menu items
2026-08-17 22:43:13 [TestNG-tests-1] INFO  com.orangehrm.BaseTest - Driver started for thread 26
2026-08-17 22:43:13 [TestNG-tests-1] INFO  com.orangehrm.BaseTest - TC02 - login with invalid credentials: admin!!
2026-08-17 22:43:16 [TestNG-tests-2] INFO  com.orangehrm.BaseTest - Logged in as Admin
2026-08-17 22:43:21 [TestNG-tests-3] INFO  com.orangehrm.BaseTest - Logged in as Admin
2026-08-17 22:43:21 [TestNG-tests-2] ERROR com.orangehrm.listeners.RetryAnalyzer - Test 'testSearchExistingEmployee' failed. Retry attempt 1 of 2
2026-08-17 22:43:21 [TestNG-tests-2] INFO  com.orangehrm.BaseTest - Closing driver for thread 27
2026-08-17 22:43:23 [TestNG-tests-3] INFO  com.orangehrm.BaseTest - Closing driver for thread 28
2026-08-17 22:43:24 [TestNG-tests-2] INFO  com.orangehrm.BaseTest - Driver started for thread 27
2026-08-17 22:43:24 [TestNG-tests-2] INFO  com.orangehrm.BaseTest - TC04 - searching for existing employee: Charlie Carter
2026-08-17 22:43:24 [TestNG-tests-1] INFO  com.orangehrm.BaseTest - Closing driver for thread 26
2026-08-17 22:43:25 [TestNG-tests-1] INFO  com.orangehrm.BaseTest - Driver started for thread 26
2026-08-17 22:43:25 [TestNG-tests-1] INFO  com.orangehrm.BaseTest - TC01 - login with valid credentials: Admin
2026-08-17 22:43:27 [TestNG-tests-2] INFO  com.orangehrm.BaseTest - Logged in as Admin
2026-08-17 22:43:34 [TestNG-tests-1] INFO  com.orangehrm.BaseTest - Closing driver for thread 26
2026-08-17 22:43:34 [TestNG-tests-2] ERROR com.orangehrm.listeners.RetryAnalyzer - Test 'testSearchExistingEmployee' failed. Retry attempt 2 of 2
2026-08-17 22:43:34 [TestNG-tests-2] INFO  com.orangehrm.BaseTest - Closing driver for thread 27
2026-08-17 22:43:36 [TestNG-tests-2] INFO  com.orangehrm.BaseTest - Driver started for thread 27
2026-08-17 22:43:36 [TestNG-tests-2] INFO  com.orangehrm.BaseTest - TC04 - searching for existing employee: Charlie Carter
2026-08-17 22:43:41 [TestNG-tests-2] INFO  com.orangehrm.BaseTest - Logged in as Admin
2026-08-17 22:43:55 [TestNG-tests-2] INFO  com.orangehrm.BaseTest - Closing driver for thread 27
2026-08-17 22:43:57 [TestNG-tests-2] INFO  com.orangehrm.BaseTest - Driver started for thread 27
2026-08-17 22:43:57 [TestNG-tests-2] INFO  com.orangehrm.BaseTest - TC05 - searching for non-existing employee: Zzqx Notreal
2026-08-17 22:44:01 [TestNG-tests-2] INFO  com.orangehrm.BaseTest - Logged in as Admin
2026-08-17 22:44:15 [TestNG-tests-2] INFO  com.orangehrm.BaseTest - Closing driver for thread 27
2026-08-17 22:44:17 [TestNG-tests-2] INFO  com.orangehrm.BaseTest - Driver started for thread 27
2026-08-17 22:44:17 [TestNG-tests-2] INFO  com.orangehrm.BaseTest - TC05 - searching for non-existing employee: Ghost Employee 999
2026-08-17 22:44:21 [TestNG-tests-2] INFO  com.orangehrm.BaseTest - Logged in as Admin
2026-08-17 22:44:26 [TestNG-tests-2] INFO  com.orangehrm.BaseTest - Closing driver for thread 27
2026-08-17 22:44:28 [TestNG-tests-2] INFO  com.orangehrm.BaseTest - Driver started for thread 27
2026-08-17 22:44:28 [TestNG-tests-2] INFO  com.orangehrm.BaseTest - TC08 - creating employee Nada Tester866736
2026-08-17 22:44:32 [TestNG-tests-2] INFO  com.orangehrm.BaseTest - Logged in as Admin
2026-08-17 22:44:53 [TestNG-tests-2] INFO  com.orangehrm.BaseTest - Closing driver for thread 27
2026-08-17 22:44:55 [TestNG-tests-2] INFO  com.orangehrm.BaseTest - Driver started for thread 27
2026-08-17 22:44:55 [TestNG-tests-2] INFO  com.orangehrm.BaseTest - TC07 - saving an employee without a first name
2026-08-17 22:44:59 [TestNG-tests-2] INFO  com.orangehrm.BaseTest - Logged in as Admin
2026-08-17 22:45:04 [TestNG-tests-2] INFO  com.orangehrm.BaseTest - Closing driver for thread 27
2026-08-17 22:45:06 [TestNG-tests-2] INFO  com.orangehrm.BaseTest - Driver started for thread 27
2026-08-17 22:45:06 [TestNG-tests-2] INFO  com.orangehrm.BaseTest - TC06 - opening the Add Employee page
2026-08-17 22:45:10 [TestNG-tests-2] INFO  com.orangehrm.BaseTest - Logged in as Admin
2026-08-17 22:45:14 [TestNG-tests-2] INFO  com.orangehrm.BaseTest - Closing driver for thread 27
2026-08-17 23:42:58 [TestNG-tests-1] INFO  com.orangehrm.base.BaseTest - Driver started for thread 24
2026-08-17 23:42:59 [TestNG-tests-1] INFO  com.orangehrm.base.BaseTest - TC03 - login with empty fields
2026-08-17 23:43:03 [TestNG-tests-3] INFO  com.orangehrm.base.BaseTest - Driver started for thread 26
2026-08-17 23:43:03 [TestNG-tests-3] INFO  com.orangehrm.base.BaseTest - TC09 - verifying the Add User form fields
2026-08-17 23:43:04 [TestNG-tests-2] INFO  com.orangehrm.base.BaseTest - Driver started for thread 25
2026-08-17 23:43:04 [TestNG-tests-2] INFO  com.orangehrm.base.BaseTest - TC04 - searching for existing employee: Odis Adalwin
2026-08-17 23:43:04 [TestNG-tests-1] INFO  com.orangehrm.base.BaseTest - Closing driver for thread 24
2026-08-17 23:43:06 [TestNG-tests-1] INFO  com.orangehrm.base.BaseTest - Driver started for thread 24
2026-08-17 23:43:06 [TestNG-tests-1] INFO  com.orangehrm.base.BaseTest - TC02 - login with invalid credentials: WrongUser
2026-08-17 23:43:10 [TestNG-tests-3] INFO  com.orangehrm.base.BaseTest - Logged in as Admin
2026-08-17 23:43:14 [TestNG-tests-2] INFO  com.orangehrm.base.BaseTest - Logged in as Admin
2026-08-17 23:43:16 [TestNG-tests-3] INFO  com.orangehrm.base.BaseTest - Closing driver for thread 26
2026-08-17 23:43:18 [TestNG-tests-1] INFO  com.orangehrm.base.BaseTest - Closing driver for thread 24
2026-08-17 23:43:19 [TestNG-tests-3] INFO  com.orangehrm.base.BaseTest - Driver started for thread 26
2026-08-17 23:43:19 [TestNG-tests-3] INFO  com.orangehrm.base.BaseTest - TC10 - verifying the footer branding link
2026-08-17 23:43:19 [TestNG-tests-2] ERROR com.orangehrm.listeners.RetryAnalyzer - Test 'testSearchExistingEmployee' failed. Retry attempt 1 of 2
2026-08-17 23:43:19 [TestNG-tests-2] INFO  com.orangehrm.base.BaseTest - Closing driver for thread 25
2026-08-17 23:43:20 [TestNG-tests-1] INFO  com.orangehrm.base.BaseTest - Driver started for thread 24
2026-08-17 23:43:20 [TestNG-tests-1] INFO  com.orangehrm.base.BaseTest - TC02 - login with invalid credentials: Admin
2026-08-17 23:43:23 [TestNG-tests-2] INFO  com.orangehrm.base.BaseTest - Driver started for thread 25
2026-08-17 23:43:23 [TestNG-tests-2] INFO  com.orangehrm.base.BaseTest - TC04 - searching for existing employee: Odis Adalwin
2026-08-17 23:43:23 [TestNG-tests-3] INFO  com.orangehrm.base.BaseTest - Logged in as Admin
2026-08-17 23:43:27 [TestNG-tests-1] INFO  com.orangehrm.base.BaseTest - Closing driver for thread 24
2026-08-17 23:43:27 [TestNG-tests-2] INFO  com.orangehrm.base.BaseTest - Logged in as Admin
2026-08-17 23:43:29 [TestNG-tests-1] INFO  com.orangehrm.base.BaseTest - Driver started for thread 24
2026-08-17 23:43:29 [TestNG-tests-1] INFO  com.orangehrm.base.BaseTest - TC02 - login with invalid credentials: admin!!
2026-08-17 23:43:32 [TestNG-tests-3] INFO  com.orangehrm.base.BaseTest - Closing driver for thread 26
2026-08-17 23:43:32 [TestNG-tests-2] ERROR com.orangehrm.listeners.RetryAnalyzer - Test 'testSearchExistingEmployee' failed. Retry attempt 2 of 2
2026-08-17 23:43:32 [TestNG-tests-2] INFO  com.orangehrm.base.BaseTest - Closing driver for thread 25
2026-08-17 23:43:34 [TestNG-tests-3] INFO  com.orangehrm.base.BaseTest - Driver started for thread 26
2026-08-17 23:43:34 [TestNG-tests-3] INFO  com.orangehrm.base.BaseTest - TC11 - verifying the sidebar menu items
2026-08-17 23:43:35 [TestNG-tests-2] INFO  com.orangehrm.base.BaseTest - Driver started for thread 25
2026-08-17 23:43:35 [TestNG-tests-2] INFO  com.orangehrm.base.BaseTest - TC04 - searching for existing employee: Odis Adalwin
2026-08-17 23:43:37 [TestNG-tests-1] INFO  com.orangehrm.base.BaseTest - Closing driver for thread 24
2026-08-17 23:43:39 [TestNG-tests-1] INFO  com.orangehrm.base.BaseTest - Driver started for thread 24
2026-08-17 23:43:39 [TestNG-tests-1] INFO  com.orangehrm.base.BaseTest - TC01 - login with valid credentials: Admin
2026-08-17 23:43:41 [TestNG-tests-3] INFO  com.orangehrm.base.BaseTest - Logged in as Admin
2026-08-17 23:43:43 [TestNG-tests-3] INFO  com.orangehrm.base.BaseTest - Closing driver for thread 26
2026-08-17 23:43:43 [TestNG-tests-2] INFO  com.orangehrm.base.BaseTest - Logged in as Admin
2026-08-17 23:43:48 [TestNG-tests-2] INFO  com.orangehrm.base.BaseTest - Closing driver for thread 25
2026-08-17 23:43:49 [TestNG-tests-1] INFO  com.orangehrm.base.BaseTest - Closing driver for thread 24
2026-08-17 23:43:50 [TestNG-tests-2] INFO  com.orangehrm.base.BaseTest - Driver started for thread 25
2026-08-17 23:43:50 [TestNG-tests-2] INFO  com.orangehrm.base.BaseTest - TC04 - searching for existing employee: Charlie Carter
2026-08-17 23:43:54 [TestNG-tests-2] INFO  com.orangehrm.base.BaseTest - Logged in as Admin
2026-08-17 23:43:58 [TestNG-tests-2] ERROR com.orangehrm.listeners.RetryAnalyzer - Test 'testSearchExistingEmployee' failed. Retry attempt 1 of 2
2026-08-17 23:43:58 [TestNG-tests-2] INFO  com.orangehrm.base.BaseTest - Closing driver for thread 25
2026-08-17 23:44:00 [TestNG-tests-2] INFO  com.orangehrm.base.BaseTest - Driver started for thread 25
2026-08-17 23:44:00 [TestNG-tests-2] INFO  com.orangehrm.base.BaseTest - TC04 - searching for existing employee: Charlie Carter
2026-08-17 23:44:04 [TestNG-tests-2] INFO  com.orangehrm.base.BaseTest - Logged in as Admin
2026-08-17 23:44:09 [TestNG-tests-2] ERROR com.orangehrm.listeners.RetryAnalyzer - Test 'testSearchExistingEmployee' failed. Retry attempt 2 of 2
2026-08-17 23:44:09 [TestNG-tests-2] INFO  com.orangehrm.base.BaseTest - Closing driver for thread 25
2026-08-17 23:44:10 [TestNG-tests-2] INFO  com.orangehrm.base.BaseTest - Driver started for thread 25
2026-08-17 23:44:10 [TestNG-tests-2] INFO  com.orangehrm.base.BaseTest - TC04 - searching for existing employee: Charlie Carter
2026-08-17 23:44:15 [TestNG-tests-2] INFO  com.orangehrm.base.BaseTest - Logged in as Admin
2026-08-17 23:44:19 [TestNG-tests-2] INFO  com.orangehrm.base.BaseTest - Closing driver for thread 25
2026-08-17 23:44:21 [TestNG-tests-2] INFO  com.orangehrm.base.BaseTest - Driver started for thread 25
2026-08-17 23:44:21 [TestNG-tests-2] INFO  com.orangehrm.base.BaseTest - TC05 - searching for non-existing employee: Zzqx Notreal
2026-08-17 23:44:25 [TestNG-tests-2] INFO  com.orangehrm.base.BaseTest - Logged in as Admin
2026-08-17 23:44:39 [TestNG-tests-2] INFO  com.orangehrm.base.BaseTest - Closing driver for thread 25
2026-08-17 23:44:41 [TestNG-tests-2] INFO  com.orangehrm.base.BaseTest - Driver started for thread 25
2026-08-17 23:44:41 [TestNG-tests-2] INFO  com.orangehrm.base.BaseTest - TC05 - searching for non-existing employee: Ghost Employee 999
2026-08-17 23:44:45 [TestNG-tests-2] INFO  com.orangehrm.base.BaseTest - Logged in as Admin
2026-08-17 23:44:51 [TestNG-tests-2] INFO  com.orangehrm.base.BaseTest - Closing driver for thread 25
2026-08-17 23:44:53 [TestNG-tests-2] INFO  com.orangehrm.base.BaseTest - Driver started for thread 25
2026-08-17 23:44:53 [TestNG-tests-2] INFO  com.orangehrm.base.BaseTest - TC08 - creating employee Nada Tester491909
2026-08-17 23:44:57 [TestNG-tests-2] INFO  com.orangehrm.base.BaseTest - Logged in as Admin
2026-08-17 23:45:10 [TestNG-tests-2] INFO  com.orangehrm.base.BaseTest - Closing driver for thread 25
2026-08-17 23:45:11 [TestNG-tests-2] INFO  com.orangehrm.base.BaseTest - Driver started for thread 25
2026-08-17 23:45:11 [TestNG-tests-2] INFO  com.orangehrm.base.BaseTest - TC07 - saving an employee without a first name
2026-08-17 23:45:16 [TestNG-tests-2] INFO  com.orangehrm.base.BaseTest - Logged in as Admin
2026-08-17 23:45:20 [TestNG-tests-2] INFO  com.orangehrm.base.BaseTest - Closing driver for thread 25
2026-08-17 23:45:22 [TestNG-tests-2] INFO  com.orangehrm.base.BaseTest - Driver started for thread 25
2026-08-17 23:45:22 [TestNG-tests-2] INFO  com.orangehrm.base.BaseTest - TC06 - opening the Add Employee page
2026-08-17 23:45:26 [TestNG-tests-2] INFO  com.orangehrm.base.BaseTest - Logged in as Admin
2026-08-17 23:45:30 [TestNG-tests-2] INFO  com.orangehrm.base.BaseTest - Closing driver for thread 25
2026-08-17 23:54:21 [TestNG-tests-3] INFO  com.orangehrm.base.BaseTest - Driver started for thread 27
2026-08-17 23:54:21 [TestNG-tests-2] INFO  com.orangehrm.base.BaseTest - Driver started for thread 26
2026-08-17 23:54:21 [TestNG-tests-1] INFO  com.orangehrm.base.BaseTest - Driver started for thread 25
2026-08-17 23:54:21 [TestNG-tests-2] INFO  com.orangehrm.base.BaseTest - TC04 - searching for existing employee: Odis Adalwin
2026-08-17 23:54:21 [TestNG-tests-3] INFO  com.orangehrm.base.BaseTest - TC09 - verifying the Add User form fields
2026-08-17 23:54:21 [TestNG-tests-1] INFO  com.orangehrm.base.BaseTest - TC03 - login with empty fields
2026-08-17 23:54:31 [TestNG-tests-2] INFO  com.orangehrm.base.BaseTest - Logged in as Admin
2026-08-17 23:54:31 [TestNG-tests-1] INFO  com.orangehrm.base.BaseTest - Closing driver for thread 25
2026-08-17 23:54:32 [TestNG-tests-3] INFO  com.orangehrm.base.BaseTest - Logged in as Admin
2026-08-17 23:54:33 [TestNG-tests-1] INFO  com.orangehrm.base.BaseTest - Driver started for thread 25
2026-08-17 23:54:33 [TestNG-tests-1] INFO  com.orangehrm.base.BaseTest - TC02 - login with invalid credentials: WrongUser
2026-08-17 23:54:38 [TestNG-tests-3] INFO  com.orangehrm.base.BaseTest - Closing driver for thread 27
2026-08-17 23:54:38 [TestNG-tests-2] ERROR com.orangehrm.listeners.RetryAnalyzer - Test 'testSearchExistingEmployee' failed. Retry attempt 1 of 2
2026-08-17 23:54:38 [TestNG-tests-2] INFO  com.orangehrm.base.BaseTest - Closing driver for thread 26
2026-08-17 23:54:39 [TestNG-tests-3] INFO  com.orangehrm.base.BaseTest - Driver started for thread 27
2026-08-17 23:54:39 [TestNG-tests-3] INFO  com.orangehrm.base.BaseTest - TC10 - verifying the footer branding link
2026-08-17 23:54:40 [TestNG-tests-2] INFO  com.orangehrm.base.BaseTest - Driver started for thread 26
2026-08-17 23:54:40 [TestNG-tests-2] INFO  com.orangehrm.base.BaseTest - TC04 - searching for existing employee: Odis Adalwin
2026-08-17 23:54:43 [TestNG-tests-1] INFO  com.orangehrm.base.BaseTest - Closing driver for thread 25
2026-08-17 23:54:45 [TestNG-tests-1] INFO  com.orangehrm.base.BaseTest - Driver started for thread 25
2026-08-17 23:54:45 [TestNG-tests-1] INFO  com.orangehrm.base.BaseTest - TC02 - login with invalid credentials: Admin
2026-08-17 23:55:13 [TestNG-tests-3] ERROR com.orangehrm.listeners.RetryAnalyzer - Test 'testFooterBrandingLink' failed. Retry attempt 1 of 2
2026-08-17 23:55:13 [TestNG-tests-3] INFO  com.orangehrm.base.BaseTest - Closing driver for thread 27
2026-08-17 23:55:15 [TestNG-tests-3] INFO  com.orangehrm.base.BaseTest - Driver started for thread 27
2026-08-17 23:55:15 [TestNG-tests-3] INFO  com.orangehrm.base.BaseTest - TC10 - verifying the footer branding link
2026-08-17 23:55:15 [TestNG-tests-2] INFO  com.orangehrm.base.BaseTest - Logged in as Admin
2026-08-17 23:55:21 [TestNG-tests-2] ERROR com.orangehrm.listeners.RetryAnalyzer - Test 'testSearchExistingEmployee' failed. Retry attempt 2 of 2
2026-08-17 23:55:21 [TestNG-tests-2] INFO  com.orangehrm.base.BaseTest - Closing driver for thread 26
2026-08-17 23:55:23 [TestNG-tests-2] INFO  com.orangehrm.base.BaseTest - Driver started for thread 26
2026-08-17 23:55:23 [TestNG-tests-2] INFO  com.orangehrm.base.BaseTest - TC04 - searching for existing employee: Odis Adalwin
2026-08-17 23:55:25 [TestNG-tests-1] INFO  com.orangehrm.base.BaseTest - Closing driver for thread 25
2026-08-17 23:55:27 [TestNG-tests-1] INFO  com.orangehrm.base.BaseTest - Driver started for thread 25
2026-08-17 23:55:27 [TestNG-tests-1] INFO  com.orangehrm.base.BaseTest - TC02 - login with invalid credentials: admin!!
2026-08-17 23:55:33 [TestNG-tests-2] INFO  com.orangehrm.base.BaseTest - Logged in as Admin
2026-08-17 23:55:38 [TestNG-tests-2] INFO  com.orangehrm.base.BaseTest - Closing driver for thread 26
2026-08-17 23:55:40 [TestNG-tests-3] INFO  com.orangehrm.base.BaseTest - Logged in as Admin
2026-08-17 23:55:40 [TestNG-tests-2] INFO  com.orangehrm.base.BaseTest - Driver started for thread 26
2026-08-17 23:55:40 [TestNG-tests-2] INFO  com.orangehrm.base.BaseTest - TC04 - searching for existing employee: Charlie Carter
2026-08-17 23:56:01 [TestNG-tests-1] INFO  com.orangehrm.base.BaseTest - Closing driver for thread 25
2026-08-17 23:56:03 [TestNG-tests-1] INFO  com.orangehrm.base.BaseTest - Driver started for thread 25
2026-08-17 23:56:03 [TestNG-tests-1] INFO  com.orangehrm.base.BaseTest - TC01 - login with valid credentials: Admin
2026-08-17 23:56:05 [TestNG-tests-2] INFO  com.orangehrm.base.BaseTest - Logged in as Admin
2026-08-17 23:56:07 [TestNG-tests-3] INFO  com.orangehrm.base.BaseTest - Closing driver for thread 27
2026-08-17 23:56:09 [TestNG-tests-3] INFO  com.orangehrm.base.BaseTest - Driver started for thread 27
2026-08-17 23:56:09 [TestNG-tests-3] INFO  com.orangehrm.base.BaseTest - TC11 - verifying the sidebar menu items
2026-08-17 23:56:11 [TestNG-tests-2] ERROR com.orangehrm.listeners.RetryAnalyzer - Test 'testSearchExistingEmployee' failed. Retry attempt 1 of 2
2026-08-17 23:56:11 [TestNG-tests-2] INFO  com.orangehrm.base.BaseTest - Closing driver for thread 26
2026-08-17 23:56:13 [TestNG-tests-2] INFO  com.orangehrm.base.BaseTest - Driver started for thread 26
2026-08-17 23:56:13 [TestNG-tests-2] INFO  com.orangehrm.base.BaseTest - TC04 - searching for existing employee: Charlie Carter
2026-08-17 23:56:15 [TestNG-tests-1] INFO  com.orangehrm.base.BaseTest - Closing driver for thread 25
2026-08-17 23:56:18 [TestNG-tests-3] INFO  com.orangehrm.base.BaseTest - Logged in as Admin
2026-08-17 23:56:20 [TestNG-tests-3] INFO  com.orangehrm.base.BaseTest - Closing driver for thread 27
2026-08-17 23:56:22 [TestNG-tests-2] INFO  com.orangehrm.base.BaseTest - Logged in as Admin
2026-08-17 23:56:26 [TestNG-tests-2] ERROR com.orangehrm.listeners.RetryAnalyzer - Test 'testSearchExistingEmployee' failed. Retry attempt 2 of 2
2026-08-17 23:56:26 [TestNG-tests-2] INFO  com.orangehrm.base.BaseTest - Closing driver for thread 26
2026-08-17 23:56:30 [TestNG-tests-2] INFO  com.orangehrm.base.BaseTest - Driver started for thread 26
2026-08-17 23:56:30 [TestNG-tests-2] INFO  com.orangehrm.base.BaseTest - TC04 - searching for existing employee: Charlie Carter
2026-08-17 23:56:34 [TestNG-tests-2] INFO  com.orangehrm.base.BaseTest - Logged in as Admin
2026-08-17 23:56:39 [TestNG-tests-2] INFO  com.orangehrm.base.BaseTest - Closing driver for thread 26
2026-08-17 23:56:41 [TestNG-tests-2] INFO  com.orangehrm.base.BaseTest - Driver started for thread 26
2026-08-17 23:56:41 [TestNG-tests-2] INFO  com.orangehrm.base.BaseTest - TC05 - searching for non-existing employee: Zzqx Notreal
2026-08-17 23:56:45 [TestNG-tests-2] INFO  com.orangehrm.base.BaseTest - Logged in as Admin
2026-08-17 23:56:50 [TestNG-tests-2] INFO  com.orangehrm.base.BaseTest - Closing driver for thread 26
2026-08-17 23:56:52 [TestNG-tests-2] INFO  com.orangehrm.base.BaseTest - Driver started for thread 26
2026-08-17 23:56:52 [TestNG-tests-2] INFO  com.orangehrm.base.BaseTest - TC05 - searching for non-existing employee: Ghost Employee 999
2026-08-17 23:56:57 [TestNG-tests-2] INFO  com.orangehrm.base.BaseTest - Logged in as Admin
2026-08-17 23:57:06 [TestNG-tests-2] INFO  com.orangehrm.base.BaseTest - Closing driver for thread 26
2026-08-17 23:57:08 [TestNG-tests-2] INFO  com.orangehrm.base.BaseTest - Driver started for thread 26
2026-08-17 23:57:08 [TestNG-tests-2] INFO  com.orangehrm.base.BaseTest - TC08 - creating employee Nada Tester226601
2026-08-17 23:57:12 [TestNG-tests-2] INFO  com.orangehrm.base.BaseTest - Logged in as Admin
2026-08-17 23:57:24 [TestNG-tests-2] INFO  com.orangehrm.base.BaseTest - Closing driver for thread 26
2026-08-17 23:57:26 [TestNG-tests-2] INFO  com.orangehrm.base.BaseTest - Driver started for thread 26
2026-08-17 23:57:26 [TestNG-tests-2] INFO  com.orangehrm.base.BaseTest - TC07 - saving an employee without a first name
2026-08-17 23:57:30 [TestNG-tests-2] INFO  com.orangehrm.base.BaseTest - Logged in as Admin
2026-08-17 23:57:35 [TestNG-tests-2] INFO  com.orangehrm.base.BaseTest - Closing driver for thread 26
2026-08-17 23:57:37 [TestNG-tests-2] INFO  com.orangehrm.base.BaseTest - Driver started for thread 26
2026-08-17 23:57:37 [TestNG-tests-2] INFO  com.orangehrm.base.BaseTest - TC06 - opening the Add Employee page
2026-08-17 23:57:40 [TestNG-tests-2] INFO  com.orangehrm.base.BaseTest - Logged in as Admin
2026-08-17 23:57:44 [TestNG-tests-2] INFO  com.orangehrm.base.BaseTest - Closing driver for thread 26
2026-08-18 00:02:45 [TestNG-tests-1] INFO  com.orangehrm.base.BaseTest - Driver started for thread 24
2026-08-18 00:02:45 [TestNG-tests-3] INFO  com.orangehrm.base.BaseTest - Driver started for thread 26
2026-08-18 00:02:45 [TestNG-tests-2] INFO  com.orangehrm.base.BaseTest - Driver started for thread 25
2026-08-18 00:02:46 [TestNG-tests-2] INFO  com.orangehrm.base.BaseTest - TC04 - searching for existing employee: Nada
2026-08-18 00:02:46 [TestNG-tests-3] INFO  com.orangehrm.base.BaseTest - TC09 - verifying the Add User form fields
2026-08-18 00:02:46 [TestNG-tests-1] INFO  com.orangehrm.base.BaseTest - TC03 - login with empty fields
2026-08-18 00:02:56 [TestNG-tests-2] INFO  com.orangehrm.base.BaseTest - Logged in as Admin
2026-08-18 00:02:57 [TestNG-tests-1] INFO  com.orangehrm.base.BaseTest - Closing driver for thread 24
2026-08-18 00:02:57 [TestNG-tests-3] INFO  com.orangehrm.base.BaseTest - Logged in as Admin
2026-08-18 00:02:59 [TestNG-tests-1] INFO  com.orangehrm.base.BaseTest - Driver started for thread 24
2026-08-18 00:02:59 [TestNG-tests-1] INFO  com.orangehrm.base.BaseTest - TC02 - login with invalid credentials: WrongUser
2026-08-18 00:03:02 [TestNG-tests-2] INFO  com.orangehrm.base.BaseTest - Closing driver for thread 25
2026-08-18 00:03:03 [TestNG-tests-3] INFO  com.orangehrm.base.BaseTest - Closing driver for thread 26
2026-08-18 00:03:05 [TestNG-tests-2] INFO  com.orangehrm.base.BaseTest - Driver started for thread 25
2026-08-18 00:03:05 [TestNG-tests-2] INFO  com.orangehrm.base.BaseTest - TC04 - searching for existing employee: Admin
2026-08-18 00:03:05 [TestNG-tests-3] INFO  com.orangehrm.base.BaseTest - Driver started for thread 26
2026-08-18 00:03:05 [TestNG-tests-3] INFO  com.orangehrm.base.BaseTest - TC10 - verifying the footer branding link
2026-08-18 00:03:08 [TestNG-tests-1] INFO  com.orangehrm.base.BaseTest - Closing driver for thread 24
2026-08-18 00:03:10 [TestNG-tests-1] INFO  com.orangehrm.base.BaseTest - Driver started for thread 24
2026-08-18 00:03:10 [TestNG-tests-1] INFO  com.orangehrm.base.BaseTest - TC02 - login with invalid credentials: Admin
2026-08-18 00:03:11 [TestNG-tests-2] INFO  com.orangehrm.base.BaseTest - Logged in as Admin
2026-08-18 00:03:15 [TestNG-tests-3] INFO  com.orangehrm.base.BaseTest - Logged in as Admin
2026-08-18 00:03:22 [TestNG-tests-1] INFO  com.orangehrm.base.BaseTest - Closing driver for thread 24
2026-08-18 00:03:24 [TestNG-tests-1] INFO  com.orangehrm.base.BaseTest - Driver started for thread 24
2026-08-18 00:03:24 [TestNG-tests-1] INFO  com.orangehrm.base.BaseTest - TC02 - login with invalid credentials: admin!!
2026-08-18 00:03:26 [TestNG-tests-2] ERROR com.orangehrm.listeners.RetryAnalyzer - Test 'testSearchExistingEmployee' failed. Retry attempt 1 of 2
2026-08-18 00:03:26 [TestNG-tests-2] INFO  com.orangehrm.base.BaseTest - Closing driver for thread 25
2026-08-18 00:03:28 [TestNG-tests-2] INFO  com.orangehrm.base.BaseTest - Driver started for thread 25
2026-08-18 00:03:28 [TestNG-tests-2] INFO  com.orangehrm.base.BaseTest - TC04 - searching for existing employee: Admin
2026-08-18 00:03:29 [TestNG-tests-3] INFO  com.orangehrm.base.BaseTest - Closing driver for thread 26
2026-08-18 00:03:31 [TestNG-tests-3] INFO  com.orangehrm.base.BaseTest - Driver started for thread 26
2026-08-18 00:03:31 [TestNG-tests-3] INFO  com.orangehrm.base.BaseTest - TC11 - verifying the sidebar menu items
2026-08-18 00:03:33 [TestNG-tests-1] INFO  com.orangehrm.base.BaseTest - Closing driver for thread 24
2026-08-18 00:03:33 [TestNG-tests-2] INFO  com.orangehrm.base.BaseTest - Logged in as Admin
2026-08-18 00:03:35 [TestNG-tests-1] INFO  com.orangehrm.base.BaseTest - Driver started for thread 24
2026-08-18 00:03:35 [TestNG-tests-1] INFO  com.orangehrm.base.BaseTest - TC01 - login with valid credentials: Admin
2026-08-18 00:03:38 [TestNG-tests-3] INFO  com.orangehrm.base.BaseTest - Logged in as Admin
2026-08-18 00:03:39 [TestNG-tests-2] ERROR com.orangehrm.listeners.RetryAnalyzer - Test 'testSearchExistingEmployee' failed. Retry attempt 2 of 2
2026-08-18 00:03:39 [TestNG-tests-2] INFO  com.orangehrm.base.BaseTest - Closing driver for thread 25
2026-08-18 00:03:40 [TestNG-tests-3] INFO  com.orangehrm.base.BaseTest - Closing driver for thread 26
2026-08-18 00:03:40 [TestNG-tests-2] INFO  com.orangehrm.base.BaseTest - Driver started for thread 25
2026-08-18 00:03:40 [TestNG-tests-2] INFO  com.orangehrm.base.BaseTest - TC04 - searching for existing employee: Admin
2026-08-18 00:03:43 [TestNG-tests-1] INFO  com.orangehrm.base.BaseTest - Closing driver for thread 24
2026-08-18 00:03:46 [TestNG-tests-2] INFO  com.orangehrm.base.BaseTest - Logged in as Admin
2026-08-18 00:03:51 [TestNG-tests-2] INFO  com.orangehrm.base.BaseTest - Closing driver for thread 25
2026-08-18 00:03:52 [TestNG-tests-2] INFO  com.orangehrm.base.BaseTest - Driver started for thread 25
2026-08-18 00:03:52 [TestNG-tests-2] INFO  com.orangehrm.base.BaseTest - TC05 - searching for non-existing employee: Zzqx Notreal
2026-08-18 00:03:57 [TestNG-tests-2] INFO  com.orangehrm.base.BaseTest - Logged in as Admin
2026-08-18 00:04:01 [TestNG-tests-2] INFO  com.orangehrm.base.BaseTest - Closing driver for thread 25
2026-08-18 00:04:03 [TestNG-tests-2] INFO  com.orangehrm.base.BaseTest - Driver started for thread 25
2026-08-18 00:04:03 [TestNG-tests-2] INFO  com.orangehrm.base.BaseTest - TC05 - searching for non-existing employee: Ghost Employee 999
2026-08-18 00:04:07 [TestNG-tests-2] INFO  com.orangehrm.base.BaseTest - Logged in as Admin
2026-08-18 00:04:12 [TestNG-tests-2] INFO  com.orangehrm.base.BaseTest - Closing driver for thread 25
2026-08-18 00:04:13 [TestNG-tests-2] INFO  com.orangehrm.base.BaseTest - Driver started for thread 25
2026-08-18 00:04:13 [TestNG-tests-2] INFO  com.orangehrm.base.BaseTest - TC08 - creating employee Nada Tester652518
2026-08-18 00:04:17 [TestNG-tests-2] INFO  com.orangehrm.base.BaseTest - Logged in as Admin
2026-08-18 00:04:29 [TestNG-tests-2] INFO  com.orangehrm.base.BaseTest - Closing driver for thread 25
2026-08-18 00:04:31 [TestNG-tests-2] INFO  com.orangehrm.base.BaseTest - Driver started for thread 25
2026-08-18 00:04:31 [TestNG-tests-2] INFO  com.orangehrm.base.BaseTest - TC07 - saving an employee without a first name
2026-08-18 00:04:35 [TestNG-tests-2] INFO  com.orangehrm.base.BaseTest - Logged in as Admin
2026-08-18 00:04:40 [TestNG-tests-2] INFO  com.orangehrm.base.BaseTest - Closing driver for thread 25
2026-08-18 00:04:41 [TestNG-tests-2] INFO  com.orangehrm.base.BaseTest - Driver started for thread 25
2026-08-18 00:04:41 [TestNG-tests-2] INFO  com.orangehrm.base.BaseTest - TC06 - opening the Add Employee page
2026-08-18 00:04:46 [TestNG-tests-2] INFO  com.orangehrm.base.BaseTest - Logged in as Admin
2026-08-18 00:04:50 [TestNG-tests-2] INFO  com.orangehrm.base.BaseTest - Closing driver for thread 25
2026-08-18 00:07:20 [TestNG-tests-3] INFO  com.orangehrm.base.BaseTest - Driver started for thread 26
2026-08-18 00:07:20 [TestNG-tests-3] INFO  com.orangehrm.base.BaseTest - TC09 - verifying the Add User form fields
2026-08-18 00:07:20 [TestNG-tests-1] INFO  com.orangehrm.base.BaseTest - Driver started for thread 24
2026-08-18 00:07:20 [TestNG-tests-1] INFO  com.orangehrm.base.BaseTest - TC03 - login with empty fields
2026-08-18 00:07:20 [TestNG-tests-2] INFO  com.orangehrm.base.BaseTest - Driver started for thread 25
2026-08-18 00:07:20 [TestNG-tests-2] INFO  com.orangehrm.base.BaseTest - TC04 - searching for existing employee: Nada
2026-08-18 00:07:30 [TestNG-tests-3] INFO  com.orangehrm.base.BaseTest - Logged in as Admin
2026-08-18 00:07:30 [TestNG-tests-2] INFO  com.orangehrm.base.BaseTest - Logged in as Admin
2026-08-18 00:07:31 [TestNG-tests-1] INFO  com.orangehrm.base.BaseTest - Closing driver for thread 24
2026-08-18 00:07:34 [TestNG-tests-1] INFO  com.orangehrm.base.BaseTest - Driver started for thread 24
2026-08-18 00:07:34 [TestNG-tests-1] INFO  com.orangehrm.base.BaseTest - TC02 - login with invalid credentials: WrongUser
2026-08-18 00:07:36 [TestNG-tests-3] INFO  com.orangehrm.base.BaseTest - Closing driver for thread 26
2026-08-18 00:07:36 [TestNG-tests-2] INFO  com.orangehrm.base.BaseTest - Closing driver for thread 25
2026-08-18 00:07:38 [TestNG-tests-3] INFO  com.orangehrm.base.BaseTest - Driver started for thread 26
2026-08-18 00:07:38 [TestNG-tests-3] INFO  com.orangehrm.base.BaseTest - TC10 - verifying the footer branding link
2026-08-18 00:07:39 [TestNG-tests-2] INFO  com.orangehrm.base.BaseTest - Driver started for thread 25
2026-08-18 00:07:39 [TestNG-tests-2] INFO  com.orangehrm.base.BaseTest - TC05 - searching for non-existing employee: Zzqx Notreal
2026-08-18 00:07:42 [TestNG-tests-1] INFO  com.orangehrm.base.BaseTest - Closing driver for thread 24
2026-08-18 00:07:43 [TestNG-tests-1] INFO  com.orangehrm.base.BaseTest - Driver started for thread 24
2026-08-18 00:07:43 [TestNG-tests-1] INFO  com.orangehrm.base.BaseTest - TC02 - login with invalid credentials: Admin
2026-08-18 00:07:48 [TestNG-tests-3] INFO  com.orangehrm.base.BaseTest - Logged in as Admin
2026-08-18 00:07:48 [TestNG-tests-2] INFO  com.orangehrm.base.BaseTest - Logged in as Admin
2026-08-18 00:07:54 [TestNG-tests-2] INFO  com.orangehrm.base.BaseTest - Closing driver for thread 25
2026-08-18 00:07:56 [TestNG-tests-2] INFO  com.orangehrm.base.BaseTest - Driver started for thread 25
2026-08-18 00:07:56 [TestNG-tests-2] INFO  com.orangehrm.base.BaseTest - TC05 - searching for non-existing employee: Ghost Employee 999
2026-08-18 00:07:56 [TestNG-tests-1] INFO  com.orangehrm.base.BaseTest - Closing driver for thread 24
2026-08-18 00:07:58 [TestNG-tests-1] INFO  com.orangehrm.base.BaseTest - Driver started for thread 24
2026-08-18 00:07:58 [TestNG-tests-1] INFO  com.orangehrm.base.BaseTest - TC02 - login with invalid credentials: admin!!
2026-08-18 00:08:08 [TestNG-tests-2] INFO  com.orangehrm.base.BaseTest - Logged in as Admin
2026-08-18 00:08:09 [TestNG-tests-1] INFO  com.orangehrm.base.BaseTest - Closing driver for thread 24
2026-08-18 00:08:11 [TestNG-tests-1] INFO  com.orangehrm.base.BaseTest - Driver started for thread 24
2026-08-18 00:08:11 [TestNG-tests-1] INFO  com.orangehrm.base.BaseTest - TC01 - login with valid credentials: Admin
2026-08-18 00:08:13 [TestNG-tests-2] INFO  com.orangehrm.base.BaseTest - Closing driver for thread 25
2026-08-18 00:08:15 [TestNG-tests-2] INFO  com.orangehrm.base.BaseTest - Driver started for thread 25
2026-08-18 00:08:15 [TestNG-tests-2] INFO  com.orangehrm.base.BaseTest - TC08 - creating employee Nada Tester893909
2026-08-18 00:08:20 [TestNG-tests-1] INFO  com.orangehrm.base.BaseTest - Closing driver for thread 24
2026-08-18 00:08:23 [TestNG-tests-2] INFO  com.orangehrm.base.BaseTest - Logged in as Admin
2026-08-18 00:08:33 [TestNG-tests-3] ERROR com.orangehrm.listeners.RetryAnalyzer - Test 'testFooterBrandingLink' failed. Retry attempt 1 of 2
2026-08-18 00:08:33 [TestNG-tests-3] INFO  com.orangehrm.base.BaseTest - Closing driver for thread 26
2026-08-18 00:08:35 [TestNG-tests-3] INFO  com.orangehrm.base.BaseTest - Driver started for thread 26
2026-08-18 00:08:35 [TestNG-tests-3] INFO  com.orangehrm.base.BaseTest - TC10 - verifying the footer branding link
2026-08-18 00:08:37 [TestNG-tests-2] ERROR com.orangehrm.listeners.RetryAnalyzer - Test 'testAddEmployeeEndToEnd' failed. Retry attempt 1 of 2
2026-08-18 00:08:37 [TestNG-tests-2] INFO  com.orangehrm.base.BaseTest - Closing driver for thread 25
2026-08-18 00:08:39 [TestNG-tests-2] INFO  com.orangehrm.base.BaseTest - Driver started for thread 25
2026-08-18 00:08:39 [TestNG-tests-2] INFO  com.orangehrm.base.BaseTest - TC08 - creating employee Nada Tester893909
2026-08-18 00:08:40 [TestNG-tests-3] INFO  com.orangehrm.base.BaseTest - Logged in as Admin
2026-08-18 00:08:46 [TestNG-tests-2] INFO  com.orangehrm.base.BaseTest - Logged in as Admin
2026-08-18 00:09:05 [TestNG-tests-2] INFO  com.orangehrm.base.BaseTest - Closing driver for thread 25
2026-08-18 00:09:07 [TestNG-tests-2] INFO  com.orangehrm.base.BaseTest - Driver started for thread 25
2026-08-18 00:09:07 [TestNG-tests-2] INFO  com.orangehrm.base.BaseTest - TC07 - saving an employee without a first name
2026-08-18 00:09:14 [TestNG-tests-2] INFO  com.orangehrm.base.BaseTest - Logged in as Admin
2026-08-18 00:09:16 [TestNG-tests-3] INFO  com.orangehrm.base.BaseTest - Closing driver for thread 26
2026-08-18 00:09:18 [TestNG-tests-3] INFO  com.orangehrm.base.BaseTest - Driver started for thread 26
2026-08-18 00:09:18 [TestNG-tests-3] INFO  com.orangehrm.base.BaseTest - TC11 - verifying the sidebar menu items
2026-08-18 00:09:19 [TestNG-tests-2] INFO  com.orangehrm.base.BaseTest - Closing driver for thread 25
2026-08-18 00:09:21 [TestNG-tests-2] INFO  com.orangehrm.base.BaseTest - Driver started for thread 25
2026-08-18 00:09:21 [TestNG-tests-2] INFO  com.orangehrm.base.BaseTest - TC06 - opening the Add Employee page
2026-08-18 00:09:23 [TestNG-tests-3] INFO  com.orangehrm.base.BaseTest - Logged in as Admin
2026-08-18 00:09:26 [TestNG-tests-3] INFO  com.orangehrm.base.BaseTest - Closing driver for thread 26
2026-08-18 00:09:26 [TestNG-tests-2] INFO  com.orangehrm.base.BaseTest - Logged in as Admin
2026-08-18 00:09:30 [TestNG-tests-2] INFO  com.orangehrm.base.BaseTest - Closing driver for thread 25
2026-08-18 00:44:00 [TestNG-tests-3] INFO  com.orangehrm.base.BaseTest - Driver started for thread 26
2026-08-18 00:44:00 [TestNG-tests-1] INFO  com.orangehrm.base.BaseTest - Driver started for thread 24
2026-08-18 00:44:01 [TestNG-tests-1] INFO  com.orangehrm.base.BaseTest - TC03 - login with empty fields
2026-08-18 00:44:01 [TestNG-tests-3] INFO  com.orangehrm.base.BaseTest - TC09 - verifying the Add User form fields
2026-08-18 00:44:02 [TestNG-tests-2] INFO  com.orangehrm.base.BaseTest - Driver started for thread 25
2026-08-18 00:44:02 [TestNG-tests-2] INFO  com.orangehrm.base.BaseTest - TC04 - searching for existing employee: Nada
2026-08-18 00:44:09 [TestNG-tests-1] INFO  com.orangehrm.base.BaseTest - Closing driver for thread 24
2026-08-18 00:44:10 [TestNG-tests-3] INFO  com.orangehrm.base.BaseTest - Logged in as Admin
2026-08-18 00:44:11 [TestNG-tests-1] INFO  com.orangehrm.base.BaseTest - Driver started for thread 24
2026-08-18 00:44:11 [TestNG-tests-1] INFO  com.orangehrm.base.BaseTest - TC02 - login with invalid credentials: WrongUser
2026-08-18 00:44:16 [TestNG-tests-3] INFO  com.orangehrm.base.BaseTest - Closing driver for thread 26
2026-08-18 00:44:18 [TestNG-tests-3] INFO  com.orangehrm.base.BaseTest - Driver started for thread 26
2026-08-18 00:44:18 [TestNG-tests-3] INFO  com.orangehrm.base.BaseTest - TC10 - verifying the footer branding link
2026-08-18 00:44:19 [TestNG-tests-2] INFO  com.orangehrm.base.BaseTest - Logged in as Admin
2026-08-18 00:44:25 [TestNG-tests-2] INFO  com.orangehrm.base.BaseTest - Closing driver for thread 25
2026-08-18 00:44:26 [TestNG-tests-1] INFO  com.orangehrm.base.BaseTest - Closing driver for thread 24
2026-08-18 00:44:27 [TestNG-tests-2] INFO  com.orangehrm.base.BaseTest - Driver started for thread 25
2026-08-18 00:44:27 [TestNG-tests-2] INFO  com.orangehrm.base.BaseTest - TC05 - searching for non-existing employee: Zzqx Notreal
2026-08-18 00:44:28 [TestNG-tests-1] INFO  com.orangehrm.base.BaseTest - Driver started for thread 24
2026-08-18 00:44:28 [TestNG-tests-1] INFO  com.orangehrm.base.BaseTest - TC02 - login with invalid credentials: Admin
2026-08-18 00:44:29 [TestNG-tests-3] INFO  com.orangehrm.base.BaseTest - Logged in as Admin
2026-08-18 00:44:36 [TestNG-tests-2] INFO  com.orangehrm.base.BaseTest - Logged in as Admin
2026-08-18 00:44:42 [TestNG-tests-1] INFO  com.orangehrm.base.BaseTest - Closing driver for thread 24
2026-08-18 00:44:44 [TestNG-tests-2] INFO  com.orangehrm.base.BaseTest - Closing driver for thread 25
2026-08-18 00:44:44 [TestNG-tests-1] INFO  com.orangehrm.base.BaseTest - Driver started for thread 24
2026-08-18 00:44:44 [TestNG-tests-1] INFO  com.orangehrm.base.BaseTest - TC02 - login with invalid credentials: admin!!
2026-08-18 00:44:46 [TestNG-tests-2] INFO  com.orangehrm.base.BaseTest - Driver started for thread 25
2026-08-18 00:44:46 [TestNG-tests-2] INFO  com.orangehrm.base.BaseTest - TC05 - searching for non-existing employee: Ghost Employee 999
2026-08-18 00:44:51 [TestNG-tests-1] INFO  com.orangehrm.base.BaseTest - Closing driver for thread 24
2026-08-18 00:44:52 [TestNG-tests-1] INFO  com.orangehrm.base.BaseTest - Driver started for thread 24
2026-08-18 00:44:52 [TestNG-tests-1] INFO  com.orangehrm.base.BaseTest - TC01 - login with valid credentials: Admin
2026-08-18 00:44:53 [TestNG-tests-2] INFO  com.orangehrm.base.BaseTest - Logged in as Admin
2026-08-18 00:44:59 [TestNG-tests-2] INFO  com.orangehrm.base.BaseTest - Closing driver for thread 25
2026-08-18 00:45:01 [TestNG-tests-2] INFO  com.orangehrm.base.BaseTest - Driver started for thread 25
2026-08-18 00:45:01 [TestNG-tests-2] INFO  com.orangehrm.base.BaseTest - TC08 - creating employee Nada Tester099724
2026-08-18 00:45:02 [TestNG-tests-1] INFO  com.orangehrm.base.BaseTest - Closing driver for thread 24
2026-08-18 00:45:06 [TestNG-tests-2] INFO  com.orangehrm.base.BaseTest - Logged in as Admin
2026-08-18 00:45:15 [TestNG-tests-3] ERROR com.orangehrm.listeners.RetryAnalyzer - Test 'testFooterBrandingLink' failed. Retry attempt 1 of 2
2026-08-18 00:45:15 [TestNG-tests-3] INFO  com.orangehrm.base.BaseTest - Closing driver for thread 26
2026-08-18 00:45:17 [TestNG-tests-3] INFO  com.orangehrm.base.BaseTest - Driver started for thread 26
2026-08-18 00:45:17 [TestNG-tests-3] INFO  com.orangehrm.base.BaseTest - TC10 - verifying the footer branding link
2026-08-18 00:45:18 [TestNG-tests-2] INFO  com.orangehrm.base.BaseTest - Closing driver for thread 25
2026-08-18 00:45:20 [TestNG-tests-2] INFO  com.orangehrm.base.BaseTest - Driver started for thread 25
2026-08-18 00:45:20 [TestNG-tests-2] INFO  com.orangehrm.base.BaseTest - TC07 - saving an employee without a first name
2026-08-18 00:45:21 [TestNG-tests-3] INFO  com.orangehrm.base.BaseTest - Logged in as Admin
2026-08-18 00:45:26 [TestNG-tests-2] INFO  com.orangehrm.base.BaseTest - Logged in as Admin
2026-08-18 00:45:31 [TestNG-tests-2] INFO  com.orangehrm.base.BaseTest - Closing driver for thread 25
2026-08-18 00:45:33 [TestNG-tests-2] INFO  com.orangehrm.base.BaseTest - Driver started for thread 25
2026-08-18 00:45:33 [TestNG-tests-2] INFO  com.orangehrm.base.BaseTest - TC06 - opening the Add Employee page
2026-08-18 00:45:33 [TestNG-tests-3] INFO  com.orangehrm.base.BaseTest - Closing driver for thread 26
2026-08-18 00:45:35 [TestNG-tests-3] INFO  com.orangehrm.base.BaseTest - Driver started for thread 26
2026-08-18 00:45:35 [TestNG-tests-3] INFO  com.orangehrm.base.BaseTest - TC11 - verifying the sidebar menu items
2026-08-18 00:46:07 [TestNG-tests-2] INFO  com.orangehrm.base.BaseTest - Logged in as Admin
2026-08-18 00:46:11 [TestNG-tests-3] INFO  com.orangehrm.base.BaseTest - Logged in as Admin
2026-08-18 00:46:13 [TestNG-tests-3] INFO  com.orangehrm.base.BaseTest - Closing driver for thread 26
2026-08-18 00:46:16 [TestNG-tests-2] INFO  com.orangehrm.base.BaseTest - Closing driver for thread 25
2026-08-18 00:52:05 [TestNG-tests-1] INFO  com.orangehrm.base.BaseTest - Driver started for thread 25
2026-08-18 00:52:05 [TestNG-tests-3] INFO  com.orangehrm.base.BaseTest - Driver started for thread 27
2026-08-18 00:52:06 [TestNG-tests-3] INFO  com.orangehrm.base.BaseTest - TC09 - verifying the Add User form fields
2026-08-18 00:52:06 [TestNG-tests-1] INFO  com.orangehrm.base.BaseTest - TC03 - login with empty fields
2026-08-18 00:52:06 [TestNG-tests-2] INFO  com.orangehrm.base.BaseTest - Driver started for thread 26
2026-08-18 00:52:06 [TestNG-tests-2] INFO  com.orangehrm.base.BaseTest - TC04 - searching for existing employee: Nada
2026-08-18 00:52:20 [TestNG-tests-2] INFO  com.orangehrm.base.BaseTest - Logged in as Admin
2026-08-18 00:52:20 [TestNG-tests-3] INFO  com.orangehrm.base.BaseTest - Logged in as Admin
2026-08-18 00:52:20 [TestNG-tests-1] INFO  com.orangehrm.base.BaseTest - Closing driver for thread 25
2026-08-18 00:52:22 [TestNG-tests-1] INFO  com.orangehrm.base.BaseTest - Driver started for thread 25
2026-08-18 00:52:22 [TestNG-tests-1] INFO  com.orangehrm.base.BaseTest - TC02 - login with invalid credentials: WrongUser
2026-08-18 00:52:27 [TestNG-tests-3] INFO  com.orangehrm.base.BaseTest - Closing driver for thread 27
2026-08-18 00:52:28 [TestNG-tests-2] INFO  com.orangehrm.base.BaseTest - Closing driver for thread 26
2026-08-18 00:52:28 [TestNG-tests-3] INFO  com.orangehrm.base.BaseTest - Driver started for thread 27
2026-08-18 00:52:28 [TestNG-tests-3] INFO  com.orangehrm.base.BaseTest - TC10 - verifying the footer branding link
2026-08-18 00:52:30 [TestNG-tests-2] INFO  com.orangehrm.base.BaseTest - Driver started for thread 26
2026-08-18 00:52:30 [TestNG-tests-2] INFO  com.orangehrm.base.BaseTest - TC05 - searching for non-existing employee: Zzqx Notreal
2026-08-18 00:52:32 [TestNG-tests-1] INFO  com.orangehrm.base.BaseTest - Closing driver for thread 25
2026-08-18 00:52:34 [TestNG-tests-1] INFO  com.orangehrm.base.BaseTest - Driver started for thread 25
2026-08-18 00:52:34 [TestNG-tests-1] INFO  com.orangehrm.base.BaseTest - TC02 - login with invalid credentials: Admin
2026-08-18 00:52:58 [TestNG-tests-2] INFO  com.orangehrm.base.BaseTest - Logged in as Admin
2026-08-18 00:53:07 [TestNG-tests-2] INFO  com.orangehrm.base.BaseTest - Closing driver for thread 26
2026-08-18 00:53:07 [TestNG-tests-1] INFO  com.orangehrm.base.BaseTest - Closing driver for thread 25
2026-08-18 00:53:09 [TestNG-tests-3] ERROR com.orangehrm.listeners.RetryAnalyzer - Test 'testFooterBrandingLink' failed. Retry attempt 1 of 2
2026-08-18 00:53:09 [TestNG-tests-3] INFO  com.orangehrm.base.BaseTest - Closing driver for thread 27
2026-08-18 00:53:10 [TestNG-tests-2] INFO  com.orangehrm.base.BaseTest - Driver started for thread 26
2026-08-18 00:53:10 [TestNG-tests-2] INFO  com.orangehrm.base.BaseTest - TC05 - searching for non-existing employee: Ghost Employee 999
2026-08-18 00:53:10 [TestNG-tests-1] INFO  com.orangehrm.base.BaseTest - Driver started for thread 25
2026-08-18 00:53:10 [TestNG-tests-1] INFO  com.orangehrm.base.BaseTest - TC02 - login with invalid credentials: admin!!
2026-08-18 00:53:11 [TestNG-tests-3] INFO  com.orangehrm.base.BaseTest - Driver started for thread 27
2026-08-18 00:53:11 [TestNG-tests-3] INFO  com.orangehrm.base.BaseTest - TC10 - verifying the footer branding link
2026-08-18 00:53:21 [TestNG-tests-2] INFO  com.orangehrm.base.BaseTest - Logged in as Admin
2026-08-18 00:53:29 [TestNG-tests-1] ERROR com.orangehrm.listeners.RetryAnalyzer - Test 'testLoginWithInvalidCredentials' failed. Retry attempt 1 of 2
2026-08-18 00:53:29 [TestNG-tests-1] INFO  com.orangehrm.base.BaseTest - Closing driver for thread 25
2026-08-18 00:53:29 [TestNG-tests-3] INFO  com.orangehrm.base.BaseTest - Logged in as Admin
2026-08-18 00:53:32 [TestNG-tests-1] INFO  com.orangehrm.base.BaseTest - Driver started for thread 25
2026-08-18 00:53:32 [TestNG-tests-1] INFO  com.orangehrm.base.BaseTest - TC02 - login with invalid credentials: admin!!
2026-08-18 00:53:35 [TestNG-tests-2] INFO  com.orangehrm.base.BaseTest - Closing driver for thread 26
2026-08-18 00:53:37 [TestNG-tests-2] INFO  com.orangehrm.base.BaseTest - Driver started for thread 26
2026-08-18 00:53:37 [TestNG-tests-2] INFO  com.orangehrm.base.BaseTest - TC08 - creating employee Nada Tester615826
2026-08-18 00:53:45 [TestNG-tests-1] INFO  com.orangehrm.base.BaseTest - Closing driver for thread 25
2026-08-18 00:53:47 [TestNG-tests-1] INFO  com.orangehrm.base.BaseTest - Driver started for thread 25
2026-08-18 00:53:47 [TestNG-tests-1] INFO  com.orangehrm.base.BaseTest - TC01 - login with valid credentials: Admin
2026-08-18 00:53:51 [TestNG-tests-2] INFO  com.orangehrm.base.BaseTest - Logged in as Admin
2026-08-18 00:54:04 [TestNG-tests-1] INFO  com.orangehrm.base.BaseTest - Closing driver for thread 25
2026-08-18 00:54:16 [TestNG-tests-2] INFO  com.orangehrm.base.BaseTest - Closing driver for thread 26
2026-08-18 00:54:17 [TestNG-tests-3] ERROR com.orangehrm.listeners.RetryAnalyzer - Test 'testFooterBrandingLink' failed. Retry attempt 2 of 2
2026-08-18 00:54:17 [TestNG-tests-3] INFO  com.orangehrm.base.BaseTest - Closing driver for thread 27
2026-08-18 00:54:18 [TestNG-tests-2] INFO  com.orangehrm.base.BaseTest - Driver started for thread 26
2026-08-18 00:54:18 [TestNG-tests-2] INFO  com.orangehrm.base.BaseTest - TC07 - saving an employee without a first name
2026-08-18 00:54:19 [TestNG-tests-3] INFO  com.orangehrm.base.BaseTest - Driver started for thread 27
2026-08-18 00:54:19 [TestNG-tests-3] INFO  com.orangehrm.base.BaseTest - TC10 - verifying the footer branding link
2026-08-18 00:54:25 [TestNG-tests-2] INFO  com.orangehrm.base.BaseTest - Logged in as Admin
2026-08-18 00:54:32 [TestNG-tests-2] INFO  com.orangehrm.base.BaseTest - Closing driver for thread 26
2026-08-18 00:54:33 [TestNG-tests-3] INFO  com.orangehrm.base.BaseTest - Logged in as Admin
2026-08-18 00:54:34 [TestNG-tests-2] INFO  com.orangehrm.base.BaseTest - Driver started for thread 26
2026-08-18 00:54:34 [TestNG-tests-2] INFO  com.orangehrm.base.BaseTest - TC06 - opening the Add Employee page
2026-08-18 00:54:48 [TestNG-tests-2] INFO  com.orangehrm.base.BaseTest - Logged in as Admin
2026-08-18 00:54:56 [TestNG-tests-2] INFO  com.orangehrm.base.BaseTest - Closing driver for thread 26
2026-08-18 00:55:20 [TestNG-tests-3] INFO  com.orangehrm.base.BaseTest - Closing driver for thread 27
2026-08-18 00:55:21 [TestNG-tests-3] INFO  com.orangehrm.base.BaseTest - Driver started for thread 27
2026-08-18 00:55:21 [TestNG-tests-3] INFO  com.orangehrm.base.BaseTest - TC11 - verifying the sidebar menu items
2026-08-18 00:55:33 [TestNG-tests-3] INFO  com.orangehrm.base.BaseTest - Logged in as Admin
2026-08-18 00:55:37 [TestNG-tests-3] INFO  com.orangehrm.base.BaseTest - Closing driver for thread 27
2026-08-18 00:58:29 [TestNG-tests-2] INFO  com.orangehrm.base.BaseTest - Driver started for thread 25
2026-08-18 00:58:29 [TestNG-tests-1] INFO  com.orangehrm.base.BaseTest - Driver started for thread 24
2026-08-18 00:58:29 [TestNG-tests-2] INFO  com.orangehrm.base.BaseTest - TC04 - searching for existing employee: Nada
2026-08-18 00:58:29 [TestNG-tests-1] INFO  com.orangehrm.base.BaseTest - TC03 - login with empty fields
2026-08-18 00:58:30 [TestNG-tests-3] INFO  com.orangehrm.base.BaseTest - Driver started for thread 26
2026-08-18 00:58:30 [TestNG-tests-3] INFO  com.orangehrm.base.BaseTest - TC09 - verifying the Add User form fields
2026-08-18 00:58:38 [TestNG-tests-1] INFO  com.orangehrm.base.BaseTest - Closing driver for thread 24
2026-08-18 00:58:39 [TestNG-tests-2] INFO  com.orangehrm.base.BaseTest - Logged in as Admin
2026-08-18 00:58:40 [TestNG-tests-1] INFO  com.orangehrm.base.BaseTest - Driver started for thread 24
2026-08-18 00:58:40 [TestNG-tests-1] INFO  com.orangehrm.base.BaseTest - TC02 - login with invalid credentials: WrongUser
2026-08-18 00:58:48 [TestNG-tests-2] INFO  com.orangehrm.base.BaseTest - Closing driver for thread 25
2026-08-18 00:58:49 [TestNG-tests-3] ERROR com.orangehrm.listeners.RetryAnalyzer - Test 'testAddUserFormFields' failed. Retry attempt 1 of 2
2026-08-18 00:58:49 [TestNG-tests-3] INFO  com.orangehrm.base.BaseTest - Closing driver for thread 26
2026-08-18 00:58:49 [TestNG-tests-2] INFO  com.orangehrm.base.BaseTest - Driver started for thread 25
2026-08-18 00:58:49 [TestNG-tests-2] INFO  com.orangehrm.base.BaseTest - TC05 - searching for non-existing employee: Zzqx Notreal
2026-08-18 00:58:51 [TestNG-tests-3] INFO  com.orangehrm.base.BaseTest - Driver started for thread 26
2026-08-18 00:58:51 [TestNG-tests-3] INFO  com.orangehrm.base.BaseTest - TC09 - verifying the Add User form fields
2026-08-18 00:58:56 [TestNG-tests-1] INFO  com.orangehrm.base.BaseTest - Closing driver for thread 24
2026-08-18 00:58:58 [TestNG-tests-1] INFO  com.orangehrm.base.BaseTest - Driver started for thread 24
2026-08-18 00:58:58 [TestNG-tests-1] INFO  com.orangehrm.base.BaseTest - TC02 - login with invalid credentials: Admin
2026-08-18 00:59:00 [TestNG-tests-2] INFO  com.orangehrm.base.BaseTest - Logged in as Admin
2026-08-18 00:59:02 [TestNG-tests-3] INFO  com.orangehrm.base.BaseTest - Logged in as Admin
2026-08-18 00:59:12 [TestNG-tests-2] INFO  com.orangehrm.base.BaseTest - Closing driver for thread 25
2026-08-18 00:59:12 [TestNG-tests-3] INFO  com.orangehrm.base.BaseTest - Closing driver for thread 26
2026-08-18 00:59:13 [TestNG-tests-1] INFO  com.orangehrm.base.BaseTest - Closing driver for thread 24
2026-08-18 00:59:14 [TestNG-tests-2] INFO  com.orangehrm.base.BaseTest - Driver started for thread 25
2026-08-18 00:59:14 [TestNG-tests-2] INFO  com.orangehrm.base.BaseTest - TC05 - searching for non-existing employee: Ghost Employee 999
2026-08-18 00:59:14 [TestNG-tests-3] INFO  com.orangehrm.base.BaseTest - Driver started for thread 26
2026-08-18 00:59:14 [TestNG-tests-3] INFO  com.orangehrm.base.BaseTest - TC10 - verifying the footer branding link
2026-08-18 00:59:15 [TestNG-tests-1] INFO  com.orangehrm.base.BaseTest - Driver started for thread 24
2026-08-18 00:59:15 [TestNG-tests-1] INFO  com.orangehrm.base.BaseTest - TC02 - login with invalid credentials: admin!!
2026-08-18 00:59:23 [TestNG-tests-2] INFO  com.orangehrm.base.BaseTest - Logged in as Admin
2026-08-18 00:59:23 [TestNG-tests-3] INFO  com.orangehrm.base.BaseTest - Logged in as Admin
2026-08-18 00:59:33 [TestNG-tests-2] INFO  com.orangehrm.base.BaseTest - Closing driver for thread 25
2026-08-18 00:59:34 [TestNG-tests-1] INFO  com.orangehrm.base.BaseTest - Closing driver for thread 24
2026-08-18 00:59:35 [TestNG-tests-2] INFO  com.orangehrm.base.BaseTest - Driver started for thread 25
2026-08-18 00:59:35 [TestNG-tests-2] INFO  com.orangehrm.base.BaseTest - TC08 - creating employee Nada Tester973752
2026-08-18 00:59:36 [TestNG-tests-1] INFO  com.orangehrm.base.BaseTest - Driver started for thread 24
2026-08-18 00:59:36 [TestNG-tests-1] INFO  com.orangehrm.base.BaseTest - TC01 - login with valid credentials: Admin
2026-08-18 01:00:01 [TestNG-tests-2] INFO  com.orangehrm.base.BaseTest - Logged in as Admin
2026-08-18 01:00:10 [TestNG-tests-1] ERROR com.orangehrm.listeners.RetryAnalyzer - Test 'testLoginWithValidCredentials' failed. Retry attempt 1 of 2
2026-08-18 01:00:10 [TestNG-tests-1] INFO  com.orangehrm.base.BaseTest - Closing driver for thread 24
2026-08-18 01:00:11 [TestNG-tests-2] ERROR com.orangehrm.listeners.RetryAnalyzer - Test 'testAddEmployeeEndToEnd' failed. Retry attempt 1 of 2
2026-08-18 01:00:11 [TestNG-tests-2] INFO  com.orangehrm.base.BaseTest - Closing driver for thread 25
2026-08-18 01:00:11 [TestNG-tests-1] INFO  com.orangehrm.base.BaseTest - Driver started for thread 24
2026-08-18 01:00:11 [TestNG-tests-1] INFO  com.orangehrm.base.BaseTest - TC01 - login with valid credentials: Admin
2026-08-18 01:00:13 [TestNG-tests-2] INFO  com.orangehrm.base.BaseTest - Driver started for thread 25
2026-08-18 01:00:13 [TestNG-tests-2] INFO  com.orangehrm.base.BaseTest - TC08 - creating employee Nada Tester973752
2026-08-18 01:00:13 [TestNG-tests-3] ERROR com.orangehrm.listeners.RetryAnalyzer - Test 'testFooterBrandingLink' failed. Retry attempt 1 of 2
2026-08-18 01:00:13 [TestNG-tests-3] INFO  com.orangehrm.base.BaseTest - Closing driver for thread 26
2026-08-18 01:00:15 [TestNG-tests-3] INFO  com.orangehrm.base.BaseTest - Driver started for thread 26
2026-08-18 01:00:15 [TestNG-tests-3] INFO  com.orangehrm.base.BaseTest - TC10 - verifying the footer branding link
2026-08-18 01:00:51 [TestNG-tests-1] ERROR com.orangehrm.listeners.RetryAnalyzer - Test 'testLoginWithValidCredentials' failed. Retry attempt 2 of 2
2026-08-18 01:00:51 [TestNG-tests-1] INFO  com.orangehrm.base.BaseTest - Closing driver for thread 24
2026-08-18 01:00:53 [TestNG-tests-1] INFO  com.orangehrm.base.BaseTest - Driver started for thread 24
2026-08-18 01:00:53 [TestNG-tests-1] INFO  com.orangehrm.base.BaseTest - TC01 - login with valid credentials: Admin
2026-08-18 01:00:55 [TestNG-tests-2] ERROR com.orangehrm.listeners.RetryAnalyzer - Test 'testAddEmployeeEndToEnd' failed. Retry attempt 2 of 2
2026-08-18 01:00:55 [TestNG-tests-2] INFO  com.orangehrm.base.BaseTest - Closing driver for thread 25
2026-08-18 01:00:55 [TestNG-tests-3] ERROR com.orangehrm.listeners.RetryAnalyzer - Test 'testFooterBrandingLink' failed. Retry attempt 2 of 2
2026-08-18 01:00:55 [TestNG-tests-3] INFO  com.orangehrm.base.BaseTest - Closing driver for thread 26
2026-08-18 01:00:56 [TestNG-tests-2] INFO  com.orangehrm.base.BaseTest - Driver started for thread 25
2026-08-18 01:00:56 [TestNG-tests-2] INFO  com.orangehrm.base.BaseTest - TC08 - creating employee Nada Tester973752
2026-08-18 01:00:57 [TestNG-tests-3] INFO  com.orangehrm.base.BaseTest - Driver started for thread 26
2026-08-18 01:00:57 [TestNG-tests-3] INFO  com.orangehrm.base.BaseTest - TC10 - verifying the footer branding link
2026-08-18 01:01:20 [TestNG-tests-3] INFO  com.orangehrm.base.BaseTest - Logged in as Admin
2026-08-18 01:01:28 [TestNG-tests-1] INFO  com.orangehrm.base.BaseTest - Closing driver for thread 24
2026-08-18 01:01:28 [TestNG-tests-2] INFO  com.orangehrm.base.BaseTest - Logged in as Admin
2026-08-18 01:01:44 [TestNG-tests-2] INFO  com.orangehrm.base.BaseTest - Closing driver for thread 25
2026-08-18 01:01:45 [TestNG-tests-2] INFO  com.orangehrm.base.BaseTest - Driver started for thread 25
2026-08-18 01:01:45 [TestNG-tests-2] INFO  com.orangehrm.base.BaseTest - TC07 - saving an employee without a first name
2026-08-18 01:01:53 [TestNG-tests-2] INFO  com.orangehrm.base.BaseTest - Logged in as Admin
2026-08-18 01:01:58 [TestNG-tests-2] INFO  com.orangehrm.base.BaseTest - Closing driver for thread 25
2026-08-18 01:02:00 [TestNG-tests-2] INFO  com.orangehrm.base.BaseTest - Driver started for thread 25
2026-08-18 01:02:00 [TestNG-tests-2] INFO  com.orangehrm.base.BaseTest - TC06 - opening the Add Employee page
2026-08-18 01:02:04 [TestNG-tests-2] INFO  com.orangehrm.base.BaseTest - Logged in as Admin
2026-08-18 01:02:07 [TestNG-tests-2] INFO  com.orangehrm.base.BaseTest - Closing driver for thread 25
2026-08-18 01:02:09 [TestNG-tests-3] INFO  com.orangehrm.base.BaseTest - Closing driver for thread 26
2026-08-18 01:02:11 [TestNG-tests-3] INFO  com.orangehrm.base.BaseTest - Driver started for thread 26
2026-08-18 01:02:11 [TestNG-tests-3] INFO  com.orangehrm.base.BaseTest - TC11 - verifying the sidebar menu items
2026-08-18 01:02:17 [TestNG-tests-3] INFO  com.orangehrm.base.BaseTest - Logged in as Admin
2026-08-18 01:02:18 [TestNG-tests-3] INFO  com.orangehrm.base.BaseTest - Closing driver for thread 26
2026-08-18 01:03:15 [TestNG-tests-3] INFO  com.orangehrm.base.BaseTest - Driver started for thread 27
2026-08-18 01:03:15 [TestNG-tests-1] INFO  com.orangehrm.base.BaseTest - Driver started for thread 25
2026-08-18 01:03:15 [TestNG-tests-2] INFO  com.orangehrm.base.BaseTest - Driver started for thread 26
2026-08-18 01:03:16 [TestNG-tests-1] INFO  com.orangehrm.base.BaseTest - TC03 - login with empty fields
2026-08-18 01:03:16 [TestNG-tests-2] INFO  com.orangehrm.base.BaseTest - TC04 - searching for existing employee: Nada
2026-08-18 01:03:16 [TestNG-tests-3] INFO  com.orangehrm.base.BaseTest - TC09 - verifying the Add User form fields
2026-08-18 01:03:24 [TestNG-tests-2] INFO  com.orangehrm.base.BaseTest - Logged in as Admin
2026-08-18 01:03:27 [TestNG-tests-3] ERROR com.orangehrm.listeners.RetryAnalyzer - Test 'testAddUserFormFields' failed. Retry attempt 1 of 2
2026-08-18 01:03:27 [TestNG-tests-3] INFO  com.orangehrm.base.BaseTest - Closing driver for thread 27
2026-08-18 01:03:29 [TestNG-tests-3] INFO  com.orangehrm.base.BaseTest - Driver started for thread 27
2026-08-18 01:03:29 [TestNG-tests-3] INFO  com.orangehrm.base.BaseTest - TC09 - verifying the Add User form fields
2026-08-18 01:03:31 [TestNG-tests-2] INFO  com.orangehrm.base.BaseTest - Closing driver for thread 26
2026-08-18 01:03:33 [TestNG-tests-2] INFO  com.orangehrm.base.BaseTest - Driver started for thread 26
2026-08-18 01:03:33 [TestNG-tests-2] INFO  com.orangehrm.base.BaseTest - TC05 - searching for non-existing employee: Zzqx Notreal
2026-08-18 01:03:39 [TestNG-tests-1] ERROR com.orangehrm.listeners.RetryAnalyzer - Test 'testLoginWithEmptyFields' failed. Retry attempt 1 of 2
2026-08-18 01:03:39 [TestNG-tests-1] INFO  com.orangehrm.base.BaseTest - Closing driver for thread 25
2026-08-18 01:03:41 [TestNG-tests-1] INFO  com.orangehrm.base.BaseTest - Driver started for thread 25
2026-08-18 01:03:41 [TestNG-tests-1] INFO  com.orangehrm.base.BaseTest - TC03 - login with empty fields
2026-08-18 01:03:44 [TestNG-tests-3] INFO  com.orangehrm.base.BaseTest - Logged in as Admin
2026-08-18 01:03:54 [TestNG-tests-3] INFO  com.orangehrm.base.BaseTest - Closing driver for thread 27
2026-08-18 01:03:55 [TestNG-tests-2] INFO  com.orangehrm.base.BaseTest - Logged in as Admin
2026-08-18 01:03:56 [TestNG-tests-1] INFO  com.orangehrm.base.BaseTest - Closing driver for thread 25
2026-08-18 01:03:56 [TestNG-tests-3] INFO  com.orangehrm.base.BaseTest - Driver started for thread 27
2026-08-18 01:03:56 [TestNG-tests-3] INFO  com.orangehrm.base.BaseTest - TC10 - verifying the footer branding link
2026-08-18 01:03:58 [TestNG-tests-1] INFO  com.orangehrm.base.BaseTest - Driver started for thread 25
2026-08-18 01:03:58 [TestNG-tests-1] INFO  com.orangehrm.base.BaseTest - TC02 - login with invalid credentials: WrongUser
2026-08-18 01:04:00 [TestNG-tests-2] INFO  com.orangehrm.base.BaseTest - Closing driver for thread 26
2026-08-18 01:04:02 [TestNG-tests-2] INFO  com.orangehrm.base.BaseTest - Driver started for thread 26
2026-08-18 01:04:02 [TestNG-tests-2] INFO  com.orangehrm.base.BaseTest - TC05 - searching for non-existing employee: Ghost Employee 999
2026-08-18 01:04:08 [TestNG-tests-2] INFO  com.orangehrm.base.BaseTest - Logged in as Admin
2026-08-18 01:04:08 [TestNG-tests-3] INFO  com.orangehrm.base.BaseTest - Logged in as Admin
2026-08-18 01:04:16 [TestNG-tests-2] INFO  com.orangehrm.base.BaseTest - Closing driver for thread 26
2026-08-18 01:04:18 [TestNG-tests-2] INFO  com.orangehrm.base.BaseTest - Driver started for thread 26
2026-08-18 01:04:18 [TestNG-tests-2] INFO  com.orangehrm.base.BaseTest - TC08 - creating employee Nada Tester256632
2026-08-18 01:04:19 [TestNG-tests-1] INFO  com.orangehrm.base.BaseTest - Closing driver for thread 25
2026-08-18 01:04:21 [TestNG-tests-1] INFO  com.orangehrm.base.BaseTest - Driver started for thread 25
2026-08-18 01:04:21 [TestNG-tests-1] INFO  com.orangehrm.base.BaseTest - TC02 - login with invalid credentials: Admin
2026-08-18 01:04:28 [TestNG-tests-2] INFO  com.orangehrm.base.BaseTest - Logged in as Admin
2026-08-18 01:04:37 [TestNG-tests-1] INFO  com.orangehrm.base.BaseTest - Closing driver for thread 25
2026-08-18 01:04:39 [TestNG-tests-1] INFO  com.orangehrm.base.BaseTest - Driver started for thread 25
2026-08-18 01:04:39 [TestNG-tests-1] INFO  com.orangehrm.base.BaseTest - TC02 - login with invalid credentials: admin!!
2026-08-18 01:04:42 [TestNG-tests-2] INFO  com.orangehrm.base.BaseTest - Closing driver for thread 26
2026-08-18 01:04:44 [TestNG-tests-2] INFO  com.orangehrm.base.BaseTest - Driver started for thread 26
2026-08-18 01:04:44 [TestNG-tests-2] INFO  com.orangehrm.base.BaseTest - TC07 - saving an employee without a first name
2026-08-18 01:04:50 [TestNG-tests-1] INFO  com.orangehrm.base.BaseTest - Closing driver for thread 25
2026-08-18 01:04:51 [TestNG-tests-3] INFO  com.orangehrm.base.BaseTest - Closing driver for thread 27
2026-08-18 01:04:52 [TestNG-tests-1] INFO  com.orangehrm.base.BaseTest - Driver started for thread 25
2026-08-18 01:04:52 [TestNG-tests-1] INFO  com.orangehrm.base.BaseTest - TC01 - login with valid credentials: Admin
2026-08-18 01:04:52 [TestNG-tests-2] INFO  com.orangehrm.base.BaseTest - Logged in as Admin
2026-08-18 01:04:54 [TestNG-tests-3] INFO  com.orangehrm.base.BaseTest - Driver started for thread 27
2026-08-18 01:04:54 [TestNG-tests-3] INFO  com.orangehrm.base.BaseTest - TC11 - verifying the sidebar menu items
2026-08-18 01:04:58 [TestNG-tests-2] INFO  com.orangehrm.base.BaseTest - Closing driver for thread 26
2026-08-18 01:05:00 [TestNG-tests-2] INFO  com.orangehrm.base.BaseTest - Driver started for thread 26
2026-08-18 01:05:00 [TestNG-tests-2] INFO  com.orangehrm.base.BaseTest - TC06 - opening the Add Employee page
2026-08-18 01:05:05 [TestNG-tests-2] INFO  com.orangehrm.base.BaseTest - Logged in as Admin
2026-08-18 01:05:07 [TestNG-tests-1] INFO  com.orangehrm.base.BaseTest - Closing driver for thread 25
2026-08-18 01:05:07 [TestNG-tests-3] ERROR com.orangehrm.listeners.RetryAnalyzer - Test 'testSidebarMenuItems' failed. Retry attempt 1 of 2
2026-08-18 01:05:07 [TestNG-tests-3] INFO  com.orangehrm.base.BaseTest - Closing driver for thread 27
2026-08-18 01:05:09 [TestNG-tests-3] INFO  com.orangehrm.base.BaseTest - Driver started for thread 27
2026-08-18 01:05:09 [TestNG-tests-3] INFO  com.orangehrm.base.BaseTest - TC11 - verifying the sidebar menu items
2026-08-18 01:05:10 [TestNG-tests-2] INFO  com.orangehrm.base.BaseTest - Closing driver for thread 26
2026-08-18 01:05:13 [TestNG-tests-3] INFO  com.orangehrm.base.BaseTest - Logged in as Admin
2026-08-18 01:05:15 [TestNG-tests-3] INFO  com.orangehrm.base.BaseTest - Closing driver for thread 27
2026-08-18 15:07:55 [TestNG-tests-3] INFO  com.orangehrm.base.BaseTest - Driver started for thread 27
2026-08-18 15:07:55 [TestNG-tests-2] INFO  com.orangehrm.base.BaseTest - Driver started for thread 26
2026-08-18 15:07:56 [TestNG-tests-3] INFO  com.orangehrm.base.BaseTest - TC09 - verifying the Add User form fields
2026-08-18 15:07:56 [TestNG-tests-2] INFO  com.orangehrm.base.BaseTest - TC04 - searching for existing employee: Nada
2026-08-18 15:07:57 [TestNG-tests-1] INFO  com.orangehrm.base.BaseTest - Driver started for thread 25
2026-08-18 15:07:57 [TestNG-tests-1] INFO  com.orangehrm.base.BaseTest - TC03 - login with empty fields
2026-08-18 15:08:01 [TestNG-tests-3] INFO  com.orangehrm.base.BaseTest - Logged in as Admin
2026-08-18 15:08:04 [TestNG-tests-1] INFO  com.orangehrm.base.BaseTest - Closing driver for thread 25
2026-08-18 15:08:05 [TestNG-tests-3] INFO  com.orangehrm.base.BaseTest - Closing driver for thread 27
2026-08-18 15:08:06 [TestNG-tests-1] INFO  com.orangehrm.base.BaseTest - Driver started for thread 25
2026-08-18 15:08:06 [TestNG-tests-1] INFO  com.orangehrm.base.BaseTest - TC02 - login with invalid credentials: WrongUser
2026-08-18 15:08:07 [TestNG-tests-2] ERROR com.orangehrm.listeners.RetryAnalyzer - Test 'testSearchExistingEmployee' failed. Retry attempt 1 of 2
2026-08-18 15:08:07 [TestNG-tests-2] INFO  com.orangehrm.base.BaseTest - Closing driver for thread 26
2026-08-18 15:08:08 [TestNG-tests-3] INFO  com.orangehrm.base.BaseTest - Driver started for thread 27
2026-08-18 15:08:08 [TestNG-tests-3] INFO  com.orangehrm.base.BaseTest - TC10 - verifying the footer branding link
2026-08-18 15:08:09 [TestNG-tests-2] INFO  com.orangehrm.base.BaseTest - Driver started for thread 26
2026-08-18 15:08:09 [TestNG-tests-2] INFO  com.orangehrm.base.BaseTest - TC04 - searching for existing employee: Nada
2026-08-18 15:08:12 [TestNG-tests-3] INFO  com.orangehrm.base.BaseTest - Logged in as Admin
2026-08-18 15:08:15 [TestNG-tests-3] ERROR com.orangehrm.listeners.RetryAnalyzer - Test 'testFooterBrandingLink' failed. Retry attempt 1 of 2
2026-08-18 15:08:15 [TestNG-tests-3] INFO  com.orangehrm.base.BaseTest - Closing driver for thread 27
2026-08-18 15:08:17 [TestNG-tests-3] INFO  com.orangehrm.base.BaseTest - Driver started for thread 27
2026-08-18 15:08:17 [TestNG-tests-3] INFO  com.orangehrm.base.BaseTest - TC10 - verifying the footer branding link
2026-08-18 15:08:18 [TestNG-tests-1] ERROR com.orangehrm.listeners.RetryAnalyzer - Test 'testLoginWithInvalidCredentials' failed. Retry attempt 1 of 2
2026-08-18 15:08:18 [TestNG-tests-1] INFO  com.orangehrm.base.BaseTest - Closing driver for thread 25
2026-08-18 15:08:19 [TestNG-tests-1] INFO  com.orangehrm.base.BaseTest - Driver started for thread 25
2026-08-18 15:08:19 [TestNG-tests-1] INFO  com.orangehrm.base.BaseTest - TC02 - login with invalid credentials: WrongUser
2026-08-18 15:08:21 [TestNG-tests-2] ERROR com.orangehrm.listeners.RetryAnalyzer - Test 'testSearchExistingEmployee' failed. Retry attempt 2 of 2
2026-08-18 15:08:21 [TestNG-tests-2] INFO  com.orangehrm.base.BaseTest - Closing driver for thread 26
2026-08-18 15:08:23 [TestNG-tests-2] INFO  com.orangehrm.base.BaseTest - Driver started for thread 26
2026-08-18 15:08:23 [TestNG-tests-2] INFO  com.orangehrm.base.BaseTest - TC04 - searching for existing employee: Nada
2026-08-18 15:08:25 [TestNG-tests-1] INFO  com.orangehrm.base.BaseTest - Closing driver for thread 25
2026-08-18 15:08:27 [TestNG-tests-1] INFO  com.orangehrm.base.BaseTest - Driver started for thread 25
2026-08-18 15:08:27 [TestNG-tests-1] INFO  com.orangehrm.base.BaseTest - TC02 - login with invalid credentials: Admin
2026-08-18 15:08:29 [TestNG-tests-3] ERROR com.orangehrm.listeners.RetryAnalyzer - Test 'testFooterBrandingLink' failed. Retry attempt 2 of 2
2026-08-18 15:08:29 [TestNG-tests-3] INFO  com.orangehrm.base.BaseTest - Closing driver for thread 27
2026-08-18 15:08:31 [TestNG-tests-3] INFO  com.orangehrm.base.BaseTest - Driver started for thread 27
2026-08-18 15:08:31 [TestNG-tests-3] INFO  com.orangehrm.base.BaseTest - TC10 - verifying the footer branding link
2026-08-18 15:08:47 [TestNG-tests-1] INFO  com.orangehrm.base.BaseTest - Driver started for thread 25
2026-08-18 15:08:48 [TestNG-tests-3] INFO  com.orangehrm.base.BaseTest - Driver started for thread 27
2026-08-18 15:08:48 [TestNG-tests-2] INFO  com.orangehrm.base.BaseTest - Driver started for thread 26
2026-08-18 15:08:48 [TestNG-tests-1] INFO  com.orangehrm.base.BaseTest - TC03 - login with empty fields
2026-08-18 15:08:48 [TestNG-tests-2] INFO  com.orangehrm.base.BaseTest - TC04 - searching for existing employee: Nada
2026-08-18 15:08:48 [TestNG-tests-3] INFO  com.orangehrm.base.BaseTest - TC09 - verifying the Add User form fields
2026-08-18 15:08:54 [TestNG-tests-1] INFO  com.orangehrm.base.BaseTest - Closing driver for thread 25
2026-08-18 15:08:55 [TestNG-tests-1] INFO  com.orangehrm.base.BaseTest - Driver started for thread 25
2026-08-18 15:08:55 [TestNG-tests-1] INFO  com.orangehrm.base.BaseTest - TC02 - login with invalid credentials: WrongUser
2026-08-18 15:08:59 [TestNG-tests-2] INFO  com.orangehrm.base.BaseTest - Logged in as Admin
2026-08-18 15:09:01 [TestNG-tests-3] INFO  com.orangehrm.base.BaseTest - Logged in as Admin
2026-08-18 15:09:18 [TestNG-tests-1] INFO  com.orangehrm.base.BaseTest - Closing driver for thread 25
2026-08-18 15:09:20 [TestNG-tests-1] INFO  com.orangehrm.base.BaseTest - Driver started for thread 25
2026-08-18 15:09:20 [TestNG-tests-1] INFO  com.orangehrm.base.BaseTest - TC02 - login with invalid credentials: Admin
2026-08-18 15:09:23 [TestNG-tests-3] INFO  com.orangehrm.base.BaseTest - Closing driver for thread 27
2026-08-18 15:09:23 [TestNG-tests-2] ERROR com.orangehrm.listeners.RetryAnalyzer - Test 'testSearchExistingEmployee' failed. Retry attempt 1 of 2
2026-08-18 15:09:23 [TestNG-tests-2] INFO  com.orangehrm.base.BaseTest - Closing driver for thread 26
2026-08-18 15:09:25 [TestNG-tests-3] INFO  com.orangehrm.base.BaseTest - Driver started for thread 27
2026-08-18 15:09:25 [TestNG-tests-3] INFO  com.orangehrm.base.BaseTest - TC10 - verifying the footer branding link
2026-08-18 15:09:25 [TestNG-tests-2] INFO  com.orangehrm.base.BaseTest - Driver started for thread 26
2026-08-18 15:09:25 [TestNG-tests-2] INFO  com.orangehrm.base.BaseTest - TC04 - searching for existing employee: Nada
2026-08-18 15:09:32 [TestNG-tests-1] INFO  com.orangehrm.base.BaseTest - Closing driver for thread 25
2026-08-18 15:09:33 [TestNG-tests-1] INFO  com.orangehrm.base.BaseTest - Driver started for thread 25
2026-08-18 15:09:33 [TestNG-tests-1] INFO  com.orangehrm.base.BaseTest - TC02 - login with invalid credentials: admin!!
2026-08-18 15:09:35 [TestNG-tests-3] INFO  com.orangehrm.base.BaseTest - Logged in as Admin
2026-08-18 15:09:35 [TestNG-tests-2] INFO  com.orangehrm.base.BaseTest - Logged in as Admin
2026-08-18 15:09:45 [TestNG-tests-2] ERROR com.orangehrm.listeners.RetryAnalyzer - Test 'testSearchExistingEmployee' failed. Retry attempt 2 of 2
2026-08-18 15:09:45 [TestNG-tests-2] INFO  com.orangehrm.base.BaseTest - Closing driver for thread 26
2026-08-18 15:09:46 [TestNG-tests-1] INFO  com.orangehrm.base.BaseTest - Closing driver for thread 25
2026-08-18 15:09:47 [TestNG-tests-2] INFO  com.orangehrm.base.BaseTest - Driver started for thread 26
2026-08-18 15:09:47 [TestNG-tests-2] INFO  com.orangehrm.base.BaseTest - TC04 - searching for existing employee: Nada
2026-08-18 15:09:49 [TestNG-tests-1] INFO  com.orangehrm.base.BaseTest - Driver started for thread 25
2026-08-18 15:09:49 [TestNG-tests-1] INFO  com.orangehrm.base.BaseTest - TC01 - login with valid credentials: Admin
2026-08-18 15:09:50 [TestNG-tests-3] INFO  com.orangehrm.base.BaseTest - Closing driver for thread 27
2026-08-18 15:09:52 [TestNG-tests-3] INFO  com.orangehrm.base.BaseTest - Driver started for thread 27
2026-08-18 15:09:52 [TestNG-tests-3] INFO  com.orangehrm.base.BaseTest - TC11 - verifying the sidebar menu items
2026-08-18 15:09:53 [TestNG-tests-2] INFO  com.orangehrm.base.BaseTest - Logged in as Admin
2026-08-18 15:09:59 [TestNG-tests-1] INFO  com.orangehrm.base.BaseTest - Closing driver for thread 25
2026-08-18 15:10:00 [TestNG-tests-2] INFO  com.orangehrm.base.BaseTest - Closing driver for thread 26
2026-08-18 15:10:01 [TestNG-tests-3] INFO  com.orangehrm.base.BaseTest - Logged in as Admin
2026-08-18 15:10:02 [TestNG-tests-2] INFO  com.orangehrm.base.BaseTest - Driver started for thread 26
2026-08-18 15:10:02 [TestNG-tests-2] INFO  com.orangehrm.base.BaseTest - TC05 - searching for non-existing employee: Zzqx Notreal
2026-08-18 15:10:03 [TestNG-tests-3] INFO  com.orangehrm.base.BaseTest - Closing driver for thread 27
2026-08-18 15:10:06 [TestNG-tests-2] INFO  com.orangehrm.base.BaseTest - Logged in as Admin
2026-08-18 15:10:15 [TestNG-tests-2] INFO  com.orangehrm.base.BaseTest - Closing driver for thread 26
2026-08-18 15:10:17 [TestNG-tests-2] INFO  com.orangehrm.base.BaseTest - Driver started for thread 26
2026-08-18 15:10:17 [TestNG-tests-2] INFO  com.orangehrm.base.BaseTest - TC05 - searching for non-existing employee: Ghost Employee 999
2026-08-18 15:10:20 [TestNG-tests-2] INFO  com.orangehrm.base.BaseTest - Logged in as Admin
2026-08-18 15:10:25 [TestNG-tests-2] INFO  com.orangehrm.base.BaseTest - Closing driver for thread 26
2026-08-18 15:10:27 [TestNG-tests-2] INFO  com.orangehrm.base.BaseTest - Driver started for thread 26
2026-08-18 15:10:27 [TestNG-tests-2] INFO  com.orangehrm.base.BaseTest - TC08 - creating employee Nada Tester025813
2026-08-18 15:10:31 [TestNG-tests-2] INFO  com.orangehrm.base.BaseTest - Logged in as Admin
2026-08-18 15:10:45 [TestNG-tests-2] ERROR com.orangehrm.listeners.RetryAnalyzer - Test 'testAddEmployeeEndToEnd' failed. Retry attempt 1 of 2
2026-08-18 15:10:45 [TestNG-tests-2] INFO  com.orangehrm.base.BaseTest - Closing driver for thread 26
2026-08-18 15:10:47 [TestNG-tests-2] INFO  com.orangehrm.base.BaseTest - Driver started for thread 26
2026-08-18 15:10:47 [TestNG-tests-2] INFO  com.orangehrm.base.BaseTest - TC08 - creating employee Nada Tester025813
2026-08-18 15:10:51 [TestNG-tests-2] INFO  com.orangehrm.base.BaseTest - Logged in as Admin
2026-08-18 15:11:04 [TestNG-tests-2] ERROR com.orangehrm.listeners.RetryAnalyzer - Test 'testAddEmployeeEndToEnd' failed. Retry attempt 2 of 2
2026-08-18 15:11:04 [TestNG-tests-2] INFO  com.orangehrm.base.BaseTest - Closing driver for thread 26
2026-08-18 15:11:06 [TestNG-tests-2] INFO  com.orangehrm.base.BaseTest - Driver started for thread 26
2026-08-18 15:11:06 [TestNG-tests-2] INFO  com.orangehrm.base.BaseTest - TC08 - creating employee Nada Tester025813
2026-08-18 15:11:10 [TestNG-tests-2] INFO  com.orangehrm.base.BaseTest - Logged in as Admin
2026-08-18 15:11:32 [TestNG-tests-2] INFO  com.orangehrm.base.BaseTest - Closing driver for thread 26
2026-08-18 15:11:34 [TestNG-tests-2] INFO  com.orangehrm.base.BaseTest - Driver started for thread 26
2026-08-18 15:11:34 [TestNG-tests-2] INFO  com.orangehrm.base.BaseTest - TC07 - saving an employee without a first name
2026-08-18 15:11:38 [TestNG-tests-2] INFO  com.orangehrm.base.BaseTest - Logged in as Admin
2026-08-18 15:11:43 [TestNG-tests-2] INFO  com.orangehrm.base.BaseTest - Closing driver for thread 26
2026-08-18 15:11:45 [TestNG-tests-2] INFO  com.orangehrm.base.BaseTest - Driver started for thread 26
2026-08-18 15:11:45 [TestNG-tests-2] INFO  com.orangehrm.base.BaseTest - TC06 - opening the Add Employee page
2026-08-18 15:11:49 [TestNG-tests-2] INFO  com.orangehrm.base.BaseTest - Logged in as Admin
2026-08-18 15:11:53 [TestNG-tests-2] INFO  com.orangehrm.base.BaseTest - Closing driver for thread 26
2026-08-18 15:26:45 [TestNG-tests-2] INFO  com.orangehrm.base.BaseTest - Driver started for thread 27
2026-08-18 15:26:45 [TestNG-tests-1] INFO  com.orangehrm.base.BaseTest - Driver started for thread 26
2026-08-18 15:26:45 [TestNG-tests-3] INFO  com.orangehrm.base.BaseTest - Driver started for thread 28
2026-08-18 15:26:45 [TestNG-tests-3] INFO  com.orangehrm.base.BaseTest - TC09 - verifying the Add User form fields
2026-08-18 15:26:45 [TestNG-tests-2] INFO  com.orangehrm.base.BaseTest - TC04 - searching for existing employee: Nada
2026-08-18 15:26:45 [TestNG-tests-1] INFO  com.orangehrm.base.BaseTest - TC03 - login with empty fields
2026-08-18 15:26:51 [TestNG-tests-2] INFO  com.orangehrm.base.BaseTest - Logged in as Admin
2026-08-18 15:26:55 [TestNG-tests-1] INFO  com.orangehrm.base.BaseTest - Closing driver for thread 26
2026-08-18 15:26:57 [TestNG-tests-3] ERROR com.orangehrm.listeners.RetryAnalyzer - Test 'testAddUserFormFields' failed. Retry attempt 1 of 2
2026-08-18 15:26:57 [TestNG-tests-3] INFO  com.orangehrm.base.BaseTest - Closing driver for thread 28
2026-08-18 15:26:58 [TestNG-tests-1] INFO  com.orangehrm.base.BaseTest - Driver started for thread 26
2026-08-18 15:26:58 [TestNG-tests-1] INFO  com.orangehrm.base.BaseTest - TC02 - login with invalid credentials: WrongUser
2026-08-18 15:27:00 [TestNG-tests-3] INFO  com.orangehrm.base.BaseTest - Driver started for thread 28
2026-08-18 15:27:00 [TestNG-tests-3] INFO  com.orangehrm.base.BaseTest - TC09 - verifying the Add User form fields
2026-08-18 15:27:00 [TestNG-tests-2] INFO  com.orangehrm.base.BaseTest - Closing driver for thread 27
2026-08-18 15:27:02 [TestNG-tests-2] INFO  com.orangehrm.base.BaseTest - Driver started for thread 27
2026-08-18 15:27:02 [TestNG-tests-2] INFO  com.orangehrm.base.BaseTest - TC05 - searching for non-existing employee: Zzqx Notreal
2026-08-18 15:27:06 [TestNG-tests-1] INFO  com.orangehrm.base.BaseTest - Closing driver for thread 26
2026-08-18 15:27:07 [TestNG-tests-1] INFO  com.orangehrm.base.BaseTest - Driver started for thread 26
2026-08-18 15:27:07 [TestNG-tests-1] INFO  com.orangehrm.base.BaseTest - TC02 - login with invalid credentials: Admin
2026-08-18 15:27:08 [TestNG-tests-3] INFO  com.orangehrm.base.BaseTest - Logged in as Admin
2026-08-18 15:27:12 [TestNG-tests-2] INFO  com.orangehrm.base.BaseTest - Logged in as Admin
2026-08-18 15:27:14 [TestNG-tests-3] INFO  com.orangehrm.base.BaseTest - Closing driver for thread 28
2026-08-18 15:27:16 [TestNG-tests-3] INFO  com.orangehrm.base.BaseTest - Driver started for thread 28
2026-08-18 15:27:16 [TestNG-tests-3] INFO  com.orangehrm.base.BaseTest - TC10 - verifying the footer branding link
2026-08-18 15:27:19 [TestNG-tests-2] INFO  com.orangehrm.base.BaseTest - Closing driver for thread 27
2026-08-18 15:27:20 [TestNG-tests-1] INFO  com.orangehrm.base.BaseTest - Closing driver for thread 26
2026-08-18 15:27:21 [TestNG-tests-2] INFO  com.orangehrm.base.BaseTest - Driver started for thread 27
2026-08-18 15:27:21 [TestNG-tests-2] INFO  com.orangehrm.base.BaseTest - TC05 - searching for non-existing employee: Ghost Employee 999
2026-08-18 15:27:22 [TestNG-tests-1] INFO  com.orangehrm.base.BaseTest - Driver started for thread 26
2026-08-18 15:27:22 [TestNG-tests-1] INFO  com.orangehrm.base.BaseTest - TC02 - login with invalid credentials: admin!!
2026-08-18 15:27:23 [TestNG-tests-3] INFO  com.orangehrm.base.BaseTest - Logged in as Admin
2026-08-18 15:27:30 [TestNG-tests-2] INFO  com.orangehrm.base.BaseTest - Logged in as Admin
2026-08-18 15:27:34 [TestNG-tests-1] INFO  com.orangehrm.base.BaseTest - Closing driver for thread 26
2026-08-18 15:27:36 [TestNG-tests-1] INFO  com.orangehrm.base.BaseTest - Driver started for thread 26
2026-08-18 15:27:36 [TestNG-tests-1] INFO  com.orangehrm.base.BaseTest - TC01 - login with valid credentials: Admin
2026-08-18 15:27:39 [TestNG-tests-2] INFO  com.orangehrm.base.BaseTest - Closing driver for thread 27
2026-08-18 15:27:41 [TestNG-tests-3] INFO  com.orangehrm.base.BaseTest - Closing driver for thread 28
2026-08-18 15:27:41 [TestNG-tests-2] INFO  com.orangehrm.base.BaseTest - Driver started for thread 27
2026-08-18 15:27:41 [TestNG-tests-2] INFO  com.orangehrm.base.BaseTest - TC08 - creating employee Nada Tester059770
2026-08-18 15:27:43 [TestNG-tests-3] INFO  com.orangehrm.base.BaseTest - Driver started for thread 28
2026-08-18 15:27:43 [TestNG-tests-3] INFO  com.orangehrm.base.BaseTest - TC11 - verifying the sidebar menu items
2026-08-18 15:27:46 [TestNG-tests-1] INFO  com.orangehrm.base.BaseTest - Closing driver for thread 26
2026-08-18 15:27:48 [TestNG-tests-2] INFO  com.orangehrm.base.BaseTest - Logged in as Admin
2026-08-18 15:27:51 [TestNG-tests-3] INFO  com.orangehrm.base.BaseTest - Logged in as Admin
2026-08-18 15:27:53 [TestNG-tests-3] INFO  com.orangehrm.base.BaseTest - Closing driver for thread 28
2026-08-18 15:28:02 [TestNG-tests-2] INFO  com.orangehrm.base.BaseTest - Closing driver for thread 27
2026-08-18 15:28:04 [TestNG-tests-2] INFO  com.orangehrm.base.BaseTest - Driver started for thread 27
2026-08-18 15:28:04 [TestNG-tests-2] INFO  com.orangehrm.base.BaseTest - TC07 - saving an employee without a first name
2026-08-18 15:28:08 [TestNG-tests-2] INFO  com.orangehrm.base.BaseTest - Logged in as Admin
2026-08-18 15:28:14 [TestNG-tests-2] INFO  com.orangehrm.base.BaseTest - Closing driver for thread 27
2026-08-18 15:28:15 [TestNG-tests-2] INFO  com.orangehrm.base.BaseTest - Driver started for thread 27
2026-08-18 15:28:15 [TestNG-tests-2] INFO  com.orangehrm.base.BaseTest - TC06 - opening the Add Employee page
2026-08-18 15:28:20 [TestNG-tests-2] INFO  com.orangehrm.base.BaseTest - Logged in as Admin
2026-08-18 15:28:24 [TestNG-tests-2] INFO  com.orangehrm.base.BaseTest - Closing driver for thread 27
2026-08-18 15:36:58 [TestNG-tests-3] INFO  com.orangehrm.base.BaseTest - Driver started for thread 27
2026-08-18 15:36:58 [TestNG-tests-1] INFO  com.orangehrm.base.BaseTest - Driver started for thread 25
2026-08-18 15:36:58 [TestNG-tests-2] INFO  com.orangehrm.base.BaseTest - Driver started for thread 26
2026-08-18 15:36:58 [TestNG-tests-2] INFO  com.orangehrm.base.BaseTest - TC04 - searching for existing employee: Nada
2026-08-18 15:36:58 [TestNG-tests-3] INFO  com.orangehrm.base.BaseTest - TC09 - verifying the Add User form fields
2026-08-18 15:36:58 [TestNG-tests-1] INFO  com.orangehrm.base.BaseTest - TC03 - login with empty fields
2026-08-18 15:37:08 [TestNG-tests-3] INFO  com.orangehrm.base.BaseTest - Logged in as Admin
2026-08-18 15:37:09 [TestNG-tests-1] INFO  com.orangehrm.base.BaseTest - Closing driver for thread 25
2026-08-18 15:37:09 [TestNG-tests-2] INFO  com.orangehrm.base.BaseTest - Logged in as Admin
2026-08-18 15:37:10 [TestNG-tests-1] INFO  com.orangehrm.base.BaseTest - Driver started for thread 25
2026-08-18 15:37:10 [TestNG-tests-1] INFO  com.orangehrm.base.BaseTest - TC02 - login with invalid credentials: WrongUser
2026-08-18 15:37:16 [TestNG-tests-3] INFO  com.orangehrm.base.BaseTest - Closing driver for thread 27
2026-08-18 15:37:17 [TestNG-tests-2] INFO  com.orangehrm.base.BaseTest - Closing driver for thread 26
2026-08-18 15:37:18 [TestNG-tests-3] INFO  com.orangehrm.base.BaseTest - Driver started for thread 27
2026-08-18 15:37:18 [TestNG-tests-3] INFO  com.orangehrm.base.BaseTest - TC10 - verifying the footer branding link
2026-08-18 15:37:19 [TestNG-tests-2] INFO  com.orangehrm.base.BaseTest - Driver started for thread 26
2026-08-18 15:37:19 [TestNG-tests-2] INFO  com.orangehrm.base.BaseTest - TC05 - searching for non-existing employee: Zzqx Notreal
2026-08-18 15:37:21 [TestNG-tests-1] INFO  com.orangehrm.base.BaseTest - Closing driver for thread 25
2026-08-18 15:37:23 [TestNG-tests-1] INFO  com.orangehrm.base.BaseTest - Driver started for thread 25
2026-08-18 15:37:23 [TestNG-tests-1] INFO  com.orangehrm.base.BaseTest - TC02 - login with invalid credentials: Admin
2026-08-18 15:37:25 [TestNG-tests-3] INFO  com.orangehrm.base.BaseTest - Logged in as Admin
2026-08-18 15:37:27 [TestNG-tests-2] INFO  com.orangehrm.base.BaseTest - Logged in as Admin
2026-08-18 15:37:41 [TestNG-tests-2] INFO  com.orangehrm.base.BaseTest - Closing driver for thread 26
2026-08-18 15:37:43 [TestNG-tests-2] INFO  com.orangehrm.base.BaseTest - Driver started for thread 26
2026-08-18 15:37:43 [TestNG-tests-2] INFO  com.orangehrm.base.BaseTest - TC05 - searching for non-existing employee: Ghost Employee 999
2026-08-18 15:37:44 [TestNG-tests-1] INFO  com.orangehrm.base.BaseTest - Closing driver for thread 25
2026-08-18 15:37:46 [TestNG-tests-1] INFO  com.orangehrm.base.BaseTest - Driver started for thread 25
2026-08-18 15:37:46 [TestNG-tests-1] INFO  com.orangehrm.base.BaseTest - TC02 - login with invalid credentials: admin!!
2026-08-18 15:37:46 [TestNG-tests-3] INFO  com.orangehrm.base.BaseTest - Closing driver for thread 27
2026-08-18 15:37:48 [TestNG-tests-3] INFO  com.orangehrm.base.BaseTest - Driver started for thread 27
2026-08-18 15:37:48 [TestNG-tests-3] INFO  com.orangehrm.base.BaseTest - TC11 - verifying the sidebar menu items
2026-08-18 15:37:50 [TestNG-tests-2] INFO  com.orangehrm.base.BaseTest - Logged in as Admin
2026-08-18 15:37:57 [TestNG-tests-3] INFO  com.orangehrm.base.BaseTest - Logged in as Admin
2026-08-18 15:37:58 [TestNG-tests-1] INFO  com.orangehrm.base.BaseTest - Closing driver for thread 25
2026-08-18 15:37:59 [TestNG-tests-2] INFO  com.orangehrm.base.BaseTest - Closing driver for thread 26
2026-08-18 15:37:59 [TestNG-tests-3] INFO  com.orangehrm.base.BaseTest - Closing driver for thread 27
2026-08-18 15:38:01 [TestNG-tests-1] INFO  com.orangehrm.base.BaseTest - Driver started for thread 25
2026-08-18 15:38:01 [TestNG-tests-1] INFO  com.orangehrm.base.BaseTest - TC01 - login with valid credentials: Admin
2026-08-18 15:38:02 [TestNG-tests-2] INFO  com.orangehrm.base.BaseTest - Driver started for thread 26
2026-08-18 15:38:02 [TestNG-tests-2] INFO  com.orangehrm.base.BaseTest - TC08 - creating employee Nada Tester679359
2026-08-18 15:38:07 [TestNG-tests-1] INFO  com.orangehrm.base.BaseTest - Closing driver for thread 25
2026-08-18 15:38:08 [TestNG-tests-2] INFO  com.orangehrm.base.BaseTest - Logged in as Admin
2026-08-18 15:38:22 [TestNG-tests-2] INFO  com.orangehrm.base.BaseTest - Closing driver for thread 26
2026-08-18 15:38:24 [TestNG-tests-2] INFO  com.orangehrm.base.BaseTest - Driver started for thread 26
2026-08-18 15:38:24 [TestNG-tests-2] INFO  com.orangehrm.base.BaseTest - TC07 - saving an employee without a first name
2026-08-18 15:38:28 [TestNG-tests-2] INFO  com.orangehrm.base.BaseTest - Logged in as Admin
2026-08-18 15:38:33 [TestNG-tests-2] INFO  com.orangehrm.base.BaseTest - Closing driver for thread 26
2026-08-18 15:38:35 [TestNG-tests-2] INFO  com.orangehrm.base.BaseTest - Driver started for thread 26
2026-08-18 15:38:35 [TestNG-tests-2] INFO  com.orangehrm.base.BaseTest - TC06 - opening the Add Employee page
2026-08-18 15:38:39 [TestNG-tests-2] INFO  com.orangehrm.base.BaseTest - Logged in as Admin
2026-08-18 15:38:46 [TestNG-tests-2] INFO  com.orangehrm.base.BaseTest - Closing driver for thread 26
2026-08-18 15:57:36 [TestNG-tests-2] INFO  com.orangehrm.base.BaseTest - Driver started for thread 26
2026-08-18 15:57:36 [TestNG-tests-3] INFO  com.orangehrm.base.BaseTest - Driver started for thread 27
2026-08-18 15:57:36 [TestNG-tests-1] INFO  com.orangehrm.base.BaseTest - Driver started for thread 25
2026-08-18 15:57:36 [TestNG-tests-1] INFO  com.orangehrm.base.BaseTest - TC03 - login with empty fields
2026-08-18 15:57:36 [TestNG-tests-3] INFO  com.orangehrm.base.BaseTest - TC09 - verifying the Add User form fields
2026-08-18 15:57:36 [TestNG-tests-2] INFO  com.orangehrm.base.BaseTest - TC04 - searching for existing employee: Nada
2026-08-18 15:57:46 [TestNG-tests-1] INFO  com.orangehrm.base.BaseTest - Closing driver for thread 25
2026-08-18 15:57:47 [TestNG-tests-3] INFO  com.orangehrm.base.BaseTest - Logged in as Admin
2026-08-18 15:57:47 [TestNG-tests-2] INFO  com.orangehrm.base.BaseTest - Logged in as Admin
2026-08-18 15:57:48 [TestNG-tests-1] INFO  com.orangehrm.base.BaseTest - Driver started for thread 25
2026-08-18 15:57:48 [TestNG-tests-1] INFO  com.orangehrm.base.BaseTest - TC02 - login with invalid credentials: WrongUser
2026-08-18 15:57:53 [TestNG-tests-3] INFO  com.orangehrm.base.BaseTest - Closing driver for thread 27
2026-08-18 15:57:53 [TestNG-tests-2] INFO  com.orangehrm.base.BaseTest - Closing driver for thread 26
2026-08-18 15:57:55 [TestNG-tests-3] INFO  com.orangehrm.base.BaseTest - Driver started for thread 27
2026-08-18 15:57:55 [TestNG-tests-3] INFO  com.orangehrm.base.BaseTest - TC10 - verifying the footer branding link
2026-08-18 15:57:56 [TestNG-tests-2] INFO  com.orangehrm.base.BaseTest - Driver started for thread 26
2026-08-18 15:57:56 [TestNG-tests-2] INFO  com.orangehrm.base.BaseTest - TC05 - searching for non-existing employee: Zzqx Notreal
2026-08-18 15:57:58 [TestNG-tests-1] INFO  com.orangehrm.base.BaseTest - Closing driver for thread 25
2026-08-18 15:58:00 [TestNG-tests-1] INFO  com.orangehrm.base.BaseTest - Driver started for thread 25
2026-08-18 15:58:00 [TestNG-tests-1] INFO  com.orangehrm.base.BaseTest - TC02 - login with invalid credentials: Admin
2026-08-18 15:58:02 [TestNG-tests-3] INFO  com.orangehrm.base.BaseTest - Logged in as Admin
2026-08-18 15:58:04 [TestNG-tests-2] INFO  com.orangehrm.base.BaseTest - Logged in as Admin
2026-08-18 15:58:11 [TestNG-tests-2] INFO  com.orangehrm.base.BaseTest - Closing driver for thread 26
2026-08-18 15:58:13 [TestNG-tests-1] INFO  com.orangehrm.base.BaseTest - Closing driver for thread 25
2026-08-18 15:58:13 [TestNG-tests-2] INFO  com.orangehrm.base.BaseTest - Driver started for thread 26
2026-08-18 15:58:13 [TestNG-tests-2] INFO  com.orangehrm.base.BaseTest - TC05 - searching for non-existing employee: Ghost Employee 999
2026-08-18 15:58:15 [TestNG-tests-1] INFO  com.orangehrm.base.BaseTest - Driver started for thread 25
2026-08-18 15:58:15 [TestNG-tests-1] INFO  com.orangehrm.base.BaseTest - TC02 - login with invalid credentials: admin!!
2026-08-18 15:58:16 [TestNG-tests-3] INFO  com.orangehrm.base.BaseTest - Closing driver for thread 27
2026-08-18 15:58:18 [TestNG-tests-3] INFO  com.orangehrm.base.BaseTest - Driver started for thread 27
2026-08-18 15:58:18 [TestNG-tests-3] INFO  com.orangehrm.base.BaseTest - TC11 - verifying the sidebar menu items
2026-08-18 15:58:20 [TestNG-tests-2] INFO  com.orangehrm.base.BaseTest - Logged in as Admin
2026-08-18 15:58:28 [TestNG-tests-1] INFO  com.orangehrm.base.BaseTest - Closing driver for thread 25
2026-08-18 15:58:28 [TestNG-tests-2] INFO  com.orangehrm.base.BaseTest - Closing driver for thread 26
2026-08-18 15:58:30 [TestNG-tests-1] INFO  com.orangehrm.base.BaseTest - Driver started for thread 25
2026-08-18 15:58:30 [TestNG-tests-1] INFO  com.orangehrm.base.BaseTest - TC01 - login with valid credentials: Admin
2026-08-18 15:58:31 [TestNG-tests-2] INFO  com.orangehrm.base.BaseTest - Driver started for thread 26
2026-08-18 15:58:31 [TestNG-tests-2] INFO  com.orangehrm.base.BaseTest - TC08 - creating employee Nada Tester908907
2026-08-18 15:58:32 [TestNG-tests-3] INFO  com.orangehrm.base.BaseTest - Logged in as Admin
2026-08-18 15:58:33 [TestNG-tests-3] INFO  com.orangehrm.base.BaseTest - Closing driver for thread 27
2026-08-18 15:58:40 [TestNG-tests-1] INFO  com.orangehrm.base.BaseTest - Closing driver for thread 25
2026-08-18 15:58:40 [TestNG-tests-2] INFO  com.orangehrm.base.BaseTest - Logged in as Admin
2026-08-18 15:59:09 [TestNG-tests-2] ERROR com.orangehrm.listeners.RetryAnalyzer - Test 'testAddEmployeeEndToEnd' failed. Retry attempt 1 of 2
2026-08-18 15:59:09 [TestNG-tests-2] INFO  com.orangehrm.base.BaseTest - Closing driver for thread 26
2026-08-18 15:59:10 [TestNG-tests-2] INFO  com.orangehrm.base.BaseTest - Driver started for thread 26
2026-08-18 15:59:10 [TestNG-tests-2] INFO  com.orangehrm.base.BaseTest - TC08 - creating employee Nada Tester908907
2026-08-18 15:59:15 [TestNG-tests-2] INFO  com.orangehrm.base.BaseTest - Logged in as Admin
2026-08-18 15:59:39 [TestNG-tests-2] INFO  com.orangehrm.base.BaseTest - Closing driver for thread 26
2026-08-18 15:59:41 [TestNG-tests-2] INFO  com.orangehrm.base.BaseTest - Driver started for thread 26
2026-08-18 15:59:41 [TestNG-tests-2] INFO  com.orangehrm.base.BaseTest - TC07 - saving an employee without a first name
2026-08-18 15:59:44 [TestNG-tests-2] INFO  com.orangehrm.base.BaseTest - Logged in as Admin
2026-08-18 15:59:50 [TestNG-tests-2] INFO  com.orangehrm.base.BaseTest - Closing driver for thread 26
2026-08-18 15:59:52 [TestNG-tests-2] INFO  com.orangehrm.base.BaseTest - Driver started for thread 26
2026-08-18 15:59:52 [TestNG-tests-2] INFO  com.orangehrm.base.BaseTest - TC06 - opening the Add Employee page
2026-08-18 15:59:55 [TestNG-tests-2] INFO  com.orangehrm.base.BaseTest - Logged in as Admin
2026-08-18 16:00:00 [TestNG-tests-2] INFO  com.orangehrm.base.BaseTest - Closing driver for thread 26
2026-08-18 16:02:54 [TestNG-tests-1] INFO  com.orangehrm.base.BaseTest - Driver started for thread 24
2026-08-18 16:02:54 [TestNG-tests-3] INFO  com.orangehrm.base.BaseTest - Driver started for thread 26
2026-08-18 16:02:54 [TestNG-tests-2] INFO  com.orangehrm.base.BaseTest - Driver started for thread 25
2026-08-18 16:02:55 [TestNG-tests-1] INFO  com.orangehrm.base.BaseTest - TC03 - login with empty fields
2026-08-18 16:02:55 [TestNG-tests-3] INFO  com.orangehrm.base.BaseTest - TC09 - verifying the Add User form fields
2026-08-18 16:02:55 [TestNG-tests-2] INFO  com.orangehrm.base.BaseTest - TC04 - searching for existing employee: Nada
2026-08-18 16:03:05 [TestNG-tests-1] INFO  com.orangehrm.base.BaseTest - Closing driver for thread 24
2026-08-18 16:03:05 [TestNG-tests-2] INFO  com.orangehrm.base.BaseTest - Logged in as Admin
2026-08-18 16:03:06 [TestNG-tests-3] INFO  com.orangehrm.base.BaseTest - Logged in as Admin
2026-08-18 16:03:07 [TestNG-tests-1] INFO  com.orangehrm.base.BaseTest - Driver started for thread 24
2026-08-18 16:03:07 [TestNG-tests-1] INFO  com.orangehrm.base.BaseTest - TC02 - login with invalid credentials: WrongUser
2026-08-18 16:03:19 [TestNG-tests-3] INFO  com.orangehrm.base.BaseTest - Closing driver for thread 26
2026-08-18 16:03:20 [TestNG-tests-2] ERROR com.orangehrm.listeners.RetryAnalyzer - Test 'testSearchExistingEmployee' failed. Retry attempt 1 of 2
2026-08-18 16:03:20 [TestNG-tests-2] INFO  com.orangehrm.base.BaseTest - Closing driver for thread 25
2026-08-18 16:03:21 [TestNG-tests-1] INFO  com.orangehrm.base.BaseTest - Closing driver for thread 24
2026-08-18 16:03:21 [TestNG-tests-3] INFO  com.orangehrm.base.BaseTest - Driver started for thread 26
2026-08-18 16:03:21 [TestNG-tests-3] INFO  com.orangehrm.base.BaseTest - TC10 - verifying the footer branding link
2026-08-18 16:03:22 [TestNG-tests-2] INFO  com.orangehrm.base.BaseTest - Driver started for thread 25
2026-08-18 16:03:22 [TestNG-tests-2] INFO  com.orangehrm.base.BaseTest - TC04 - searching for existing employee: Nada
2026-08-18 16:03:24 [TestNG-tests-1] INFO  com.orangehrm.base.BaseTest - Driver started for thread 24
2026-08-18 16:03:24 [TestNG-tests-1] INFO  com.orangehrm.base.BaseTest - TC02 - login with invalid credentials: Admin
2026-08-18 16:03:25 [TestNG-tests-3] INFO  com.orangehrm.base.BaseTest - Logged in as Admin
2026-08-18 16:03:31 [TestNG-tests-2] INFO  com.orangehrm.base.BaseTest - Logged in as Admin
2026-08-18 16:03:40 [TestNG-tests-1] INFO  com.orangehrm.base.BaseTest - Closing driver for thread 24
2026-08-18 16:03:41 [TestNG-tests-2] INFO  com.orangehrm.base.BaseTest - Closing driver for thread 25
2026-08-18 16:03:42 [TestNG-tests-3] INFO  com.orangehrm.base.BaseTest - Closing driver for thread 26
2026-08-18 16:03:42 [TestNG-tests-1] INFO  com.orangehrm.base.BaseTest - Driver started for thread 24
2026-08-18 16:03:42 [TestNG-tests-1] INFO  com.orangehrm.base.BaseTest - TC02 - login with invalid credentials: admin!!
2026-08-18 16:03:43 [TestNG-tests-2] INFO  com.orangehrm.base.BaseTest - Driver started for thread 25
2026-08-18 16:03:43 [TestNG-tests-2] INFO  com.orangehrm.base.BaseTest - TC05 - searching for non-existing employee: Zzqx Notreal
2026-08-18 16:03:45 [TestNG-tests-3] INFO  com.orangehrm.base.BaseTest - Driver started for thread 26
2026-08-18 16:03:45 [TestNG-tests-3] INFO  com.orangehrm.base.BaseTest - TC11 - verifying the sidebar menu items
2026-08-18 16:03:48 [TestNG-tests-1] INFO  com.orangehrm.base.BaseTest - Closing driver for thread 24
2026-08-18 16:03:50 [TestNG-tests-1] INFO  com.orangehrm.base.BaseTest - Driver started for thread 24
2026-08-18 16:03:50 [TestNG-tests-1] INFO  com.orangehrm.base.BaseTest - TC01 - login with valid credentials: Admin
2026-08-18 16:03:51 [TestNG-tests-2] INFO  com.orangehrm.base.BaseTest - Logged in as Admin
2026-08-18 16:03:54 [TestNG-tests-3] INFO  com.orangehrm.base.BaseTest - Logged in as Admin
2026-08-18 16:03:57 [TestNG-tests-3] INFO  com.orangehrm.base.BaseTest - Closing driver for thread 26
2026-08-18 16:03:59 [TestNG-tests-2] INFO  com.orangehrm.base.BaseTest - Closing driver for thread 25
2026-08-18 16:04:01 [TestNG-tests-2] INFO  com.orangehrm.base.BaseTest - Driver started for thread 25
2026-08-18 16:04:01 [TestNG-tests-2] INFO  com.orangehrm.base.BaseTest - TC05 - searching for non-existing employee: Ghost Employee 999
2026-08-18 16:04:02 [TestNG-tests-1] INFO  com.orangehrm.base.BaseTest - Closing driver for thread 24
2026-08-18 16:04:05 [TestNG-tests-2] INFO  com.orangehrm.base.BaseTest - Logged in as Admin
2026-08-18 16:04:11 [TestNG-tests-2] INFO  com.orangehrm.base.BaseTest - Closing driver for thread 25
2026-08-18 16:04:12 [TestNG-tests-2] INFO  com.orangehrm.base.BaseTest - Driver started for thread 25
2026-08-18 16:04:12 [TestNG-tests-2] INFO  com.orangehrm.base.BaseTest - TC08 - creating employee Nada Tester251204
2026-08-18 16:04:16 [TestNG-tests-2] INFO  com.orangehrm.base.BaseTest - Logged in as Admin
2026-08-18 16:04:29 [TestNG-tests-2] ERROR com.orangehrm.listeners.RetryAnalyzer - Test 'testAddEmployeeEndToEnd' failed. Retry attempt 1 of 2
2026-08-18 16:04:29 [TestNG-tests-2] INFO  com.orangehrm.base.BaseTest - Closing driver for thread 25
2026-08-18 16:04:31 [TestNG-tests-2] INFO  com.orangehrm.base.BaseTest - Driver started for thread 25
2026-08-18 16:04:31 [TestNG-tests-2] INFO  com.orangehrm.base.BaseTest - TC08 - creating employee Nada Tester251204
2026-08-18 16:04:34 [TestNG-tests-2] INFO  com.orangehrm.base.BaseTest - Logged in as Admin
2026-08-18 16:04:47 [TestNG-tests-2] INFO  com.orangehrm.base.BaseTest - Closing driver for thread 25
2026-08-18 16:04:49 [TestNG-tests-2] INFO  com.orangehrm.base.BaseTest - Driver started for thread 25
2026-08-18 16:04:49 [TestNG-tests-2] INFO  com.orangehrm.base.BaseTest - TC07 - saving an employee without a first name
2026-08-18 16:04:52 [TestNG-tests-2] INFO  com.orangehrm.base.BaseTest - Logged in as Admin
2026-08-18 16:04:58 [TestNG-tests-2] INFO  com.orangehrm.base.BaseTest - Closing driver for thread 25
2026-08-18 16:05:00 [TestNG-tests-2] INFO  com.orangehrm.base.BaseTest - Driver started for thread 25
2026-08-18 16:05:00 [TestNG-tests-2] INFO  com.orangehrm.base.BaseTest - TC06 - opening the Add Employee page
2026-08-18 16:05:04 [TestNG-tests-2] INFO  com.orangehrm.base.BaseTest - Logged in as Admin
2026-08-18 16:05:08 [TestNG-tests-2] INFO  com.orangehrm.base.BaseTest - Closing driver for thread 25
2026-08-18 16:14:45 [TestNG-tests-2] INFO  com.orangehrm.base.BaseTest - Driver started for thread 25
2026-08-18 16:14:45 [TestNG-tests-2] INFO  com.orangehrm.base.BaseTest - TC04 - searching for existing employee: Nada
2026-08-18 16:14:48 [TestNG-tests-3] INFO  com.orangehrm.base.BaseTest - Driver started for thread 26
2026-08-18 16:14:48 [TestNG-tests-3] INFO  com.orangehrm.base.BaseTest - TC09 - verifying the Add User form fields
2026-08-18 16:14:49 [TestNG-tests-1] INFO  com.orangehrm.base.BaseTest - Driver started for thread 24
2026-08-18 16:14:49 [TestNG-tests-1] INFO  com.orangehrm.base.BaseTest - TC03 - login with empty fields
2026-08-18 16:14:52 [TestNG-tests-2] INFO  com.orangehrm.base.BaseTest - Logged in as Admin
2026-08-18 16:14:57 [TestNG-tests-3] INFO  com.orangehrm.base.BaseTest - Logged in as Admin
2026-08-18 16:15:00 [TestNG-tests-1] INFO  com.orangehrm.base.BaseTest - Closing driver for thread 24
2026-08-18 16:15:01 [TestNG-tests-2] INFO  com.orangehrm.base.BaseTest - Closing driver for thread 25
2026-08-18 16:15:03 [TestNG-tests-1] INFO  com.orangehrm.base.BaseTest - Driver started for thread 24
2026-08-18 16:15:03 [TestNG-tests-1] INFO  com.orangehrm.base.BaseTest - TC02 - login with invalid credentials: WrongUser
2026-08-18 16:15:03 [TestNG-tests-2] INFO  com.orangehrm.base.BaseTest - Driver started for thread 25
2026-08-18 16:15:03 [TestNG-tests-2] INFO  com.orangehrm.base.BaseTest - TC05 - searching for non-existing employee: Zzqx Notreal
2026-08-18 16:15:04 [TestNG-tests-3] INFO  com.orangehrm.base.BaseTest - Closing driver for thread 26
2026-08-18 16:15:06 [TestNG-tests-3] INFO  com.orangehrm.base.BaseTest - Driver started for thread 26
2026-08-18 16:15:06 [TestNG-tests-3] INFO  com.orangehrm.base.BaseTest - TC10 - verifying the footer branding link
2026-08-18 16:15:09 [TestNG-tests-2] INFO  com.orangehrm.base.BaseTest - Logged in as Admin
2026-08-18 16:15:10 [TestNG-tests-1] INFO  com.orangehrm.base.BaseTest - Closing driver for thread 24
2026-08-18 16:15:11 [TestNG-tests-1] INFO  com.orangehrm.base.BaseTest - Driver started for thread 24
2026-08-18 16:15:11 [TestNG-tests-1] INFO  com.orangehrm.base.BaseTest - TC02 - login with invalid credentials: Admin
2026-08-18 16:15:12 [TestNG-tests-3] INFO  com.orangehrm.base.BaseTest - Logged in as Admin
2026-08-18 16:15:15 [TestNG-tests-2] ERROR com.orangehrm.listeners.RetryAnalyzer - Test 'testSearchNonExistingEmployee' failed. Retry attempt 1 of 2
2026-08-18 16:15:15 [TestNG-tests-2] INFO  com.orangehrm.base.BaseTest - Closing driver for thread 25
2026-08-18 16:15:17 [TestNG-tests-2] INFO  com.orangehrm.base.BaseTest - Driver started for thread 25
2026-08-18 16:15:17 [TestNG-tests-2] INFO  com.orangehrm.base.BaseTest - TC05 - searching for non-existing employee: Zzqx Notreal
2026-08-18 16:15:20 [TestNG-tests-1] INFO  com.orangehrm.base.BaseTest - Closing driver for thread 24
2026-08-18 16:15:21 [TestNG-tests-1] INFO  com.orangehrm.base.BaseTest - Driver started for thread 24
2026-08-18 16:15:21 [TestNG-tests-1] INFO  com.orangehrm.base.BaseTest - TC02 - login with invalid credentials: admin!!
2026-08-18 16:15:28 [TestNG-tests-3] INFO  com.orangehrm.base.BaseTest - Closing driver for thread 26
2026-08-18 16:15:29 [TestNG-tests-2] INFO  com.orangehrm.base.BaseTest - Logged in as Admin
2026-08-18 16:15:29 [TestNG-tests-3] INFO  com.orangehrm.base.BaseTest - Driver started for thread 26
2026-08-18 16:15:29 [TestNG-tests-3] INFO  com.orangehrm.base.BaseTest - TC11 - verifying the sidebar menu items
2026-08-18 16:15:36 [TestNG-tests-1] INFO  com.orangehrm.base.BaseTest - Closing driver for thread 24
2026-08-18 16:15:37 [TestNG-tests-2] ERROR com.orangehrm.listeners.RetryAnalyzer - Test 'testSearchNonExistingEmployee' failed. Retry attempt 2 of 2
2026-08-18 16:15:37 [TestNG-tests-2] INFO  com.orangehrm.base.BaseTest - Closing driver for thread 25
2026-08-18 16:15:38 [TestNG-tests-1] INFO  com.orangehrm.base.BaseTest - Driver started for thread 24
2026-08-18 16:15:38 [TestNG-tests-1] INFO  com.orangehrm.base.BaseTest - TC01 - login with valid credentials: Admin
2026-08-18 16:15:39 [TestNG-tests-2] INFO  com.orangehrm.base.BaseTest - Driver started for thread 25
2026-08-18 16:15:39 [TestNG-tests-2] INFO  com.orangehrm.base.BaseTest - TC05 - searching for non-existing employee: Zzqx Notreal
2026-08-18 16:15:39 [TestNG-tests-3] INFO  com.orangehrm.base.BaseTest - Logged in as Admin
2026-08-18 16:15:41 [TestNG-tests-3] INFO  com.orangehrm.base.BaseTest - Closing driver for thread 26
2026-08-18 16:15:47 [TestNG-tests-2] INFO  com.orangehrm.base.BaseTest - Logged in as Admin
2026-08-18 16:15:48 [TestNG-tests-1] INFO  com.orangehrm.base.BaseTest - Closing driver for thread 24
2026-08-18 16:15:51 [TestNG-tests-2] INFO  com.orangehrm.base.BaseTest - Closing driver for thread 25
2026-08-18 16:15:53 [TestNG-tests-2] INFO  com.orangehrm.base.BaseTest - Driver started for thread 25
2026-08-18 16:15:53 [TestNG-tests-2] INFO  com.orangehrm.base.BaseTest - TC05 - searching for non-existing employee: Ghost Employee 999
2026-08-18 16:15:56 [TestNG-tests-2] INFO  com.orangehrm.base.BaseTest - Logged in as Admin
2026-08-18 16:16:02 [TestNG-tests-2] ERROR com.orangehrm.listeners.RetryAnalyzer - Test 'testSearchNonExistingEmployee' failed. Retry attempt 1 of 2
2026-08-18 16:16:02 [TestNG-tests-2] INFO  com.orangehrm.base.BaseTest - Closing driver for thread 25
2026-08-18 16:16:03 [TestNG-tests-2] INFO  com.orangehrm.base.BaseTest - Driver started for thread 25
2026-08-18 16:16:03 [TestNG-tests-2] INFO  com.orangehrm.base.BaseTest - TC05 - searching for non-existing employee: Ghost Employee 999
2026-08-18 16:16:08 [TestNG-tests-2] INFO  com.orangehrm.base.BaseTest - Logged in as Admin
2026-08-18 16:16:13 [TestNG-tests-2] ERROR com.orangehrm.listeners.RetryAnalyzer - Test 'testSearchNonExistingEmployee' failed. Retry attempt 2 of 2
2026-08-18 16:16:13 [TestNG-tests-2] INFO  com.orangehrm.base.BaseTest - Closing driver for thread 25
2026-08-18 16:16:14 [TestNG-tests-2] INFO  com.orangehrm.base.BaseTest - Driver started for thread 25
2026-08-18 16:16:14 [TestNG-tests-2] INFO  com.orangehrm.base.BaseTest - TC05 - searching for non-existing employee: Ghost Employee 999
2026-08-18 16:16:18 [TestNG-tests-2] INFO  com.orangehrm.base.BaseTest - Logged in as Admin
2026-08-18 16:16:24 [TestNG-tests-2] INFO  com.orangehrm.base.BaseTest - Closing driver for thread 25
2026-08-18 16:16:25 [TestNG-tests-2] INFO  com.orangehrm.base.BaseTest - Driver started for thread 25
2026-08-18 16:16:25 [TestNG-tests-2] INFO  com.orangehrm.base.BaseTest - TC08 - creating employee Nada Tester984100
2026-08-18 16:16:29 [TestNG-tests-2] INFO  com.orangehrm.base.BaseTest - Logged in as Admin
2026-08-18 16:16:41 [TestNG-tests-2] ERROR com.orangehrm.listeners.RetryAnalyzer - Test 'testAddEmployeeEndToEnd' failed. Retry attempt 1 of 2
2026-08-18 16:16:42 [TestNG-tests-2] INFO  com.orangehrm.base.BaseTest - Closing driver for thread 25
2026-08-18 16:16:43 [TestNG-tests-2] INFO  com.orangehrm.base.BaseTest - Driver started for thread 25
2026-08-18 16:16:43 [TestNG-tests-2] INFO  com.orangehrm.base.BaseTest - TC08 - creating employee Nada Tester984100
2026-08-18 16:16:47 [TestNG-tests-2] INFO  com.orangehrm.base.BaseTest - Logged in as Admin
2026-08-18 16:17:00 [TestNG-tests-2] INFO  com.orangehrm.base.BaseTest - Closing driver for thread 25
2026-08-18 16:17:01 [TestNG-tests-2] INFO  com.orangehrm.base.BaseTest - Driver started for thread 25
2026-08-18 16:17:01 [TestNG-tests-2] INFO  com.orangehrm.base.BaseTest - TC07 - saving an employee without a first name
2026-08-18 16:17:05 [TestNG-tests-2] INFO  com.orangehrm.base.BaseTest - Logged in as Admin
2026-08-18 16:17:11 [TestNG-tests-2] INFO  com.orangehrm.base.BaseTest - Closing driver for thread 25
2026-08-18 16:17:12 [TestNG-tests-2] INFO  com.orangehrm.base.BaseTest - Driver started for thread 25
2026-08-18 16:17:12 [TestNG-tests-2] INFO  com.orangehrm.base.BaseTest - TC06 - opening the Add Employee page
2026-08-18 16:17:16 [TestNG-tests-2] INFO  com.orangehrm.base.BaseTest - Logged in as Admin
2026-08-18 16:17:21 [TestNG-tests-2] INFO  com.orangehrm.base.BaseTest - Closing driver for thread 25
2026-08-18 16:24:00 [TestNG-tests-2] INFO  com.orangehrm.base.BaseTest - Driver started for thread 26
2026-08-18 16:24:00 [TestNG-tests-3] INFO  com.orangehrm.base.BaseTest - Driver started for thread 27
2026-08-18 16:24:00 [TestNG-tests-1] INFO  com.orangehrm.base.BaseTest - Driver started for thread 25
2026-08-18 16:24:00 [TestNG-tests-2] INFO  com.orangehrm.base.BaseTest - TC04 - searching for existing employee: Nada
2026-08-18 16:24:00 [TestNG-tests-3] INFO  com.orangehrm.base.BaseTest - TC09 - verifying the Add User form fields
2026-08-18 16:24:00 [TestNG-tests-1] INFO  com.orangehrm.base.BaseTest - TC03 - login with empty fields
2026-08-18 16:24:05 [TestNG-tests-1] INFO  com.orangehrm.base.BaseTest - Closing driver for thread 25
2026-08-18 16:24:06 [TestNG-tests-1] INFO  com.orangehrm.base.BaseTest - Driver started for thread 25
2026-08-18 16:24:06 [TestNG-tests-1] INFO  com.orangehrm.base.BaseTest - TC02 - login with invalid credentials: WrongUser
2026-08-18 16:24:11 [TestNG-tests-3] INFO  com.orangehrm.base.BaseTest - Logged in as Admin
2026-08-18 16:24:11 [TestNG-tests-2] INFO  com.orangehrm.base.BaseTest - Logged in as Admin
2026-08-18 16:24:19 [TestNG-tests-3] INFO  com.orangehrm.base.BaseTest - Closing driver for thread 27
2026-08-18 16:24:20 [TestNG-tests-3] INFO  com.orangehrm.base.BaseTest - Driver started for thread 27
2026-08-18 16:24:20 [TestNG-tests-3] INFO  com.orangehrm.base.BaseTest - TC10 - verifying the footer branding link
2026-08-18 16:24:21 [TestNG-tests-1] INFO  com.orangehrm.base.BaseTest - Closing driver for thread 25
2026-08-18 16:24:22 [TestNG-tests-1] INFO  com.orangehrm.base.BaseTest - Driver started for thread 25
2026-08-18 16:24:22 [TestNG-tests-1] INFO  com.orangehrm.base.BaseTest - TC02 - login with invalid credentials: Admin
2026-08-18 16:24:25 [TestNG-tests-3] INFO  com.orangehrm.base.BaseTest - Logged in as Admin
2026-08-18 16:24:31 [TestNG-tests-2] INFO  com.orangehrm.base.BaseTest - Closing driver for thread 26
2026-08-18 16:24:32 [TestNG-tests-2] INFO  com.orangehrm.base.BaseTest - Driver started for thread 26
2026-08-18 16:24:32 [TestNG-tests-2] INFO  com.orangehrm.base.BaseTest - TC05 - searching for non-existing employee: Zzqx Notreal
2026-08-18 16:24:33 [TestNG-tests-1] INFO  com.orangehrm.base.BaseTest - Closing driver for thread 25
2026-08-18 16:24:35 [TestNG-tests-1] INFO  com.orangehrm.base.BaseTest - Driver started for thread 25
2026-08-18 16:24:35 [TestNG-tests-1] INFO  com.orangehrm.base.BaseTest - TC02 - login with invalid credentials: admin!!
2026-08-18 16:24:37 [TestNG-tests-3] INFO  com.orangehrm.base.BaseTest - Closing driver for thread 27
2026-08-18 16:24:39 [TestNG-tests-3] INFO  com.orangehrm.base.BaseTest - Driver started for thread 27
2026-08-18 16:24:39 [TestNG-tests-3] INFO  com.orangehrm.base.BaseTest - TC11 - verifying the sidebar menu items
2026-08-18 16:24:41 [TestNG-tests-2] INFO  com.orangehrm.base.BaseTest - Logged in as Admin
2026-08-18 16:24:48 [TestNG-tests-1] INFO  com.orangehrm.base.BaseTest - Closing driver for thread 25
2026-08-18 16:24:49 [TestNG-tests-3] INFO  com.orangehrm.base.BaseTest - Logged in as Admin
2026-08-18 16:24:49 [TestNG-tests-1] INFO  com.orangehrm.base.BaseTest - Driver started for thread 25
2026-08-18 16:24:49 [TestNG-tests-1] INFO  com.orangehrm.base.BaseTest - TC01 - login with valid credentials: Admin
2026-08-18 16:24:51 [TestNG-tests-3] INFO  com.orangehrm.base.BaseTest - Closing driver for thread 27
2026-08-18 16:24:52 [TestNG-tests-2] INFO  com.orangehrm.base.BaseTest - Closing driver for thread 26
2026-08-18 16:24:53 [TestNG-tests-2] INFO  com.orangehrm.base.BaseTest - Driver started for thread 26
2026-08-18 16:24:53 [TestNG-tests-2] INFO  com.orangehrm.base.BaseTest - TC05 - searching for non-existing employee: Ghost Employee 999
2026-08-18 16:24:56 [TestNG-tests-1] INFO  com.orangehrm.base.BaseTest - Closing driver for thread 25
2026-08-18 16:24:58 [TestNG-tests-2] INFO  com.orangehrm.base.BaseTest - Logged in as Admin
2026-08-18 16:25:09 [TestNG-tests-2] ERROR com.orangehrm.listeners.RetryAnalyzer - Test 'testSearchNonExistingEmployee' failed. Retry attempt 1 of 2
2026-08-18 16:25:09 [TestNG-tests-2] INFO  com.orangehrm.base.BaseTest - Closing driver for thread 26
2026-08-18 16:25:10 [TestNG-tests-2] INFO  com.orangehrm.base.BaseTest - Driver started for thread 26
2026-08-18 16:25:10 [TestNG-tests-2] INFO  com.orangehrm.base.BaseTest - TC05 - searching for non-existing employee: Ghost Employee 999
2026-08-18 16:25:14 [TestNG-tests-2] INFO  com.orangehrm.base.BaseTest - Logged in as Admin
2026-08-18 16:25:21 [TestNG-tests-2] INFO  com.orangehrm.base.BaseTest - Closing driver for thread 26
2026-08-18 16:25:22 [TestNG-tests-2] INFO  com.orangehrm.base.BaseTest - Driver started for thread 26
2026-08-18 16:25:22 [TestNG-tests-2] INFO  com.orangehrm.base.BaseTest - TC08 - creating employee Nada Tester521303
2026-08-18 16:25:26 [TestNG-tests-2] INFO  com.orangehrm.base.BaseTest - Logged in as Admin
2026-08-18 16:25:50 [TestNG-tests-2] INFO  com.orangehrm.base.BaseTest - Closing driver for thread 26
2026-08-18 16:25:51 [TestNG-tests-2] INFO  com.orangehrm.base.BaseTest - Driver started for thread 26
2026-08-18 16:25:51 [TestNG-tests-2] INFO  com.orangehrm.base.BaseTest - TC07 - saving an employee without a first name
2026-08-18 16:25:55 [TestNG-tests-2] INFO  com.orangehrm.base.BaseTest - Logged in as Admin
2026-08-18 16:26:01 [TestNG-tests-2] INFO  com.orangehrm.base.BaseTest - Closing driver for thread 26
2026-08-18 16:26:02 [TestNG-tests-2] INFO  com.orangehrm.base.BaseTest - Driver started for thread 26
2026-08-18 16:26:02 [TestNG-tests-2] INFO  com.orangehrm.base.BaseTest - TC06 - opening the Add Employee page
2026-08-18 16:26:05 [TestNG-tests-2] INFO  com.orangehrm.base.BaseTest - Logged in as Admin
2026-08-18 16:26:10 [TestNG-tests-2] INFO  com.orangehrm.base.BaseTest - Closing driver for thread 26
2026-08-18 20:40:29 [TestNG-tests-2] INFO  com.orangehrm.base.BaseTest - Driver started for thread 26
2026-08-18 20:40:29 [TestNG-tests-2] INFO  com.orangehrm.base.BaseTest - TC04 - searching for existing employee: Nada
2026-08-18 20:40:32 [TestNG-tests-1] INFO  com.orangehrm.base.BaseTest - Driver started for thread 25
2026-08-18 20:40:32 [TestNG-tests-1] INFO  com.orangehrm.base.BaseTest - TC03 - login with empty fields
2026-08-18 20:40:32 [TestNG-tests-3] INFO  com.orangehrm.base.BaseTest - Driver started for thread 27
2026-08-18 20:40:32 [TestNG-tests-3] INFO  com.orangehrm.base.BaseTest - TC09 - verifying the Add User form fields
2026-08-18 20:40:35 [TestNG-tests-2] INFO  com.orangehrm.base.BaseTest - Logged in as Admin
2026-08-18 20:40:40 [TestNG-tests-1] INFO  com.orangehrm.base.BaseTest - Closing driver for thread 25
2026-08-18 20:40:41 [TestNG-tests-2] ERROR com.orangehrm.listeners.RetryAnalyzer - Test 'testSearchExistingEmployee' failed. Retry attempt 1 of 2
2026-08-18 20:40:41 [TestNG-tests-2] INFO  com.orangehrm.base.BaseTest - Closing driver for thread 26
2026-08-18 20:40:42 [TestNG-tests-1] INFO  com.orangehrm.base.BaseTest - Driver started for thread 25
2026-08-18 20:40:42 [TestNG-tests-1] INFO  com.orangehrm.base.BaseTest - TC02 - login with invalid credentials: WrongUser
2026-08-18 20:40:42 [TestNG-tests-3] INFO  com.orangehrm.base.BaseTest - Logged in as Admin
2026-08-18 20:40:43 [TestNG-tests-2] INFO  com.orangehrm.base.BaseTest - Driver started for thread 26
2026-08-18 20:40:43 [TestNG-tests-2] INFO  com.orangehrm.base.BaseTest - TC04 - searching for existing employee: Nada
2026-08-18 20:40:48 [TestNG-tests-3] INFO  com.orangehrm.base.BaseTest - Closing driver for thread 27
2026-08-18 20:40:49 [TestNG-tests-1] INFO  com.orangehrm.base.BaseTest - Closing driver for thread 25
2026-08-18 20:40:50 [TestNG-tests-3] INFO  com.orangehrm.base.BaseTest - Driver started for thread 27
2026-08-18 20:40:50 [TestNG-tests-3] INFO  com.orangehrm.base.BaseTest - TC10 - verifying the footer branding link
2026-08-18 20:40:51 [TestNG-tests-1] INFO  com.orangehrm.base.BaseTest - Driver started for thread 25
2026-08-18 20:40:51 [TestNG-tests-1] INFO  com.orangehrm.base.BaseTest - TC02 - login with invalid credentials: Admin
2026-08-18 20:40:52 [TestNG-tests-2] INFO  com.orangehrm.base.BaseTest - Logged in as Admin
2026-08-18 20:40:57 [TestNG-tests-3] INFO  com.orangehrm.base.BaseTest - Logged in as Admin
2026-08-18 20:40:58 [TestNG-tests-2] ERROR com.orangehrm.listeners.RetryAnalyzer - Test 'testSearchExistingEmployee' failed. Retry attempt 2 of 2
2026-08-18 20:40:58 [TestNG-tests-2] INFO  com.orangehrm.base.BaseTest - Closing driver for thread 26
2026-08-18 20:41:00 [TestNG-tests-2] INFO  com.orangehrm.base.BaseTest - Driver started for thread 26
2026-08-18 20:41:00 [TestNG-tests-2] INFO  com.orangehrm.base.BaseTest - TC04 - searching for existing employee: Nada
2026-08-18 20:41:02 [TestNG-tests-1] INFO  com.orangehrm.base.BaseTest - Closing driver for thread 25
2026-08-18 20:41:04 [TestNG-tests-1] INFO  com.orangehrm.base.BaseTest - Driver started for thread 25
2026-08-18 20:41:04 [TestNG-tests-1] INFO  com.orangehrm.base.BaseTest - TC02 - login with invalid credentials: admin!!
2026-08-18 20:41:09 [TestNG-tests-3] INFO  com.orangehrm.base.BaseTest - Closing driver for thread 27
2026-08-18 20:41:11 [TestNG-tests-3] INFO  com.orangehrm.base.BaseTest - Driver started for thread 27
2026-08-18 20:41:11 [TestNG-tests-3] INFO  com.orangehrm.base.BaseTest - TC11 - verifying the sidebar menu items
2026-08-18 20:41:12 [TestNG-tests-2] INFO  com.orangehrm.base.BaseTest - Logged in as Admin
2026-08-18 20:41:15 [TestNG-tests-1] INFO  com.orangehrm.base.BaseTest - Closing driver for thread 25
2026-08-18 20:41:16 [TestNG-tests-1] INFO  com.orangehrm.base.BaseTest - Driver started for thread 25
2026-08-18 20:41:16 [TestNG-tests-1] INFO  com.orangehrm.base.BaseTest - TC01 - login with valid credentials: Admin
2026-08-18 20:41:17 [TestNG-tests-2] INFO  com.orangehrm.base.BaseTest - Closing driver for thread 26
2026-08-18 20:41:18 [TestNG-tests-2] INFO  com.orangehrm.base.BaseTest - Driver started for thread 26
2026-08-18 20:41:18 [TestNG-tests-2] INFO  com.orangehrm.base.BaseTest - TC05 - searching for non-existing employee: Zzqx Notreal
2026-08-18 20:41:20 [TestNG-tests-3] INFO  com.orangehrm.base.BaseTest - Logged in as Admin
2026-08-18 20:41:22 [TestNG-tests-3] INFO  com.orangehrm.base.BaseTest - Closing driver for thread 27
2026-08-18 20:41:25 [TestNG-tests-1] INFO  com.orangehrm.base.BaseTest - Closing driver for thread 25
2026-08-18 20:41:26 [TestNG-tests-2] INFO  com.orangehrm.base.BaseTest - Logged in as Admin
2026-08-18 20:41:31 [TestNG-tests-2] INFO  com.orangehrm.base.BaseTest - Closing driver for thread 26
2026-08-18 20:41:33 [TestNG-tests-2] INFO  com.orangehrm.base.BaseTest - Driver started for thread 26
2026-08-18 20:41:33 [TestNG-tests-2] INFO  com.orangehrm.base.BaseTest - TC05 - searching for non-existing employee: Ghost Employee 999
2026-08-18 20:41:36 [TestNG-tests-2] INFO  com.orangehrm.base.BaseTest - Logged in as Admin
2026-08-18 20:41:41 [TestNG-tests-2] INFO  com.orangehrm.base.BaseTest - Closing driver for thread 26
2026-08-18 20:41:43 [TestNG-tests-2] INFO  com.orangehrm.base.BaseTest - Driver started for thread 26
2026-08-18 20:41:43 [TestNG-tests-2] INFO  com.orangehrm.base.BaseTest - TC08 - creating employee Nada Tester901987
2026-08-18 20:41:47 [TestNG-tests-2] INFO  com.orangehrm.base.BaseTest - Logged in as Admin
2026-08-18 20:42:10 [TestNG-tests-2] INFO  com.orangehrm.base.BaseTest - Closing driver for thread 26
2026-08-18 20:42:11 [TestNG-tests-2] INFO  com.orangehrm.base.BaseTest - Driver started for thread 26
2026-08-18 20:42:11 [TestNG-tests-2] INFO  com.orangehrm.base.BaseTest - TC07 - saving an employee without a first name
2026-08-18 20:42:15 [TestNG-tests-2] INFO  com.orangehrm.base.BaseTest - Logged in as Admin
2026-08-18 20:42:20 [TestNG-tests-2] INFO  com.orangehrm.base.BaseTest - Closing driver for thread 26
2026-08-18 20:42:22 [TestNG-tests-2] INFO  com.orangehrm.base.BaseTest - Driver started for thread 26
2026-08-18 20:42:22 [TestNG-tests-2] INFO  com.orangehrm.base.BaseTest - TC06 - opening the Add Employee page
2026-08-18 20:42:27 [TestNG-tests-2] INFO  com.orangehrm.base.BaseTest - Logged in as Admin
2026-08-18 20:42:31 [TestNG-tests-2] INFO  com.orangehrm.base.BaseTest - Closing driver for thread 26
2026-08-18 20:50:55 [TestNG-tests-2] INFO  com.orangehrm.base.BaseTest - Driver started for thread 25
2026-08-18 20:50:55 [TestNG-tests-1] INFO  com.orangehrm.base.BaseTest - Driver started for thread 24
2026-08-18 20:50:55 [TestNG-tests-3] INFO  com.orangehrm.base.BaseTest - Driver started for thread 26
2026-08-18 20:50:55 [TestNG-tests-2] INFO  com.orangehrm.base.BaseTest - TC04 - searching for existing employee: Linda
2026-08-18 20:50:55 [TestNG-tests-1] INFO  com.orangehrm.base.BaseTest - TC03 - login with empty fields
2026-08-18 20:50:55 [TestNG-tests-3] INFO  com.orangehrm.base.BaseTest - TC09 - verifying the Add User form fields
2026-08-18 20:51:04 [TestNG-tests-1] INFO  com.orangehrm.base.BaseTest - Closing driver for thread 24
2026-08-18 20:51:06 [TestNG-tests-1] INFO  com.orangehrm.base.BaseTest - Driver started for thread 24
2026-08-18 20:51:06 [TestNG-tests-1] INFO  com.orangehrm.base.BaseTest - TC02 - login with invalid credentials: WrongUser
2026-08-18 20:51:06 [TestNG-tests-2] INFO  com.orangehrm.base.BaseTest - Logged in as Admin
2026-08-18 20:51:06 [TestNG-tests-3] INFO  com.orangehrm.base.BaseTest - Logged in as Admin
2026-08-18 20:51:11 [TestNG-tests-3] INFO  com.orangehrm.base.BaseTest - Closing driver for thread 26
2026-08-18 20:51:12 [TestNG-tests-2] ERROR com.orangehrm.listeners.RetryAnalyzer - Test 'testSearchExistingEmployee' failed. Retry attempt 1 of 2
2026-08-18 20:51:12 [TestNG-tests-2] INFO  com.orangehrm.base.BaseTest - Closing driver for thread 25
2026-08-18 20:51:13 [TestNG-tests-3] INFO  com.orangehrm.base.BaseTest - Driver started for thread 26
2026-08-18 20:51:13 [TestNG-tests-3] INFO  com.orangehrm.base.BaseTest - TC10 - verifying the footer branding link
2026-08-18 20:51:14 [TestNG-tests-2] INFO  com.orangehrm.base.BaseTest - Driver started for thread 25
2026-08-18 20:51:14 [TestNG-tests-2] INFO  com.orangehrm.base.BaseTest - TC04 - searching for existing employee: Linda
2026-08-18 20:51:15 [TestNG-tests-1] INFO  com.orangehrm.base.BaseTest - Closing driver for thread 24
2026-08-18 20:51:17 [TestNG-tests-1] INFO  com.orangehrm.base.BaseTest - Driver started for thread 24
2026-08-18 20:51:17 [TestNG-tests-1] INFO  com.orangehrm.base.BaseTest - TC02 - login with invalid credentials: Admin
2026-08-18 20:51:18 [TestNG-tests-3] INFO  com.orangehrm.base.BaseTest - Logged in as Admin
2026-08-18 20:51:23 [TestNG-tests-2] INFO  com.orangehrm.base.BaseTest - Logged in as Admin
2026-08-18 20:51:28 [TestNG-tests-1] INFO  com.orangehrm.base.BaseTest - Closing driver for thread 24
2026-08-18 20:51:28 [TestNG-tests-2] ERROR com.orangehrm.listeners.RetryAnalyzer - Test 'testSearchExistingEmployee' failed. Retry attempt 2 of 2
2026-08-18 20:51:29 [TestNG-tests-2] INFO  com.orangehrm.base.BaseTest - Closing driver for thread 25
2026-08-18 20:51:30 [TestNG-tests-1] INFO  com.orangehrm.base.BaseTest - Driver started for thread 24
2026-08-18 20:51:30 [TestNG-tests-1] INFO  com.orangehrm.base.BaseTest - TC02 - login with invalid credentials: admin!!
2026-08-18 20:51:31 [TestNG-tests-2] INFO  com.orangehrm.base.BaseTest - Driver started for thread 25
2026-08-18 20:51:31 [TestNG-tests-2] INFO  com.orangehrm.base.BaseTest - TC04 - searching for existing employee: Linda
2026-08-18 20:51:39 [TestNG-tests-1] INFO  com.orangehrm.base.BaseTest - Closing driver for thread 24
2026-08-18 20:51:40 [TestNG-tests-2] INFO  com.orangehrm.base.BaseTest - Logged in as Admin
2026-08-18 20:51:40 [TestNG-tests-1] INFO  com.orangehrm.base.BaseTest - Driver started for thread 24
2026-08-18 20:51:40 [TestNG-tests-1] INFO  com.orangehrm.base.BaseTest - TC01 - login with valid credentials: Admin
2026-08-18 20:51:45 [TestNG-tests-2] INFO  com.orangehrm.base.BaseTest - Closing driver for thread 25
2026-08-18 20:51:47 [TestNG-tests-2] INFO  com.orangehrm.base.BaseTest - Driver started for thread 25
2026-08-18 20:51:47 [TestNG-tests-2] INFO  com.orangehrm.base.BaseTest - TC05 - searching for non-existing employee: Zzqx Notreal
2026-08-18 20:51:49 [TestNG-tests-1] INFO  com.orangehrm.base.BaseTest - Closing driver for thread 24
2026-08-18 20:51:52 [TestNG-tests-2] INFO  com.orangehrm.base.BaseTest - Logged in as Admin
2026-08-18 20:51:57 [TestNG-tests-2] INFO  com.orangehrm.base.BaseTest - Closing driver for thread 25
2026-08-18 20:51:59 [TestNG-tests-2] INFO  com.orangehrm.base.BaseTest - Driver started for thread 25
2026-08-18 20:51:59 [TestNG-tests-2] INFO  com.orangehrm.base.BaseTest - TC05 - searching for non-existing employee: Ghost Employee 999
2026-08-18 20:52:03 [TestNG-tests-3] ERROR com.orangehrm.listeners.RetryAnalyzer - Test 'testFooterBrandingLink' failed. Retry attempt 1 of 2
2026-08-18 20:52:03 [TestNG-tests-3] INFO  com.orangehrm.base.BaseTest - Closing driver for thread 26
2026-08-18 20:52:05 [TestNG-tests-3] INFO  com.orangehrm.base.BaseTest - Driver started for thread 26
2026-08-18 20:52:05 [TestNG-tests-3] INFO  com.orangehrm.base.BaseTest - TC10 - verifying the footer branding link
2026-08-18 20:52:05 [TestNG-tests-2] INFO  com.orangehrm.base.BaseTest - Logged in as Admin
2026-08-18 20:52:10 [TestNG-tests-3] INFO  com.orangehrm.base.BaseTest - Logged in as Admin
2026-08-18 20:52:14 [TestNG-tests-2] INFO  com.orangehrm.base.BaseTest - Closing driver for thread 25
2026-08-18 20:52:16 [TestNG-tests-2] INFO  com.orangehrm.base.BaseTest - Driver started for thread 25
2026-08-18 20:52:16 [TestNG-tests-2] INFO  com.orangehrm.base.BaseTest - TC08 - creating employee Nada Tester534910
2026-08-18 20:52:21 [TestNG-tests-3] INFO  com.orangehrm.base.BaseTest - Closing driver for thread 26
2026-08-18 20:52:23 [TestNG-tests-3] INFO  com.orangehrm.base.BaseTest - Driver started for thread 26
2026-08-18 20:52:23 [TestNG-tests-3] INFO  com.orangehrm.base.BaseTest - TC11 - verifying the sidebar menu items
2026-08-18 20:52:25 [TestNG-tests-2] INFO  com.orangehrm.base.BaseTest - Logged in as Admin
2026-08-18 20:52:31 [TestNG-tests-3] INFO  com.orangehrm.base.BaseTest - Logged in as Admin
2026-08-18 20:52:33 [TestNG-tests-3] INFO  com.orangehrm.base.BaseTest - Closing driver for thread 26
2026-08-18 20:52:49 [TestNG-tests-2] INFO  com.orangehrm.base.BaseTest - Closing driver for thread 25
2026-08-18 20:52:51 [TestNG-tests-2] INFO  com.orangehrm.base.BaseTest - Driver started for thread 25
2026-08-18 20:52:51 [TestNG-tests-2] INFO  com.orangehrm.base.BaseTest - TC07 - saving an employee without a first name
2026-08-18 20:52:55 [TestNG-tests-2] INFO  com.orangehrm.base.BaseTest - Logged in as Admin
2026-08-18 20:53:00 [TestNG-tests-2] INFO  com.orangehrm.base.BaseTest - Closing driver for thread 25
2026-08-18 20:53:02 [TestNG-tests-2] INFO  com.orangehrm.base.BaseTest - Driver started for thread 25
2026-08-18 20:53:02 [TestNG-tests-2] INFO  com.orangehrm.base.BaseTest - TC06 - opening the Add Employee page
2026-08-18 20:53:07 [TestNG-tests-2] INFO  com.orangehrm.base.BaseTest - Logged in as Admin
2026-08-18 20:53:11 [TestNG-tests-2] INFO  com.orangehrm.base.BaseTest - Closing driver for thread 25
2026-08-18 21:19:16 [TestNG-tests-1] INFO  com.orangehrm.base.BaseTest - Driver started for thread 25
2026-08-18 21:19:16 [TestNG-tests-2] INFO  com.orangehrm.base.BaseTest - Driver started for thread 26
2026-08-18 21:19:16 [TestNG-tests-3] INFO  com.orangehrm.base.BaseTest - Driver started for thread 27
2026-08-18 21:19:16 [TestNG-tests-3] INFO  com.orangehrm.base.BaseTest - TC09 - verifying the Add User form fields
2026-08-18 21:19:16 [TestNG-tests-2] INFO  com.orangehrm.base.BaseTest - TC04 - searching for existing employee: Charlotte Smith
2026-08-18 21:19:16 [TestNG-tests-1] INFO  com.orangehrm.base.BaseTest - TC03 - login with empty fields
2026-08-18 21:19:23 [TestNG-tests-1] INFO  com.orangehrm.base.BaseTest - Closing driver for thread 25
2026-08-18 21:19:25 [TestNG-tests-1] INFO  com.orangehrm.base.BaseTest - Driver started for thread 25
2026-08-18 21:19:25 [TestNG-tests-1] INFO  com.orangehrm.base.BaseTest - TC02 - login with invalid credentials: WrongUser
2026-08-18 21:19:28 [TestNG-tests-3] INFO  com.orangehrm.base.BaseTest - Logged in as Admin
2026-08-18 21:19:28 [TestNG-tests-2] INFO  com.orangehrm.base.BaseTest - Logged in as Admin
2026-08-18 21:19:36 [TestNG-tests-3] INFO  com.orangehrm.base.BaseTest - Closing driver for thread 27
2026-08-18 21:19:38 [TestNG-tests-3] INFO  com.orangehrm.base.BaseTest - Driver started for thread 27
2026-08-18 21:19:38 [TestNG-tests-3] INFO  com.orangehrm.base.BaseTest - TC10 - verifying the footer branding link
2026-08-18 21:19:38 [TestNG-tests-1] INFO  com.orangehrm.base.BaseTest - Closing driver for thread 25
2026-08-18 21:19:40 [TestNG-tests-1] INFO  com.orangehrm.base.BaseTest - Driver started for thread 25
2026-08-18 21:19:40 [TestNG-tests-1] INFO  com.orangehrm.base.BaseTest - TC02 - login with invalid credentials: Admin
2026-08-18 21:19:43 [TestNG-tests-3] INFO  com.orangehrm.base.BaseTest - Logged in as Admin
2026-08-18 21:19:48 [TestNG-tests-2] INFO  com.orangehrm.base.BaseTest - Closing driver for thread 26
2026-08-18 21:19:49 [TestNG-tests-1] INFO  com.orangehrm.base.BaseTest - Closing driver for thread 25
2026-08-18 21:19:49 [TestNG-tests-2] INFO  com.orangehrm.base.BaseTest - Driver started for thread 26
2026-08-18 21:19:49 [TestNG-tests-2] INFO  com.orangehrm.base.BaseTest - TC05 - searching for non-existing employee: Zzqx Notreal
2026-08-18 21:19:51 [TestNG-tests-1] INFO  com.orangehrm.base.BaseTest - Driver started for thread 25
2026-08-18 21:19:51 [TestNG-tests-1] INFO  com.orangehrm.base.BaseTest - TC02 - login with invalid credentials: admin!!
2026-08-18 21:19:52 [TestNG-tests-3] INFO  com.orangehrm.base.BaseTest - Closing driver for thread 27
2026-08-18 21:19:54 [TestNG-tests-3] INFO  com.orangehrm.base.BaseTest - Driver started for thread 27
2026-08-18 21:19:54 [TestNG-tests-3] INFO  com.orangehrm.base.BaseTest - TC11 - verifying the sidebar menu items
2026-08-18 21:19:57 [TestNG-tests-2] INFO  com.orangehrm.base.BaseTest - Logged in as Admin
2026-08-18 21:20:03 [TestNG-tests-1] INFO  com.orangehrm.base.BaseTest - Closing driver for thread 25
2026-08-18 21:20:04 [TestNG-tests-3] INFO  com.orangehrm.base.BaseTest - Logged in as Admin
2026-08-18 21:20:04 [TestNG-tests-2] INFO  com.orangehrm.base.BaseTest - Closing driver for thread 26
2026-08-18 21:20:05 [TestNG-tests-1] INFO  com.orangehrm.base.BaseTest - Driver started for thread 25
2026-08-18 21:20:05 [TestNG-tests-1] INFO  com.orangehrm.base.BaseTest - TC01 - login with valid credentials: Admin
2026-08-18 21:20:06 [TestNG-tests-3] INFO  com.orangehrm.base.BaseTest - Closing driver for thread 27
2026-08-18 21:20:07 [TestNG-tests-2] INFO  com.orangehrm.base.BaseTest - Driver started for thread 26
2026-08-18 21:20:07 [TestNG-tests-2] INFO  com.orangehrm.base.BaseTest - TC05 - searching for non-existing employee: Ghost Employee 999
2026-08-18 21:20:12 [TestNG-tests-1] INFO  com.orangehrm.base.BaseTest - Closing driver for thread 25
2026-08-18 21:20:13 [TestNG-tests-2] INFO  com.orangehrm.base.BaseTest - Logged in as Admin
2026-08-18 21:20:18 [TestNG-tests-2] INFO  com.orangehrm.base.BaseTest - Closing driver for thread 26
2026-08-18 21:20:20 [TestNG-tests-2] INFO  com.orangehrm.base.BaseTest - Driver started for thread 26
2026-08-18 21:20:20 [TestNG-tests-2] INFO  com.orangehrm.base.BaseTest - TC08 - creating employee Nada Tester218664
2026-08-18 21:20:24 [TestNG-tests-2] INFO  com.orangehrm.base.BaseTest - Logged in as Admin
2026-08-18 21:20:47 [TestNG-tests-2] INFO  com.orangehrm.base.BaseTest - Closing driver for thread 26
2026-08-18 21:20:48 [TestNG-tests-2] INFO  com.orangehrm.base.BaseTest - Driver started for thread 26
2026-08-18 21:20:48 [TestNG-tests-2] INFO  com.orangehrm.base.BaseTest - TC07 - saving an employee without a first name
2026-08-18 21:20:52 [TestNG-tests-2] INFO  com.orangehrm.base.BaseTest - Logged in as Admin
2026-08-18 21:20:59 [TestNG-tests-2] INFO  com.orangehrm.base.BaseTest - Closing driver for thread 26
2026-08-18 21:21:00 [TestNG-tests-2] INFO  com.orangehrm.base.BaseTest - Driver started for thread 26
2026-08-18 21:21:00 [TestNG-tests-2] INFO  com.orangehrm.base.BaseTest - TC06 - opening the Add Employee page
2026-08-18 21:21:05 [TestNG-tests-2] INFO  com.orangehrm.base.BaseTest - Logged in as Admin
2026-08-18 21:21:09 [TestNG-tests-2] INFO  com.orangehrm.base.BaseTest - Closing driver for thread 26
2026-08-18 21:27:42 [TestNG-tests-3] INFO  com.orangehrm.base.BaseTest - Driver started for thread 28
2026-08-18 21:27:42 [TestNG-tests-1] INFO  com.orangehrm.base.BaseTest - Driver started for thread 26
2026-08-18 21:27:42 [TestNG-tests-2] INFO  com.orangehrm.base.BaseTest - Driver started for thread 27
2026-08-18 21:27:43 [TestNG-tests-2] INFO  com.orangehrm.base.BaseTest - TC04 - searching for existing employee: Charlotte Smith
2026-08-18 21:27:43 [TestNG-tests-3] INFO  com.orangehrm.base.BaseTest - TC09 - verifying the Add User form fields
2026-08-18 21:27:43 [TestNG-tests-1] INFO  com.orangehrm.base.BaseTest - TC03 - login with empty fields
2026-08-18 21:27:48 [TestNG-tests-1] INFO  com.orangehrm.base.BaseTest - Closing driver for thread 26
2026-08-18 21:27:50 [TestNG-tests-1] INFO  com.orangehrm.base.BaseTest - Driver started for thread 26
2026-08-18 21:27:50 [TestNG-tests-1] INFO  com.orangehrm.base.BaseTest - TC02 - login with invalid credentials: WrongUser
2026-08-18 21:27:53 [TestNG-tests-2] INFO  com.orangehrm.base.BaseTest - Logged in as Admin
2026-08-18 21:27:53 [TestNG-tests-3] INFO  com.orangehrm.base.BaseTest - Logged in as Admin
2026-08-18 21:28:01 [TestNG-tests-3] INFO  com.orangehrm.base.BaseTest - Closing driver for thread 28
2026-08-18 21:28:01 [TestNG-tests-1] INFO  com.orangehrm.base.BaseTest - Closing driver for thread 26
2026-08-18 21:28:03 [TestNG-tests-3] INFO  com.orangehrm.base.BaseTest - Driver started for thread 28
2026-08-18 21:28:03 [TestNG-tests-3] INFO  com.orangehrm.base.BaseTest - TC10 - verifying the footer branding link
2026-08-18 21:28:03 [TestNG-tests-1] INFO  com.orangehrm.base.BaseTest - Driver started for thread 26
2026-08-18 21:28:03 [TestNG-tests-1] INFO  com.orangehrm.base.BaseTest - TC02 - login with invalid credentials: Admin
2026-08-18 21:28:10 [TestNG-tests-3] INFO  com.orangehrm.base.BaseTest - Logged in as Admin
2026-08-18 21:28:12 [TestNG-tests-2] INFO  com.orangehrm.base.BaseTest - Closing driver for thread 27
2026-08-18 21:28:13 [TestNG-tests-2] INFO  com.orangehrm.base.BaseTest - Driver started for thread 27
2026-08-18 21:28:13 [TestNG-tests-2] INFO  com.orangehrm.base.BaseTest - TC05 - searching for non-existing employee: Zzqx Notreal
2026-08-18 21:28:16 [TestNG-tests-1] INFO  com.orangehrm.base.BaseTest - Closing driver for thread 26
2026-08-18 21:28:17 [TestNG-tests-1] INFO  com.orangehrm.base.BaseTest - Driver started for thread 26
2026-08-18 21:28:17 [TestNG-tests-1] INFO  com.orangehrm.base.BaseTest - TC02 - login with invalid credentials: admin!!
2026-08-18 21:28:23 [TestNG-tests-2] INFO  com.orangehrm.base.BaseTest - Logged in as Admin
2026-08-18 21:28:32 [TestNG-tests-2] INFO  com.orangehrm.base.BaseTest - Closing driver for thread 27
2026-08-18 21:28:33 [TestNG-tests-1] INFO  com.orangehrm.base.BaseTest - Closing driver for thread 26
2026-08-18 21:28:34 [TestNG-tests-2] INFO  com.orangehrm.base.BaseTest - Driver started for thread 27
2026-08-18 21:28:34 [TestNG-tests-2] INFO  com.orangehrm.base.BaseTest - TC05 - searching for non-existing employee: Ghost Employee 999
2026-08-18 21:28:35 [TestNG-tests-1] INFO  com.orangehrm.base.BaseTest - Driver started for thread 26
2026-08-18 21:28:35 [TestNG-tests-1] INFO  com.orangehrm.base.BaseTest - TC01 - login with valid credentials: Admin
2026-08-18 21:28:42 [TestNG-tests-2] INFO  com.orangehrm.base.BaseTest - Logged in as Admin
2026-08-18 21:28:51 [TestNG-tests-1] INFO  com.orangehrm.base.BaseTest - Closing driver for thread 26
2026-08-18 21:28:51 [TestNG-tests-3] INFO  com.orangehrm.base.BaseTest - Closing driver for thread 28
2026-08-18 21:28:53 [TestNG-tests-3] INFO  com.orangehrm.base.BaseTest - Driver started for thread 28
2026-08-18 21:28:53 [TestNG-tests-3] INFO  com.orangehrm.base.BaseTest - TC11 - verifying the sidebar menu items
2026-08-18 21:28:57 [TestNG-tests-2] INFO  com.orangehrm.base.BaseTest - Closing driver for thread 27
2026-08-18 21:28:59 [TestNG-tests-2] INFO  com.orangehrm.base.BaseTest - Driver started for thread 27
2026-08-18 21:28:59 [TestNG-tests-2] INFO  com.orangehrm.base.BaseTest - TC08 - creating employee Nada Tester737945
2026-08-18 21:29:00 [TestNG-tests-3] INFO  com.orangehrm.base.BaseTest - Logged in as Admin
2026-08-18 21:29:04 [TestNG-tests-2] INFO  com.orangehrm.base.BaseTest - Logged in as Admin
2026-08-18 21:29:04 [TestNG-tests-3] INFO  com.orangehrm.base.BaseTest - Closing driver for thread 28
2026-08-18 21:29:37 [TestNG-tests-2] INFO  com.orangehrm.base.BaseTest - Closing driver for thread 27
2026-08-18 21:29:38 [TestNG-tests-2] INFO  com.orangehrm.base.BaseTest - Driver started for thread 27
2026-08-18 21:29:38 [TestNG-tests-2] INFO  com.orangehrm.base.BaseTest - TC07 - saving an employee without a first name
2026-08-18 21:29:42 [TestNG-tests-2] INFO  com.orangehrm.base.BaseTest - Logged in as Admin
2026-08-18 21:29:47 [TestNG-tests-2] INFO  com.orangehrm.base.BaseTest - Closing driver for thread 27
2026-08-18 21:29:49 [TestNG-tests-2] INFO  com.orangehrm.base.BaseTest - Driver started for thread 27
2026-08-18 21:29:49 [TestNG-tests-2] INFO  com.orangehrm.base.BaseTest - TC06 - opening the Add Employee page
2026-08-18 21:29:53 [TestNG-tests-2] INFO  com.orangehrm.base.BaseTest - Logged in as Admin
2026-08-18 21:29:57 [TestNG-tests-2] INFO  com.orangehrm.base.BaseTest - Closing driver for thread 27
2026-08-18 21:36:39 [main] INFO  com.orangehrm.base.BaseTest - Driver started for thread 1
2026-08-18 21:36:39 [main] INFO  com.orangehrm.base.BaseTest - TC04 - searching for existing employee: Charlotte Smith
2026-08-18 21:36:44 [main] INFO  com.orangehrm.base.BaseTest - Logged in as Admin
2026-08-18 21:37:00 [main] INFO  com.orangehrm.base.BaseTest - Closing driver for thread 1
2026-08-18 21:38:05 [TestNG-tests-2] INFO  com.orangehrm.base.BaseTest - Driver started for thread 27
2026-08-18 21:38:05 [TestNG-tests-1] INFO  com.orangehrm.base.BaseTest - Driver started for thread 26
2026-08-18 21:38:05 [TestNG-tests-3] INFO  com.orangehrm.base.BaseTest - Driver started for thread 28
2026-08-18 21:38:05 [TestNG-tests-2] INFO  com.orangehrm.base.BaseTest - TC04 - searching for existing employee: Charlotte Smith
2026-08-18 21:38:05 [TestNG-tests-1] INFO  com.orangehrm.base.BaseTest - TC03 - login with empty fields
2026-08-18 21:38:05 [TestNG-tests-3] INFO  com.orangehrm.base.BaseTest - TC09 - verifying the Add User form fields
2026-08-18 21:38:24 [TestNG-tests-2] ERROR com.orangehrm.listeners.RetryAnalyzer - Test 'testSearchExistingEmployee' failed. Retry attempt 1 of 2
2026-08-18 21:38:24 [TestNG-tests-2] INFO  com.orangehrm.base.BaseTest - Closing driver for thread 27
2026-08-18 21:38:25 [TestNG-tests-3] INFO  com.orangehrm.base.BaseTest - Logged in as Admin
2026-08-18 21:38:26 [TestNG-tests-2] INFO  com.orangehrm.base.BaseTest - Driver started for thread 27
2026-08-18 21:38:26 [TestNG-tests-2] INFO  com.orangehrm.base.BaseTest - TC04 - searching for existing employee: Charlotte Smith
2026-08-18 21:38:35 [TestNG-tests-3] INFO  com.orangehrm.base.BaseTest - Closing driver for thread 28
2026-08-18 21:38:36 [TestNG-tests-3] INFO  com.orangehrm.base.BaseTest - Driver started for thread 28
2026-08-18 21:38:36 [TestNG-tests-3] INFO  com.orangehrm.base.BaseTest - TC10 - verifying the footer branding link
2026-08-18 21:38:37 [TestNG-tests-1] ERROR com.orangehrm.listeners.RetryAnalyzer - Test 'testLoginWithEmptyFields' failed. Retry attempt 1 of 2
2026-08-18 21:38:37 [TestNG-tests-1] INFO  com.orangehrm.base.BaseTest - Closing driver for thread 26
2026-08-18 21:38:39 [TestNG-tests-1] INFO  com.orangehrm.base.BaseTest - Driver started for thread 26
2026-08-18 21:38:39 [TestNG-tests-1] INFO  com.orangehrm.base.BaseTest - TC03 - login with empty fields
2026-08-18 21:38:57 [TestNG-tests-2] ERROR com.orangehrm.listeners.RetryAnalyzer - Test 'testSearchExistingEmployee' failed. Retry attempt 2 of 2
2026-08-18 21:38:58 [TestNG-tests-2] INFO  com.orangehrm.base.BaseTest - Closing driver for thread 27
2026-08-18 21:38:59 [TestNG-tests-2] INFO  com.orangehrm.base.BaseTest - Driver started for thread 27
2026-08-18 21:38:59 [TestNG-tests-2] INFO  com.orangehrm.base.BaseTest - TC04 - searching for existing employee: Charlotte Smith
2026-08-18 21:39:00 [TestNG-tests-1] INFO  com.orangehrm.base.BaseTest - Closing driver for thread 26
2026-08-18 21:39:01 [TestNG-tests-3] INFO  com.orangehrm.base.BaseTest - Logged in as Admin
2026-08-18 21:39:02 [TestNG-tests-1] INFO  com.orangehrm.base.BaseTest - Driver started for thread 26
2026-08-18 21:39:02 [TestNG-tests-1] INFO  com.orangehrm.base.BaseTest - TC02 - login with invalid credentials: WrongUser
2026-08-18 21:39:28 [TestNG-tests-2] INFO  com.orangehrm.base.BaseTest - Closing driver for thread 27
2026-08-18 21:39:29 [TestNG-tests-2] INFO  com.orangehrm.base.BaseTest - Driver started for thread 27
2026-08-18 21:39:29 [TestNG-tests-2] INFO  com.orangehrm.base.BaseTest - TC05 - searching for non-existing employee: Zzqx Notreal
2026-08-18 21:39:34 [TestNG-tests-1] ERROR com.orangehrm.listeners.RetryAnalyzer - Test 'testLoginWithInvalidCredentials' failed. Retry attempt 1 of 2
2026-08-18 21:39:34 [TestNG-tests-1] INFO  com.orangehrm.base.BaseTest - Closing driver for thread 26
2026-08-18 21:39:35 [TestNG-tests-1] INFO  com.orangehrm.base.BaseTest - Driver started for thread 26
2026-08-18 21:39:35 [TestNG-tests-1] INFO  com.orangehrm.base.BaseTest - TC02 - login with invalid credentials: WrongUser
2026-08-18 21:39:40 [TestNG-tests-3] INFO  com.orangehrm.base.BaseTest - Closing driver for thread 28
2026-08-18 21:39:41 [TestNG-tests-3] INFO  com.orangehrm.base.BaseTest - Driver started for thread 28
2026-08-18 21:39:41 [TestNG-tests-3] INFO  com.orangehrm.base.BaseTest - TC11 - verifying the sidebar menu items
2026-08-18 21:39:47 [TestNG-tests-2] INFO  com.orangehrm.base.BaseTest - Logged in as Admin
2026-08-18 21:39:52 [TestNG-tests-3] INFO  com.orangehrm.base.BaseTest - Logged in as Admin
2026-08-18 21:39:54 [TestNG-tests-1] INFO  com.orangehrm.base.BaseTest - Closing driver for thread 26
2026-08-18 21:39:56 [TestNG-tests-1] INFO  com.orangehrm.base.BaseTest - Driver started for thread 26
2026-08-18 21:39:56 [TestNG-tests-1] INFO  com.orangehrm.base.BaseTest - TC02 - login with invalid credentials: Admin
2026-08-18 21:39:59 [TestNG-tests-3] INFO  com.orangehrm.base.BaseTest - Closing driver for thread 28
2026-08-18 21:40:04 [TestNG-tests-2] ERROR com.orangehrm.listeners.RetryAnalyzer - Test 'testSearchNonExistingEmployee' failed. Retry attempt 1 of 2
2026-08-18 21:40:04 [TestNG-tests-2] INFO  com.orangehrm.base.BaseTest - Closing driver for thread 27
2026-08-18 21:40:05 [TestNG-tests-2] INFO  com.orangehrm.base.BaseTest - Driver started for thread 27
2026-08-18 21:40:05 [TestNG-tests-2] INFO  com.orangehrm.base.BaseTest - TC05 - searching for non-existing employee: Zzqx Notreal
2026-08-18 21:40:39 [TestNG-tests-1] INFO  com.orangehrm.base.BaseTest - Closing driver for thread 26
2026-08-18 21:40:40 [TestNG-tests-2] INFO  com.orangehrm.base.BaseTest - Logged in as Admin
2026-08-18 21:40:49 [TestNG-tests-2] INFO  com.orangehrm.base.BaseTest - Closing driver for thread 27
2026-08-18 21:41:06 [TestNG-tests-2] INFO  com.orangehrm.base.BaseTest - Driver started for thread 27
2026-08-18 21:41:06 [TestNG-tests-2] INFO  com.orangehrm.base.BaseTest - TC05 - searching for non-existing employee: Ghost Employee 999
2026-08-18 21:41:27 [TestNG-tests-1] INFO  com.orangehrm.base.BaseTest - Driver started for thread 26
2026-08-18 21:41:27 [TestNG-tests-1] INFO  com.orangehrm.base.BaseTest - TC02 - login with invalid credentials: admin!!
2026-08-18 21:41:31 [TestNG-tests-2] ERROR com.orangehrm.listeners.RetryAnalyzer - Test 'testSearchNonExistingEmployee' failed. Retry attempt 1 of 2
2026-08-18 21:41:31 [TestNG-tests-2] INFO  com.orangehrm.base.BaseTest - Closing driver for thread 27
2026-08-18 21:41:33 [TestNG-tests-2] INFO  com.orangehrm.base.BaseTest - Driver started for thread 27
2026-08-18 21:41:33 [TestNG-tests-2] INFO  com.orangehrm.base.BaseTest - TC05 - searching for non-existing employee: Ghost Employee 999
2026-08-18 21:41:36 [TestNG-tests-1] INFO  com.orangehrm.base.BaseTest - Closing driver for thread 26
2026-08-18 21:41:37 [TestNG-tests-1] INFO  com.orangehrm.base.BaseTest - Driver started for thread 26
2026-08-18 21:41:37 [TestNG-tests-1] INFO  com.orangehrm.base.BaseTest - TC01 - login with valid credentials: Admin
2026-08-18 21:41:38 [TestNG-tests-2] INFO  com.orangehrm.base.BaseTest - Logged in as Admin
2026-08-18 21:41:45 [TestNG-tests-1] INFO  com.orangehrm.base.BaseTest - Closing driver for thread 26
2026-08-18 21:41:46 [TestNG-tests-2] INFO  com.orangehrm.base.BaseTest - Closing driver for thread 27
2026-08-18 21:41:47 [TestNG-tests-2] INFO  com.orangehrm.base.BaseTest - Driver started for thread 27
2026-08-18 21:41:47 [TestNG-tests-2] INFO  com.orangehrm.base.BaseTest - TC08 - creating employee Nada Tester506019
2026-08-18 21:41:52 [TestNG-tests-2] INFO  com.orangehrm.base.BaseTest - Logged in as Admin
2026-08-18 21:42:17 [TestNG-tests-2] INFO  com.orangehrm.base.BaseTest - Closing driver for thread 27
2026-08-18 21:42:19 [TestNG-tests-2] INFO  com.orangehrm.base.BaseTest - Driver started for thread 27
2026-08-18 21:42:19 [TestNG-tests-2] INFO  com.orangehrm.base.BaseTest - TC07 - saving an employee without a first name
2026-08-18 21:42:59 [TestNG-tests-2] ERROR com.orangehrm.listeners.RetryAnalyzer - Test 'testAddEmployeeWithEmptyFirstName' failed. Retry attempt 1 of 2
2026-08-18 21:42:59 [TestNG-tests-2] INFO  com.orangehrm.base.BaseTest - Closing driver for thread 27
2026-08-18 21:43:01 [TestNG-tests-2] INFO  com.orangehrm.base.BaseTest - Driver started for thread 27
2026-08-18 21:43:01 [TestNG-tests-2] INFO  com.orangehrm.base.BaseTest - TC07 - saving an employee without a first name
2026-08-18 21:43:39 [TestNG-tests-2] INFO  com.orangehrm.base.BaseTest - Logged in as Admin
2026-08-18 21:43:48 [TestNG-tests-2] INFO  com.orangehrm.base.BaseTest - Closing driver for thread 27
2026-08-18 21:43:49 [TestNG-tests-2] INFO  com.orangehrm.base.BaseTest - Driver started for thread 27
2026-08-18 21:43:49 [TestNG-tests-2] INFO  com.orangehrm.base.BaseTest - TC06 - opening the Add Employee page
2026-08-18 21:43:56 [TestNG-tests-2] INFO  com.orangehrm.base.BaseTest - Logged in as Admin
2026-08-18 21:44:00 [TestNG-tests-2] INFO  com.orangehrm.base.BaseTest - Closing driver for thread 27
2026-08-18 21:45:56 [TestNG-tests-2] INFO  com.orangehrm.base.BaseTest - Driver started for thread 26
2026-08-18 21:45:56 [TestNG-tests-1] INFO  com.orangehrm.base.BaseTest - Driver started for thread 25
2026-08-18 21:45:56 [TestNG-tests-3] INFO  com.orangehrm.base.BaseTest - Driver started for thread 27
2026-08-18 21:45:57 [TestNG-tests-3] INFO  com.orangehrm.base.BaseTest - TC09 - verifying the Add User form fields
2026-08-18 21:45:57 [TestNG-tests-2] INFO  com.orangehrm.base.BaseTest - TC04 - searching for existing employee: Charlotte Smith
2026-08-18 21:45:57 [TestNG-tests-1] INFO  com.orangehrm.base.BaseTest - TC03 - login with empty fields
2026-08-18 21:46:02 [TestNG-tests-1] INFO  com.orangehrm.base.BaseTest - Closing driver for thread 25
2026-08-18 21:46:03 [TestNG-tests-1] INFO  com.orangehrm.base.BaseTest - Driver started for thread 25
2026-08-18 21:46:03 [TestNG-tests-1] INFO  com.orangehrm.base.BaseTest - TC02 - login with invalid credentials: WrongUser
2026-08-18 21:46:09 [TestNG-tests-2] INFO  com.orangehrm.base.BaseTest - Logged in as Admin
2026-08-18 21:46:09 [TestNG-tests-3] INFO  com.orangehrm.base.BaseTest - Logged in as Admin
2026-08-18 21:46:19 [TestNG-tests-3] INFO  com.orangehrm.base.BaseTest - Closing driver for thread 27
2026-08-18 21:46:19 [TestNG-tests-1] INFO  com.orangehrm.base.BaseTest - Closing driver for thread 25
2026-08-18 21:46:20 [TestNG-tests-3] INFO  com.orangehrm.base.BaseTest - Driver started for thread 27
2026-08-18 21:46:20 [TestNG-tests-3] INFO  com.orangehrm.base.BaseTest - TC10 - verifying the footer branding link
2026-08-18 21:46:21 [TestNG-tests-1] INFO  com.orangehrm.base.BaseTest - Driver started for thread 25
2026-08-18 21:46:21 [TestNG-tests-1] INFO  com.orangehrm.base.BaseTest - TC02 - login with invalid credentials: Admin
2026-08-18 21:46:28 [TestNG-tests-3] INFO  com.orangehrm.base.BaseTest - Logged in as Admin
2026-08-18 21:46:29 [TestNG-tests-2] INFO  com.orangehrm.base.BaseTest - Closing driver for thread 26
2026-08-18 21:46:31 [TestNG-tests-2] INFO  com.orangehrm.base.BaseTest - Driver started for thread 26
2026-08-18 21:46:31 [TestNG-tests-2] INFO  com.orangehrm.base.BaseTest - TC05 - searching for non-existing employee: Zzqx Notreal
2026-08-18 21:46:33 [TestNG-tests-1] INFO  com.orangehrm.base.BaseTest - Closing driver for thread 25
2026-08-18 21:46:35 [TestNG-tests-1] INFO  com.orangehrm.base.BaseTest - Driver started for thread 25
2026-08-18 21:46:35 [TestNG-tests-1] INFO  com.orangehrm.base.BaseTest - TC02 - login with invalid credentials: admin!!
2026-08-18 21:46:36 [TestNG-tests-2] INFO  com.orangehrm.base.BaseTest - Logged in as Admin
2026-08-18 21:46:44 [TestNG-tests-3] INFO  com.orangehrm.base.BaseTest - Closing driver for thread 27
2026-08-18 21:46:46 [TestNG-tests-3] INFO  com.orangehrm.base.BaseTest - Driver started for thread 27
2026-08-18 21:46:46 [TestNG-tests-3] INFO  com.orangehrm.base.BaseTest - TC11 - verifying the sidebar menu items
2026-08-18 21:46:47 [TestNG-tests-2] INFO  com.orangehrm.base.BaseTest - Closing driver for thread 26
2026-08-18 21:46:49 [TestNG-tests-2] INFO  com.orangehrm.base.BaseTest - Driver started for thread 26
2026-08-18 21:46:49 [TestNG-tests-2] INFO  com.orangehrm.base.BaseTest - TC05 - searching for non-existing employee: Ghost Employee 999
2026-08-18 21:46:49 [TestNG-tests-1] INFO  com.orangehrm.base.BaseTest - Closing driver for thread 25
2026-08-18 21:46:51 [TestNG-tests-1] INFO  com.orangehrm.base.BaseTest - Driver started for thread 25
2026-08-18 21:46:51 [TestNG-tests-1] INFO  com.orangehrm.base.BaseTest - TC01 - login with valid credentials: Admin
2026-08-18 21:46:53 [TestNG-tests-3] INFO  com.orangehrm.base.BaseTest - Logged in as Admin
2026-08-18 21:46:56 [TestNG-tests-3] INFO  com.orangehrm.base.BaseTest - Closing driver for thread 27
2026-08-18 21:47:07 [TestNG-tests-2] INFO  com.orangehrm.base.BaseTest - Logged in as Admin
2026-08-18 21:47:13 [TestNG-tests-2] INFO  com.orangehrm.base.BaseTest - Closing driver for thread 26
2026-08-18 21:47:14 [TestNG-tests-2] INFO  com.orangehrm.base.BaseTest - Driver started for thread 26
2026-08-18 21:47:14 [TestNG-tests-2] INFO  com.orangehrm.base.BaseTest - TC08 - creating employee Nada Tester833411
2026-08-18 21:47:23 [TestNG-tests-1] INFO  com.orangehrm.base.BaseTest - Closing driver for thread 25
2026-08-18 21:47:32 [TestNG-tests-2] INFO  com.orangehrm.base.BaseTest - Logged in as Admin
2026-08-18 21:47:59 [TestNG-tests-2] INFO  com.orangehrm.base.BaseTest - Closing driver for thread 26
2026-08-18 21:48:00 [TestNG-tests-2] INFO  com.orangehrm.base.BaseTest - Driver started for thread 26
2026-08-18 21:48:00 [TestNG-tests-2] INFO  com.orangehrm.base.BaseTest - TC07 - saving an employee without a first name
2026-08-18 21:48:05 [TestNG-tests-2] INFO  com.orangehrm.base.BaseTest - Logged in as Admin
2026-08-18 21:48:11 [TestNG-tests-2] INFO  com.orangehrm.base.BaseTest - Closing driver for thread 26
2026-08-18 21:48:12 [TestNG-tests-2] INFO  com.orangehrm.base.BaseTest - Driver started for thread 26
2026-08-18 21:48:12 [TestNG-tests-2] INFO  com.orangehrm.base.BaseTest - TC06 - opening the Add Employee page
2026-08-18 21:48:16 [TestNG-tests-2] INFO  com.orangehrm.base.BaseTest - Logged in as Admin
2026-08-18 21:48:20 [TestNG-tests-2] INFO  com.orangehrm.base.BaseTest - Closing driver for thread 26
2026-08-18 21:56:21 [TestNG-tests-1] INFO  com.orangehrm.base.BaseTest - Driver started for thread 24
2026-08-18 21:56:21 [TestNG-tests-2] INFO  com.orangehrm.base.BaseTest - Driver started for thread 25
2026-08-18 21:56:21 [TestNG-tests-3] INFO  com.orangehrm.base.BaseTest - Driver started for thread 26
2026-08-18 21:56:21 [TestNG-tests-3] INFO  com.orangehrm.base.BaseTest - TC09 - verifying the Add User form fields
2026-08-18 21:56:21 [TestNG-tests-1] INFO  com.orangehrm.base.BaseTest - TC03 - login with empty fields
2026-08-18 21:56:21 [TestNG-tests-2] INFO  com.orangehrm.base.BaseTest - TC04 - searching for existing employee: Charlotte Smith
2026-08-18 21:56:27 [TestNG-tests-1] INFO  com.orangehrm.base.BaseTest - Closing driver for thread 24
2026-08-18 21:56:28 [TestNG-tests-1] INFO  com.orangehrm.base.BaseTest - Driver started for thread 24
2026-08-18 21:56:28 [TestNG-tests-1] INFO  com.orangehrm.base.BaseTest - TC02 - login with invalid credentials: WrongUser
2026-08-18 21:56:31 [TestNG-tests-3] INFO  com.orangehrm.base.BaseTest - Logged in as Admin
2026-08-18 21:56:33 [TestNG-tests-2] INFO  com.orangehrm.base.BaseTest - Logged in as Admin
2026-08-18 21:56:39 [TestNG-tests-1] INFO  com.orangehrm.base.BaseTest - Closing driver for thread 24
2026-08-18 21:56:40 [TestNG-tests-3] INFO  com.orangehrm.base.BaseTest - Closing driver for thread 26
2026-08-18 21:56:41 [TestNG-tests-1] INFO  com.orangehrm.base.BaseTest - Driver started for thread 24
2026-08-18 21:56:41 [TestNG-tests-1] INFO  com.orangehrm.base.BaseTest - TC02 - login with invalid credentials: Admin
2026-08-18 21:56:42 [TestNG-tests-3] INFO  com.orangehrm.base.BaseTest - Driver started for thread 26
2026-08-18 21:56:42 [TestNG-tests-3] INFO  com.orangehrm.base.BaseTest - TC10 - verifying the footer branding link
2026-08-18 21:56:50 [TestNG-tests-1] INFO  com.orangehrm.base.BaseTest - Closing driver for thread 24
2026-08-18 21:56:51 [TestNG-tests-3] INFO  com.orangehrm.base.BaseTest - Logged in as Admin
2026-08-18 21:56:51 [TestNG-tests-1] INFO  com.orangehrm.base.BaseTest - Driver started for thread 24
2026-08-18 21:56:51 [TestNG-tests-1] INFO  com.orangehrm.base.BaseTest - TC02 - login with invalid credentials: admin!!
2026-08-18 21:56:53 [TestNG-tests-2] INFO  com.orangehrm.base.BaseTest - Closing driver for thread 25
2026-08-18 21:56:55 [TestNG-tests-2] INFO  com.orangehrm.base.BaseTest - Driver started for thread 25
2026-08-18 21:56:55 [TestNG-tests-2] INFO  com.orangehrm.base.BaseTest - TC05 - searching for non-existing employee: Zzqx Notreal
2026-08-18 21:57:02 [TestNG-tests-1] INFO  com.orangehrm.base.BaseTest - Closing driver for thread 24
2026-08-18 21:57:04 [TestNG-tests-1] INFO  com.orangehrm.base.BaseTest - Driver started for thread 24
2026-08-18 21:57:04 [TestNG-tests-1] INFO  com.orangehrm.base.BaseTest - TC01 - login with valid credentials: Admin
2026-08-18 21:57:06 [TestNG-tests-2] INFO  com.orangehrm.base.BaseTest - Logged in as Admin
2026-08-18 21:57:13 [TestNG-tests-2] INFO  com.orangehrm.base.BaseTest - Closing driver for thread 25
2026-08-18 21:57:14 [TestNG-tests-1] INFO  com.orangehrm.base.BaseTest - Closing driver for thread 24
2026-08-18 21:57:15 [TestNG-tests-2] INFO  com.orangehrm.base.BaseTest - Driver started for thread 25
2026-08-18 21:57:15 [TestNG-tests-2] INFO  com.orangehrm.base.BaseTest - TC05 - searching for non-existing employee: Ghost Employee 999
2026-08-18 21:57:21 [TestNG-tests-2] INFO  com.orangehrm.base.BaseTest - Logged in as Admin
2026-08-18 21:57:26 [TestNG-tests-2] INFO  com.orangehrm.base.BaseTest - Closing driver for thread 25
2026-08-18 21:57:28 [TestNG-tests-2] INFO  com.orangehrm.base.BaseTest - Driver started for thread 25
2026-08-18 21:57:28 [TestNG-tests-2] INFO  com.orangehrm.base.BaseTest - TC08 - creating employee Nada Tester446925
2026-08-18 21:57:35 [TestNG-tests-3] ERROR com.orangehrm.listeners.RetryAnalyzer - Test 'testFooterBrandingLink' failed. Retry attempt 1 of 2
2026-08-18 21:57:35 [TestNG-tests-2] INFO  com.orangehrm.base.BaseTest - Logged in as Admin
2026-08-18 21:57:35 [TestNG-tests-3] INFO  com.orangehrm.base.BaseTest - Closing driver for thread 26
2026-08-18 21:57:37 [TestNG-tests-3] INFO  com.orangehrm.base.BaseTest - Driver started for thread 26
2026-08-18 21:57:37 [TestNG-tests-3] INFO  com.orangehrm.base.BaseTest - TC10 - verifying the footer branding link
2026-08-18 21:57:42 [TestNG-tests-3] INFO  com.orangehrm.base.BaseTest - Logged in as Admin
2026-08-18 21:57:50 [TestNG-tests-2] ERROR com.orangehrm.listeners.RetryAnalyzer - Test 'testAddEmployeeEndToEnd' failed. Retry attempt 1 of 2
2026-08-18 21:57:50 [TestNG-tests-2] INFO  com.orangehrm.base.BaseTest - Closing driver for thread 25
2026-08-18 21:57:52 [TestNG-tests-2] INFO  com.orangehrm.base.BaseTest - Driver started for thread 25
2026-08-18 21:57:52 [TestNG-tests-2] INFO  com.orangehrm.base.BaseTest - TC08 - creating employee Nada Tester446925
2026-08-18 21:57:58 [TestNG-tests-2] INFO  com.orangehrm.base.BaseTest - Logged in as Admin
2026-08-18 21:58:20 [TestNG-tests-3] INFO  com.orangehrm.base.BaseTest - Closing driver for thread 26
2026-08-18 21:58:22 [TestNG-tests-3] INFO  com.orangehrm.base.BaseTest - Driver started for thread 26
2026-08-18 21:58:22 [TestNG-tests-3] INFO  com.orangehrm.base.BaseTest - TC11 - verifying the sidebar menu items
2026-08-18 21:58:22 [TestNG-tests-2] INFO  com.orangehrm.base.BaseTest - Closing driver for thread 25
2026-08-18 21:58:24 [TestNG-tests-2] INFO  com.orangehrm.base.BaseTest - Driver started for thread 25
2026-08-18 21:58:24 [TestNG-tests-2] INFO  com.orangehrm.base.BaseTest - TC07 - saving an employee without a first name
2026-08-18 21:58:26 [TestNG-tests-3] INFO  com.orangehrm.base.BaseTest - Logged in as Admin
2026-08-18 21:58:28 [TestNG-tests-3] INFO  com.orangehrm.base.BaseTest - Closing driver for thread 26
2026-08-18 21:58:30 [TestNG-tests-2] INFO  com.orangehrm.base.BaseTest - Logged in as Admin
2026-08-18 21:58:36 [TestNG-tests-2] INFO  com.orangehrm.base.BaseTest - Closing driver for thread 25
2026-08-18 21:58:37 [TestNG-tests-2] INFO  com.orangehrm.base.BaseTest - Driver started for thread 25
2026-08-18 21:58:37 [TestNG-tests-2] INFO  com.orangehrm.base.BaseTest - TC06 - opening the Add Employee page
2026-08-18 21:58:42 [TestNG-tests-2] INFO  com.orangehrm.base.BaseTest - Logged in as Admin
2026-08-18 21:58:52 [TestNG-tests-2] INFO  com.orangehrm.base.BaseTest - Closing driver for thread 25
2026-08-18 22:09:57 [TestNG-tests-1] INFO  com.orangehrm.base.BaseTest - Driver started for thread 24
2026-08-18 22:09:57 [TestNG-tests-3] INFO  com.orangehrm.base.BaseTest - Driver started for thread 26
2026-08-18 22:09:57 [TestNG-tests-2] INFO  com.orangehrm.base.BaseTest - Driver started for thread 25
2026-08-18 22:09:57 [TestNG-tests-1] INFO  com.orangehrm.base.BaseTest - TC03 - login with empty fields
2026-08-18 22:09:57 [TestNG-tests-2] INFO  com.orangehrm.base.BaseTest - TC04 - searching for existing employee: Charlotte Smith
2026-08-18 22:09:57 [TestNG-tests-3] INFO  com.orangehrm.base.BaseTest - TC09 - verifying the Add User form fields
2026-08-18 22:10:07 [TestNG-tests-1] INFO  com.orangehrm.base.BaseTest - Closing driver for thread 24
2026-08-18 22:10:09 [TestNG-tests-3] INFO  com.orangehrm.base.BaseTest - Logged in as Admin
2026-08-18 22:10:09 [TestNG-tests-1] INFO  com.orangehrm.base.BaseTest - Driver started for thread 24
2026-08-18 22:10:09 [TestNG-tests-1] INFO  com.orangehrm.base.BaseTest - TC02 - login with invalid credentials: WrongUser
2026-08-18 22:10:10 [TestNG-tests-2] INFO  com.orangehrm.base.BaseTest - Logged in as Admin
2026-08-18 22:10:15 [TestNG-tests-3] INFO  com.orangehrm.base.BaseTest - Closing driver for thread 26
2026-08-18 22:10:17 [TestNG-tests-3] INFO  com.orangehrm.base.BaseTest - Driver started for thread 26
2026-08-18 22:10:17 [TestNG-tests-3] INFO  com.orangehrm.base.BaseTest - TC10 - verifying the footer branding link
2026-08-18 22:10:21 [TestNG-tests-1] INFO  com.orangehrm.base.BaseTest - Closing driver for thread 24
2026-08-18 22:10:22 [TestNG-tests-1] INFO  com.orangehrm.base.BaseTest - Driver started for thread 24
2026-08-18 22:10:22 [TestNG-tests-1] INFO  com.orangehrm.base.BaseTest - TC02 - login with invalid credentials: Admin
2026-08-18 22:10:24 [TestNG-tests-3] INFO  com.orangehrm.base.BaseTest - Logged in as Admin
2026-08-18 22:10:26 [TestNG-tests-2] INFO  com.orangehrm.base.BaseTest - Closing driver for thread 25
2026-08-18 22:10:28 [TestNG-tests-2] INFO  com.orangehrm.base.BaseTest - Driver started for thread 25
2026-08-18 22:10:28 [TestNG-tests-2] INFO  com.orangehrm.base.BaseTest - TC05 - searching for non-existing employee: Zzqx Notreal
2026-08-18 22:10:35 [TestNG-tests-1] INFO  com.orangehrm.base.BaseTest - Closing driver for thread 24
2026-08-18 22:10:36 [TestNG-tests-1] INFO  com.orangehrm.base.BaseTest - Driver started for thread 24
2026-08-18 22:10:36 [TestNG-tests-1] INFO  com.orangehrm.base.BaseTest - TC02 - login with invalid credentials: admin!!
2026-08-18 22:10:38 [TestNG-tests-2] INFO  com.orangehrm.base.BaseTest - Logged in as Admin
2026-08-18 22:10:45 [TestNG-tests-1] INFO  com.orangehrm.base.BaseTest - Closing driver for thread 24
2026-08-18 22:10:46 [TestNG-tests-2] INFO  com.orangehrm.base.BaseTest - Closing driver for thread 25
2026-08-18 22:10:48 [TestNG-tests-1] INFO  com.orangehrm.base.BaseTest - Driver started for thread 24
2026-08-18 22:10:48 [TestNG-tests-1] INFO  com.orangehrm.base.BaseTest - TC01 - login with valid credentials: Admin
2026-08-18 22:10:48 [TestNG-tests-2] INFO  com.orangehrm.base.BaseTest - Driver started for thread 25
2026-08-18 22:10:48 [TestNG-tests-2] INFO  com.orangehrm.base.BaseTest - TC05 - searching for non-existing employee: Ghost Employee 999
2026-08-18 22:10:55 [TestNG-tests-1] INFO  com.orangehrm.base.BaseTest - Closing driver for thread 24
2026-08-18 22:10:56 [TestNG-tests-2] INFO  com.orangehrm.base.BaseTest - Logged in as Admin
2026-08-18 22:11:01 [TestNG-tests-2] INFO  com.orangehrm.base.BaseTest - Closing driver for thread 25
2026-08-18 22:11:02 [TestNG-tests-2] INFO  com.orangehrm.base.BaseTest - Driver started for thread 25
2026-08-18 22:11:02 [TestNG-tests-2] INFO  com.orangehrm.base.BaseTest - TC08 - creating employee John Doe261215
2026-08-18 22:11:06 [TestNG-tests-2] INFO  com.orangehrm.base.BaseTest - Logged in as Admin
2026-08-18 22:11:08 [TestNG-tests-3] ERROR com.orangehrm.listeners.RetryAnalyzer - Test 'testFooterBrandingLink' failed. Retry attempt 1 of 2
2026-08-18 22:11:08 [TestNG-tests-3] INFO  com.orangehrm.base.BaseTest - Closing driver for thread 26
2026-08-18 22:11:10 [TestNG-tests-3] INFO  com.orangehrm.base.BaseTest - Driver started for thread 26
2026-08-18 22:11:10 [TestNG-tests-3] INFO  com.orangehrm.base.BaseTest - TC10 - verifying the footer branding link
2026-08-18 22:11:14 [TestNG-tests-3] INFO  com.orangehrm.base.BaseTest - Logged in as Admin
2026-08-18 22:11:27 [TestNG-tests-3] INFO  com.orangehrm.base.BaseTest - Closing driver for thread 26
2026-08-18 22:11:28 [TestNG-tests-3] INFO  com.orangehrm.base.BaseTest - Driver started for thread 26
2026-08-18 22:11:29 [TestNG-tests-3] INFO  com.orangehrm.base.BaseTest - TC11 - verifying the sidebar menu items
2026-08-18 22:11:30 [TestNG-tests-2] INFO  com.orangehrm.base.BaseTest - Closing driver for thread 25
2026-08-18 22:11:32 [TestNG-tests-2] INFO  com.orangehrm.base.BaseTest - Driver started for thread 25
2026-08-18 22:11:32 [TestNG-tests-2] INFO  com.orangehrm.base.BaseTest - TC07 - saving an employee without a first name
2026-08-18 22:11:33 [TestNG-tests-3] INFO  com.orangehrm.base.BaseTest - Logged in as Admin
2026-08-18 22:11:35 [TestNG-tests-3] INFO  com.orangehrm.base.BaseTest - Closing driver for thread 26
2026-08-18 22:11:47 [TestNG-tests-2] INFO  com.orangehrm.base.BaseTest - Logged in as Admin
2026-08-18 22:11:53 [TestNG-tests-2] INFO  com.orangehrm.base.BaseTest - Closing driver for thread 25
2026-08-18 22:11:54 [TestNG-tests-2] INFO  com.orangehrm.base.BaseTest - Driver started for thread 25
2026-08-18 22:11:54 [TestNG-tests-2] INFO  com.orangehrm.base.BaseTest - TC06 - opening the Add Employee page
2026-08-18 22:11:58 [TestNG-tests-2] INFO  com.orangehrm.base.BaseTest - Logged in as Admin
2026-08-18 22:12:02 [TestNG-tests-2] INFO  com.orangehrm.base.BaseTest - Closing driver for thread 25
2026-08-18 22:19:35 [TestNG-tests-3] INFO  com.orangehrm.base.BaseTest - Driver started for thread 27
2026-08-18 22:19:35 [TestNG-tests-1] INFO  com.orangehrm.base.BaseTest - Driver started for thread 25
2026-08-18 22:19:35 [TestNG-tests-2] INFO  com.orangehrm.base.BaseTest - Driver started for thread 26
2026-08-18 22:19:36 [TestNG-tests-1] INFO  com.orangehrm.base.BaseTest - TC03 - login with empty fields
2026-08-18 22:19:36 [TestNG-tests-3] INFO  com.orangehrm.base.BaseTest - TC09 - verifying the Add User form fields
2026-08-18 22:19:36 [TestNG-tests-2] INFO  com.orangehrm.base.BaseTest - TC04 - searching for existing employee: Charlotte Smith
2026-08-18 22:19:41 [TestNG-tests-1] INFO  com.orangehrm.base.BaseTest - Closing driver for thread 25
2026-08-18 22:19:43 [TestNG-tests-1] INFO  com.orangehrm.base.BaseTest - Driver started for thread 25
2026-08-18 22:19:43 [TestNG-tests-1] INFO  com.orangehrm.base.BaseTest - TC02 - login with invalid credentials: WrongUser
2026-08-18 22:19:47 [TestNG-tests-2] INFO  com.orangehrm.base.BaseTest - Logged in as Admin
2026-08-18 22:19:47 [TestNG-tests-3] INFO  com.orangehrm.base.BaseTest - Logged in as Admin
2026-08-18 22:19:54 [TestNG-tests-3] INFO  com.orangehrm.base.BaseTest - Closing driver for thread 27
2026-08-18 22:19:56 [TestNG-tests-3] INFO  com.orangehrm.base.BaseTest - Driver started for thread 27
2026-08-18 22:19:56 [TestNG-tests-3] INFO  com.orangehrm.base.BaseTest - TC10 - verifying the footer branding link
2026-08-18 22:19:56 [TestNG-tests-1] INFO  com.orangehrm.base.BaseTest - Closing driver for thread 25
2026-08-18 22:19:58 [TestNG-tests-1] INFO  com.orangehrm.base.BaseTest - Driver started for thread 25
2026-08-18 22:19:58 [TestNG-tests-1] INFO  com.orangehrm.base.BaseTest - TC02 - login with invalid credentials: Admin
2026-08-18 22:20:03 [TestNG-tests-3] INFO  com.orangehrm.base.BaseTest - Logged in as Admin
2026-08-18 22:20:06 [TestNG-tests-2] INFO  com.orangehrm.base.BaseTest - Closing driver for thread 26
2026-08-18 22:20:07 [TestNG-tests-2] INFO  com.orangehrm.base.BaseTest - Driver started for thread 26
2026-08-18 22:20:07 [TestNG-tests-2] INFO  com.orangehrm.base.BaseTest - TC05 - searching for non-existing employee: Zzqx Notreal
2026-08-18 22:20:10 [TestNG-tests-1] INFO  com.orangehrm.base.BaseTest - Closing driver for thread 25
2026-08-18 22:20:12 [TestNG-tests-1] INFO  com.orangehrm.base.BaseTest - Driver started for thread 25
2026-08-18 22:20:12 [TestNG-tests-1] INFO  com.orangehrm.base.BaseTest - TC02 - login with invalid credentials: admin!!
2026-08-18 22:20:19 [TestNG-tests-2] INFO  com.orangehrm.base.BaseTest - Logged in as Admin
2026-08-18 22:20:26 [TestNG-tests-2] INFO  com.orangehrm.base.BaseTest - Closing driver for thread 26
2026-08-18 22:20:27 [TestNG-tests-1] INFO  com.orangehrm.base.BaseTest - Closing driver for thread 25
2026-08-18 22:20:29 [TestNG-tests-1] INFO  com.orangehrm.base.BaseTest - Driver started for thread 25
2026-08-18 22:20:29 [TestNG-tests-1] INFO  com.orangehrm.base.BaseTest - TC01 - login with valid credentials: Admin
2026-08-18 22:20:29 [TestNG-tests-2] INFO  com.orangehrm.base.BaseTest - Driver started for thread 26
2026-08-18 22:20:29 [TestNG-tests-2] INFO  com.orangehrm.base.BaseTest - TC05 - searching for non-existing employee: Ghost Employee 999
2026-08-18 22:20:37 [TestNG-tests-2] INFO  com.orangehrm.base.BaseTest - Logged in as Admin
2026-08-18 22:20:38 [TestNG-tests-1] INFO  com.orangehrm.base.BaseTest - Closing driver for thread 25
2026-08-18 22:20:43 [TestNG-tests-2] INFO  com.orangehrm.base.BaseTest - Closing driver for thread 26
2026-08-18 22:20:43 [TestNG-tests-3] INFO  com.orangehrm.base.BaseTest - Closing driver for thread 27
2026-08-18 22:20:45 [TestNG-tests-2] INFO  com.orangehrm.base.BaseTest - Driver started for thread 26
2026-08-18 22:20:45 [TestNG-tests-2] INFO  com.orangehrm.base.BaseTest - TC08 - creating employee John Doe843154
2026-08-18 22:20:45 [TestNG-tests-3] INFO  com.orangehrm.base.BaseTest - Driver started for thread 27
2026-08-18 22:20:45 [TestNG-tests-3] INFO  com.orangehrm.base.BaseTest - TC11 - verifying the sidebar menu items
2026-08-18 22:20:49 [TestNG-tests-2] INFO  com.orangehrm.base.BaseTest - Logged in as Admin
2026-08-18 22:20:53 [TestNG-tests-3] INFO  com.orangehrm.base.BaseTest - Logged in as Admin
2026-08-18 22:20:55 [TestNG-tests-3] INFO  com.orangehrm.base.BaseTest - Closing driver for thread 27
2026-08-18 22:21:13 [TestNG-tests-2] INFO  com.orangehrm.base.BaseTest - Closing driver for thread 26
2026-08-18 22:21:14 [TestNG-tests-2] INFO  com.orangehrm.base.BaseTest - Driver started for thread 26
2026-08-18 22:21:14 [TestNG-tests-2] INFO  com.orangehrm.base.BaseTest - TC07 - saving an employee without a first name
2026-08-18 22:21:18 [TestNG-tests-2] INFO  com.orangehrm.base.BaseTest - Logged in as Admin
2026-08-18 22:21:24 [TestNG-tests-2] INFO  com.orangehrm.base.BaseTest - Closing driver for thread 26
2026-08-18 22:21:25 [TestNG-tests-2] INFO  com.orangehrm.base.BaseTest - Driver started for thread 26
2026-08-18 22:21:25 [TestNG-tests-2] INFO  com.orangehrm.base.BaseTest - TC06 - opening the Add Employee page
2026-08-18 22:21:30 [TestNG-tests-2] INFO  com.orangehrm.base.BaseTest - Logged in as Admin
2026-08-18 22:21:33 [TestNG-tests-2] INFO  com.orangehrm.base.BaseTest - Closing driver for thread 26
2026-08-18 22:31:48 [TestNG-tests-2] INFO  com.orangehrm.base.BaseTest - Driver started for thread 25
2026-08-18 22:31:48 [TestNG-tests-1] INFO  com.orangehrm.base.BaseTest - Driver started for thread 24
2026-08-18 22:31:48 [TestNG-tests-3] INFO  com.orangehrm.base.BaseTest - Driver started for thread 26
2026-08-18 22:31:48 [TestNG-tests-3] INFO  com.orangehrm.base.BaseTest - TC09 - verifying the Add User form fields
2026-08-18 22:31:48 [TestNG-tests-1] INFO  com.orangehrm.base.BaseTest - TC03 - login with empty fields
2026-08-18 22:31:48 [TestNG-tests-2] INFO  com.orangehrm.base.BaseTest - TC04 - searching for existing employee: Charlotte Smith
2026-08-18 22:31:59 [TestNG-tests-2] INFO  com.orangehrm.base.BaseTest - Logged in as Admin
2026-08-18 22:31:59 [TestNG-tests-1] INFO  com.orangehrm.base.BaseTest - Closing driver for thread 24
2026-08-18 22:32:01 [TestNG-tests-1] INFO  com.orangehrm.base.BaseTest - Driver started for thread 24
2026-08-18 22:32:01 [TestNG-tests-1] INFO  com.orangehrm.base.BaseTest - TC02 - login with invalid credentials: WrongUser
2026-08-18 22:32:02 [TestNG-tests-3] INFO  com.orangehrm.base.BaseTest - Logged in as Admin
2026-08-18 22:32:06 [TestNG-tests-3] INFO  com.orangehrm.base.BaseTest - Closing driver for thread 26
2026-08-18 22:32:08 [TestNG-tests-3] INFO  com.orangehrm.base.BaseTest - Driver started for thread 26
2026-08-18 22:32:08 [TestNG-tests-3] INFO  com.orangehrm.base.BaseTest - TC10 - verifying the footer branding link
2026-08-18 22:32:09 [TestNG-tests-1] INFO  com.orangehrm.base.BaseTest - Closing driver for thread 24
2026-08-18 22:32:11 [TestNG-tests-1] INFO  com.orangehrm.base.BaseTest - Driver started for thread 24
2026-08-18 22:32:11 [TestNG-tests-1] INFO  com.orangehrm.base.BaseTest - TC02 - login with invalid credentials: Admin
2026-08-18 22:32:17 [TestNG-tests-2] INFO  com.orangehrm.base.BaseTest - Closing driver for thread 25
2026-08-18 22:32:18 [TestNG-tests-2] INFO  com.orangehrm.base.BaseTest - Driver started for thread 25
2026-08-18 22:32:18 [TestNG-tests-2] INFO  com.orangehrm.base.BaseTest - TC05 - searching for non-existing employee: Zzqx Notreal
2026-08-18 22:32:19 [TestNG-tests-3] INFO  com.orangehrm.base.BaseTest - Logged in as Admin
2026-08-18 22:32:20 [TestNG-tests-1] INFO  com.orangehrm.base.BaseTest - Closing driver for thread 24
2026-08-18 22:32:21 [TestNG-tests-1] INFO  com.orangehrm.base.BaseTest - Driver started for thread 24
2026-08-18 22:32:21 [TestNG-tests-1] INFO  com.orangehrm.base.BaseTest - TC02 - login with invalid credentials: admin!!
2026-08-18 22:32:24 [TestNG-tests-2] INFO  com.orangehrm.base.BaseTest - Logged in as Admin
2026-08-18 22:32:30 [TestNG-tests-2] INFO  com.orangehrm.base.BaseTest - Closing driver for thread 25
2026-08-18 22:32:32 [TestNG-tests-2] INFO  com.orangehrm.base.BaseTest - Driver started for thread 25
2026-08-18 22:32:32 [TestNG-tests-2] INFO  com.orangehrm.base.BaseTest - TC08 - creating employee John Doe550471
2026-08-18 22:32:34 [TestNG-tests-3] INFO  com.orangehrm.base.BaseTest - Closing driver for thread 26
2026-08-18 22:32:35 [TestNG-tests-1] INFO  com.orangehrm.base.BaseTest - Closing driver for thread 24
2026-08-18 22:32:36 [TestNG-tests-3] INFO  com.orangehrm.base.BaseTest - Driver started for thread 26
2026-08-18 22:32:36 [TestNG-tests-3] INFO  com.orangehrm.base.BaseTest - TC11 - verifying the sidebar menu items
2026-08-18 22:32:37 [TestNG-tests-1] INFO  com.orangehrm.base.BaseTest - Driver started for thread 24
2026-08-18 22:32:37 [TestNG-tests-1] INFO  com.orangehrm.base.BaseTest - TC01 - login with valid credentials: Admin
2026-08-18 22:32:38 [TestNG-tests-2] INFO  com.orangehrm.base.BaseTest - Logged in as Admin
2026-08-18 22:32:44 [TestNG-tests-3] INFO  com.orangehrm.base.BaseTest - Logged in as Admin
2026-08-18 22:32:46 [TestNG-tests-3] INFO  com.orangehrm.base.BaseTest - Closing driver for thread 26
2026-08-18 22:32:47 [TestNG-tests-1] INFO  com.orangehrm.base.BaseTest - Closing driver for thread 24
2026-08-18 22:33:03 [TestNG-tests-2] INFO  com.orangehrm.base.BaseTest - Closing driver for thread 25
2026-08-18 22:33:05 [TestNG-tests-2] INFO  com.orangehrm.base.BaseTest - Driver started for thread 25
2026-08-18 22:33:05 [TestNG-tests-2] INFO  com.orangehrm.base.BaseTest - TC07 - saving an employee without a first name
2026-08-18 22:33:09 [TestNG-tests-2] INFO  com.orangehrm.base.BaseTest - Logged in as Admin
2026-08-18 22:33:14 [TestNG-tests-2] INFO  com.orangehrm.base.BaseTest - Closing driver for thread 25
2026-08-18 22:33:15 [TestNG-tests-2] INFO  com.orangehrm.base.BaseTest - Driver started for thread 25
2026-08-18 22:33:15 [TestNG-tests-2] INFO  com.orangehrm.base.BaseTest - TC06 - opening the Add Employee page
2026-08-18 22:33:20 [TestNG-tests-2] INFO  com.orangehrm.base.BaseTest - Logged in as Admin
2026-08-18 22:33:24 [TestNG-tests-2] INFO  com.orangehrm.base.BaseTest - Closing driver for thread 25
2026-08-18 23:02:15 [TestNG-tests-1] INFO  com.orangehrm.base.BaseTest - Driver started for thread 25
2026-08-18 23:02:15 [TestNG-tests-3] INFO  com.orangehrm.base.BaseTest - Driver started for thread 27
2026-08-18 23:02:16 [TestNG-tests-1] INFO  com.orangehrm.base.BaseTest - TC03 - login with empty fields
2026-08-18 23:02:16 [TestNG-tests-3] INFO  com.orangehrm.base.BaseTest - TC09 - verifying the Add User form fields
2026-08-18 23:02:18 [TestNG-tests-2] INFO  com.orangehrm.base.BaseTest - Driver started for thread 26
2026-08-18 23:02:18 [TestNG-tests-2] INFO  com.orangehrm.base.BaseTest - TC04 - searching for existing employee: Charlotte Smith
2026-08-18 23:02:22 [TestNG-tests-3] INFO  com.orangehrm.base.BaseTest - Logged in as Admin
2026-08-18 23:02:22 [TestNG-tests-3] ERROR com.orangehrm.listeners.RetryAnalyzer - Test 'testAddUserFormFields' failed. Retry attempt 1 of 2
2026-08-18 23:02:22 [TestNG-tests-3] INFO  com.orangehrm.base.BaseTest - Closing driver for thread 27
2026-08-18 23:02:25 [TestNG-tests-3] INFO  com.orangehrm.base.BaseTest - Driver started for thread 27
2026-08-18 23:02:25 [TestNG-tests-3] INFO  com.orangehrm.base.BaseTest - TC09 - verifying the Add User form fields
2026-08-18 23:02:25 [TestNG-tests-1] INFO  com.orangehrm.base.BaseTest - Closing driver for thread 25
2026-08-18 23:02:28 [TestNG-tests-1] INFO  com.orangehrm.base.BaseTest - Driver started for thread 25
2026-08-18 23:02:28 [TestNG-tests-1] INFO  com.orangehrm.base.BaseTest - TC02 - login with invalid credentials: WrongUser
2026-08-18 23:02:30 [TestNG-tests-2] INFO  com.orangehrm.base.BaseTest - Logged in as Admin
2026-08-18 23:02:31 [TestNG-tests-3] INFO  com.orangehrm.base.BaseTest - Logged in as Admin
2026-08-18 23:02:31 [TestNG-tests-3] ERROR com.orangehrm.listeners.RetryAnalyzer - Test 'testAddUserFormFields' failed. Retry attempt 2 of 2
2026-08-18 23:02:32 [TestNG-tests-3] INFO  com.orangehrm.base.BaseTest - Closing driver for thread 27
2026-08-18 23:02:35 [TestNG-tests-3] INFO  com.orangehrm.base.BaseTest - Driver started for thread 27
2026-08-18 23:02:35 [TestNG-tests-3] INFO  com.orangehrm.base.BaseTest - TC09 - verifying the Add User form fields
2026-08-18 23:02:39 [TestNG-tests-3] INFO  com.orangehrm.base.BaseTest - Driver started for thread 26
2026-08-18 23:02:39 [TestNG-tests-2] INFO  com.orangehrm.base.BaseTest - Driver started for thread 25
2026-08-18 23:02:39 [TestNG-tests-1] INFO  com.orangehrm.base.BaseTest - Driver started for thread 24
2026-08-18 23:02:39 [TestNG-tests-3] INFO  com.orangehrm.base.BaseTest - TC09 - verifying the Add User form fields
2026-08-18 23:02:39 [TestNG-tests-2] INFO  com.orangehrm.base.BaseTest - TC04 - searching for existing employee: Charlotte Smith
2026-08-18 23:02:39 [TestNG-tests-1] INFO  com.orangehrm.base.BaseTest - TC03 - login with empty fields
2026-08-18 23:02:41 [TestNG-tests-1] INFO  com.orangehrm.base.BaseTest - Closing driver for thread 25
2026-08-18 23:02:43 [TestNG-tests-1] INFO  com.orangehrm.base.BaseTest - Driver started for thread 25
2026-08-18 23:02:43 [TestNG-tests-1] INFO  com.orangehrm.base.BaseTest - TC02 - login with invalid credentials: Admin
2026-08-18 23:02:44 [TestNG-tests-3] INFO  com.orangehrm.base.BaseTest - Logged in as Admin
2026-08-18 23:02:44 [TestNG-tests-3] INFO  com.orangehrm.base.BaseTest - Closing driver for thread 27
2026-08-18 23:02:46 [TestNG-tests-3] INFO  com.orangehrm.base.BaseTest - Driver started for thread 27
2026-08-18 23:02:46 [TestNG-tests-3] INFO  com.orangehrm.base.BaseTest - TC10 - verifying the footer branding link
2026-08-18 23:02:52 [TestNG-tests-2] INFO  com.orangehrm.base.BaseTest - Closing driver for thread 26
2026-08-18 23:02:53 [TestNG-tests-3] ERROR com.orangehrm.listeners.RetryAnalyzer - Test 'testAddUserFormFields' failed. Retry attempt 1 of 2
2026-08-18 23:02:54 [TestNG-tests-2] INFO  com.orangehrm.base.BaseTest - Driver started for thread 26
2026-08-18 23:02:54 [TestNG-tests-2] INFO  com.orangehrm.base.BaseTest - TC05 - searching for non-existing employee: Zzqx Notreal
2026-08-18 23:02:54 [TestNG-tests-3] INFO  com.orangehrm.base.BaseTest - Closing driver for thread 26
2026-08-18 23:02:56 [TestNG-tests-2] INFO  com.orangehrm.base.BaseTest - Logged in as Admin
2026-08-18 23:02:56 [TestNG-tests-1] INFO  com.orangehrm.base.BaseTest - Closing driver for thread 24
2026-08-18 23:02:56 [TestNG-tests-3] INFO  com.orangehrm.base.BaseTest - Driver started for thread 26
2026-08-18 23:02:56 [TestNG-tests-3] INFO  com.orangehrm.base.BaseTest - TC09 - verifying the Add User form fields
2026-08-18 23:02:58 [TestNG-tests-1] INFO  com.orangehrm.base.BaseTest - Driver started for thread 24
2026-08-18 23:02:58 [TestNG-tests-1] INFO  com.orangehrm.base.BaseTest - TC02 - login with invalid credentials: WrongUser
2026-08-18 23:03:07 [TestNG-tests-3] INFO  com.orangehrm.base.BaseTest - Logged in as Admin
2026-08-18 23:03:14 [TestNG-tests-1] INFO  com.orangehrm.base.BaseTest - Closing driver for thread 25
2026-08-18 23:03:16 [TestNG-tests-1] INFO  com.orangehrm.base.BaseTest - Driver started for thread 25
2026-08-18 23:03:16 [TestNG-tests-1] INFO  com.orangehrm.base.BaseTest - TC02 - login with invalid credentials: admin!!
2026-08-18 23:03:16 [TestNG-tests-2] INFO  com.orangehrm.base.BaseTest - Logged in as Admin
2026-08-18 23:03:20 [TestNG-tests-2] INFO  com.orangehrm.base.BaseTest - Closing driver for thread 25
2026-08-18 23:03:22 [TestNG-tests-2] INFO  com.orangehrm.base.BaseTest - Driver started for thread 25
2026-08-18 23:03:22 [TestNG-tests-2] INFO  com.orangehrm.base.BaseTest - TC05 - searching for non-existing employee: Zzqx Notreal
2026-08-18 23:03:24 [TestNG-tests-3] INFO  com.orangehrm.base.BaseTest - Logged in as Admin
2026-08-18 23:03:31 [TestNG-tests-1] INFO  com.orangehrm.base.BaseTest - Closing driver for thread 24
2026-08-18 23:03:33 [TestNG-tests-1] INFO  com.orangehrm.base.BaseTest - Driver started for thread 24
2026-08-18 23:03:33 [TestNG-tests-1] INFO  com.orangehrm.base.BaseTest - TC02 - login with invalid credentials: Admin
2026-08-18 23:03:34 [TestNG-tests-2] INFO  com.orangehrm.base.BaseTest - Closing driver for thread 26
2026-08-18 23:03:36 [TestNG-tests-3] INFO  com.orangehrm.base.BaseTest - Closing driver for thread 26
2026-08-18 23:03:37 [TestNG-tests-2] INFO  com.orangehrm.base.BaseTest - Driver started for thread 26
2026-08-18 23:03:37 [TestNG-tests-2] INFO  com.orangehrm.base.BaseTest - TC08 - creating employee John Doe414990
2026-08-18 23:03:38 [TestNG-tests-3] INFO  com.orangehrm.base.BaseTest - Driver started for thread 26
2026-08-18 23:03:38 [TestNG-tests-3] INFO  com.orangehrm.base.BaseTest - TC10 - verifying the footer branding link
2026-08-18 23:03:53 [TestNG-tests-1] INFO  com.orangehrm.base.BaseTest - Closing driver for thread 25
2026-08-18 23:03:55 [TestNG-tests-1] INFO  com.orangehrm.base.BaseTest - Driver started for thread 25
2026-08-18 23:03:55 [TestNG-tests-1] INFO  com.orangehrm.base.BaseTest - TC01 - login with valid credentials: Admin
2026-08-18 23:03:55 [TestNG-tests-2] INFO  com.orangehrm.base.BaseTest - Logged in as Admin
2026-08-18 23:04:08 [TestNG-tests-3] ERROR com.orangehrm.listeners.RetryAnalyzer - Test 'testFooterBrandingLink' failed. Retry attempt 1 of 2
2026-08-18 23:04:08 [TestNG-tests-3] INFO  com.orangehrm.base.BaseTest - Closing driver for thread 27
2026-08-18 23:04:10 [TestNG-tests-3] INFO  com.orangehrm.base.BaseTest - Driver started for thread 27
2026-08-18 23:04:10 [TestNG-tests-3] INFO  com.orangehrm.base.BaseTest - TC10 - verifying the footer branding link
2026-08-18 23:04:13 [TestNG-tests-1] INFO  com.orangehrm.base.BaseTest - Closing driver for thread 24
2026-08-18 23:04:14 [TestNG-tests-2] INFO  com.orangehrm.base.BaseTest - Closing driver for thread 25
2026-08-18 23:04:14 [TestNG-tests-1] INFO  com.orangehrm.base.BaseTest - Driver started for thread 24
2026-08-18 23:04:14 [TestNG-tests-1] INFO  com.orangehrm.base.BaseTest - TC02 - login with invalid credentials: admin!!
2026-08-18 23:04:16 [TestNG-tests-2] INFO  com.orangehrm.base.BaseTest - Driver started for thread 25
2026-08-18 23:04:16 [TestNG-tests-2] INFO  com.orangehrm.base.BaseTest - TC08 - creating employee John Doe454947
2026-08-18 23:04:17 [TestNG-tests-2] ERROR com.orangehrm.listeners.RetryAnalyzer - Test 'testAddEmployeeEndToEnd' failed. Retry attempt 1 of 2
2026-08-18 23:04:17 [TestNG-tests-2] INFO  com.orangehrm.base.BaseTest - Closing driver for thread 26
2026-08-18 23:04:18 [TestNG-tests-3] ERROR com.orangehrm.listeners.RetryAnalyzer - Test 'testFooterBrandingLink' failed. Retry attempt 1 of 2
2026-08-18 23:04:18 [TestNG-tests-3] INFO  com.orangehrm.base.BaseTest - Closing driver for thread 26
2026-08-18 23:04:18 [TestNG-tests-2] INFO  com.orangehrm.base.BaseTest - Driver started for thread 26
2026-08-18 23:04:18 [TestNG-tests-2] INFO  com.orangehrm.base.BaseTest - TC08 - creating employee John Doe414990
2026-08-18 23:04:20 [TestNG-tests-3] INFO  com.orangehrm.base.BaseTest - Driver started for thread 26
2026-08-18 23:04:20 [TestNG-tests-3] INFO  com.orangehrm.base.BaseTest - TC10 - verifying the footer branding link
2026-08-18 23:04:35 [TestNG-tests-1] ERROR com.orangehrm.listeners.RetryAnalyzer - Test 'testLoginWithValidCredentials' failed. Retry attempt 1 of 2
2026-08-18 23:04:35 [TestNG-tests-1] INFO  com.orangehrm.base.BaseTest - Closing driver for thread 25
2026-08-18 23:04:36 [TestNG-tests-1] INFO  com.orangehrm.base.BaseTest - Driver started for thread 25
2026-08-18 23:04:36 [TestNG-tests-1] INFO  com.orangehrm.base.BaseTest - TC01 - login with valid credentials: Admin
2026-08-18 23:04:50 [TestNG-tests-3] ERROR com.orangehrm.listeners.RetryAnalyzer - Test 'testFooterBrandingLink' failed. Retry attempt 2 of 2
2026-08-18 23:04:50 [TestNG-tests-3] INFO  com.orangehrm.base.BaseTest - Closing driver for thread 27
2026-08-18 23:04:52 [TestNG-tests-3] INFO  com.orangehrm.base.BaseTest - Driver started for thread 27
2026-08-18 23:04:52 [TestNG-tests-3] INFO  com.orangehrm.base.BaseTest - TC10 - verifying the footer branding link
2026-08-18 23:04:53 [TestNG-tests-3] INFO  com.orangehrm.base.BaseTest - Logged in as Admin
2026-08-18 23:04:54 [TestNG-tests-2] ERROR com.orangehrm.listeners.RetryAnalyzer - Test 'testAddEmployeeEndToEnd' failed. Retry attempt 1 of 2
2026-08-18 23:04:55 [TestNG-tests-2] INFO  com.orangehrm.base.BaseTest - Closing driver for thread 25
2026-08-18 23:04:56 [TestNG-tests-2] INFO  com.orangehrm.base.BaseTest - Driver started for thread 25
2026-08-18 23:04:56 [TestNG-tests-2] INFO  com.orangehrm.base.BaseTest - TC08 - creating employee John Doe454947
2026-08-18 23:04:58 [TestNG-tests-1] ERROR com.orangehrm.listeners.RetryAnalyzer - Test 'testLoginWithInvalidCredentials' failed. Retry attempt 1 of 2
2026-08-18 23:04:59 [TestNG-tests-2] ERROR com.orangehrm.listeners.RetryAnalyzer - Test 'testAddEmployeeEndToEnd' failed. Retry attempt 2 of 2
2026-08-18 23:04:59 [TestNG-tests-1] INFO  com.orangehrm.base.BaseTest - Closing driver for thread 24
2026-08-18 23:04:59 [TestNG-tests-2] INFO  com.orangehrm.base.BaseTest - Closing driver for thread 26
2026-08-18 23:05:01 [TestNG-tests-2] INFO  com.orangehrm.base.BaseTest - Driver started for thread 26
2026-08-18 23:05:01 [TestNG-tests-1] INFO  com.orangehrm.base.BaseTest - Driver started for thread 24
2026-08-18 23:05:01 [TestNG-tests-1] INFO  com.orangehrm.base.BaseTest - TC02 - login with invalid credentials: admin!!
2026-08-18 23:05:01 [TestNG-tests-2] INFO  com.orangehrm.base.BaseTest - TC08 - creating employee John Doe414990
2026-08-18 23:05:15 [TestNG-tests-1] INFO  com.orangehrm.base.BaseTest - Closing driver for thread 25
2026-08-18 23:05:16 [TestNG-tests-3] INFO  com.orangehrm.base.BaseTest - Logged in as Admin
2026-08-18 23:05:29 [TestNG-tests-2] INFO  com.orangehrm.base.BaseTest - Logged in as Admin
2026-08-18 23:05:39 [TestNG-tests-2] ERROR com.orangehrm.listeners.RetryAnalyzer - Test 'testAddEmployeeEndToEnd' failed. Retry attempt 2 of 2
2026-08-18 23:05:39 [TestNG-tests-2] INFO  com.orangehrm.base.BaseTest - Closing driver for thread 25
2026-08-18 23:05:41 [TestNG-tests-1] ERROR com.orangehrm.listeners.RetryAnalyzer - Test 'testLoginWithInvalidCredentials' failed. Retry attempt 2 of 2
2026-08-18 23:05:42 [TestNG-tests-2] INFO  com.orangehrm.base.BaseTest - Driver started for thread 25
2026-08-18 23:05:42 [TestNG-tests-2] INFO  com.orangehrm.base.BaseTest - TC08 - creating employee John Doe454947
2026-08-18 23:05:42 [TestNG-tests-1] INFO  com.orangehrm.base.BaseTest - Closing driver for thread 24
2026-08-18 23:05:44 [TestNG-tests-1] INFO  com.orangehrm.base.BaseTest - Driver started for thread 24
2026-08-18 23:05:44 [TestNG-tests-1] INFO  com.orangehrm.base.BaseTest - TC02 - login with invalid credentials: admin!!
2026-08-18 23:05:46 [TestNG-tests-3] ERROR com.orangehrm.listeners.RetryAnalyzer - Test 'testFooterBrandingLink' failed. Retry attempt 2 of 2
2026-08-18 23:05:47 [TestNG-tests-3] INFO  com.orangehrm.base.BaseTest - Closing driver for thread 26
2026-08-18 23:05:48 [TestNG-tests-2] INFO  com.orangehrm.base.BaseTest - Closing driver for thread 26
2026-08-18 23:05:49 [TestNG-tests-3] INFO  com.orangehrm.base.BaseTest - Driver started for thread 26
2026-08-18 23:05:49 [TestNG-tests-3] INFO  com.orangehrm.base.BaseTest - TC10 - verifying the footer branding link
2026-08-18 23:05:50 [TestNG-tests-2] INFO  com.orangehrm.base.BaseTest - Driver started for thread 26
2026-08-18 23:05:50 [TestNG-tests-2] INFO  com.orangehrm.base.BaseTest - TC07 - saving an employee without a first name
2026-08-18 23:05:55 [TestNG-tests-3] INFO  com.orangehrm.base.BaseTest - Closing driver for thread 27
2026-08-18 23:05:57 [TestNG-tests-3] INFO  com.orangehrm.base.BaseTest - Driver started for thread 27
2026-08-18 23:05:57 [TestNG-tests-3] INFO  com.orangehrm.base.BaseTest - TC11 - verifying the sidebar menu items
2026-08-18 23:06:00 [TestNG-tests-2] INFO  com.orangehrm.base.BaseTest - Logged in as Admin
2026-08-18 23:06:04 [TestNG-tests-3] INFO  com.orangehrm.base.BaseTest - Logged in as Admin
2026-08-18 23:06:06 [TestNG-tests-1] INFO  com.orangehrm.base.BaseTest - Closing driver for thread 24
2026-08-18 23:06:08 [TestNG-tests-2] INFO  com.orangehrm.base.BaseTest - Logged in as Admin
2026-08-18 23:06:08 [TestNG-tests-1] INFO  com.orangehrm.base.BaseTest - Driver started for thread 24
2026-08-18 23:06:08 [TestNG-tests-1] INFO  com.orangehrm.base.BaseTest - TC01 - login with valid credentials: Admin
2026-08-18 23:06:13 [TestNG-tests-3] INFO  com.orangehrm.base.BaseTest - Logged in as Admin
2026-08-18 23:06:16 [TestNG-tests-2] INFO  com.orangehrm.base.BaseTest - Closing driver for thread 26
2026-08-18 23:06:17 [TestNG-tests-3] INFO  com.orangehrm.base.BaseTest - Closing driver for thread 27
2026-08-18 23:06:18 [TestNG-tests-2] INFO  com.orangehrm.base.BaseTest - Driver started for thread 26
2026-08-18 23:06:18 [TestNG-tests-2] INFO  com.orangehrm.base.BaseTest - TC06 - opening the Add Employee page
2026-08-18 23:06:29 [TestNG-tests-1] INFO  com.orangehrm.base.BaseTest - Closing driver for thread 24
2026-08-18 23:06:31 [TestNG-tests-3] INFO  com.orangehrm.base.BaseTest - Closing driver for thread 26
2026-08-18 23:06:32 [TestNG-tests-2] INFO  com.orangehrm.base.BaseTest - Closing driver for thread 25
2026-08-18 23:06:33 [TestNG-tests-3] INFO  com.orangehrm.base.BaseTest - Driver started for thread 26
2026-08-18 23:06:33 [TestNG-tests-3] INFO  com.orangehrm.base.BaseTest - TC11 - verifying the sidebar menu items
2026-08-18 23:06:34 [TestNG-tests-2] INFO  com.orangehrm.base.BaseTest - Driver started for thread 25
2026-08-18 23:06:34 [TestNG-tests-2] INFO  com.orangehrm.base.BaseTest - TC07 - saving an employee without a first name
2026-08-18 23:06:35 [TestNG-tests-2] INFO  com.orangehrm.base.BaseTest - Logged in as Admin
2026-08-18 23:06:40 [TestNG-tests-2] INFO  com.orangehrm.base.BaseTest - Closing driver for thread 26
2026-08-18 23:06:44 [TestNG-tests-3] INFO  com.orangehrm.base.BaseTest - Logged in as Admin
2026-08-18 23:06:44 [TestNG-tests-2] INFO  com.orangehrm.base.BaseTest - Logged in as Admin
2026-08-18 23:06:46 [TestNG-tests-3] INFO  com.orangehrm.base.BaseTest - Closing driver for thread 26
2026-08-18 23:06:49 [TestNG-tests-2] INFO  com.orangehrm.base.BaseTest - Closing driver for thread 25
2026-08-18 23:06:51 [TestNG-tests-2] INFO  com.orangehrm.base.BaseTest - Driver started for thread 25
2026-08-18 23:06:51 [TestNG-tests-2] INFO  com.orangehrm.base.BaseTest - TC06 - opening the Add Employee page
2026-08-18 23:06:55 [TestNG-tests-2] INFO  com.orangehrm.base.BaseTest - Logged in as Admin
2026-08-18 23:06:59 [TestNG-tests-2] INFO  com.orangehrm.base.BaseTest - Closing driver for thread 25
2026-08-18 23:13:39 [TestNG-tests-2] INFO  com.orangehrm.base.BaseTest - Driver started for thread 27
2026-08-18 23:13:39 [TestNG-tests-3] INFO  com.orangehrm.base.BaseTest - Driver started for thread 28
2026-08-18 23:13:39 [TestNG-tests-1] INFO  com.orangehrm.base.BaseTest - Driver started for thread 26
2026-08-18 23:13:40 [TestNG-tests-3] INFO  com.orangehrm.base.BaseTest - TC09 - verifying the Add User form fields
2026-08-18 23:13:40 [TestNG-tests-2] INFO  com.orangehrm.base.BaseTest - TC04 - searching for existing employee: Charlotte Smith
2026-08-18 23:13:40 [TestNG-tests-1] INFO  com.orangehrm.base.BaseTest - TC03 - login with empty fields
2026-08-18 23:13:49 [TestNG-tests-2] INFO  com.orangehrm.base.BaseTest - Logged in as Admin
2026-08-18 23:13:50 [TestNG-tests-3] INFO  com.orangehrm.base.BaseTest - Logged in as Admin
2026-08-18 23:13:51 [TestNG-tests-1] INFO  com.orangehrm.base.BaseTest - Closing driver for thread 26
2026-08-18 23:13:53 [TestNG-tests-1] INFO  com.orangehrm.base.BaseTest - Driver started for thread 26
2026-08-18 23:13:53 [TestNG-tests-1] INFO  com.orangehrm.base.BaseTest - TC02 - login with invalid credentials: WrongUser
2026-08-18 23:13:56 [TestNG-tests-3] INFO  com.orangehrm.base.BaseTest - Closing driver for thread 28
2026-08-18 23:13:58 [TestNG-tests-3] INFO  com.orangehrm.base.BaseTest - Driver started for thread 28
2026-08-18 23:13:58 [TestNG-tests-3] INFO  com.orangehrm.base.BaseTest - TC10 - verifying the footer branding link
2026-08-18 23:14:02 [TestNG-tests-1] INFO  com.orangehrm.base.BaseTest - Closing driver for thread 26
2026-08-18 23:14:04 [TestNG-tests-1] INFO  com.orangehrm.base.BaseTest - Driver started for thread 26
2026-08-18 23:14:04 [TestNG-tests-1] INFO  com.orangehrm.base.BaseTest - TC02 - login with invalid credentials: Admin
2026-08-18 23:14:05 [TestNG-tests-3] INFO  com.orangehrm.base.BaseTest - Logged in as Admin
2026-08-18 23:14:09 [TestNG-tests-2] INFO  com.orangehrm.base.BaseTest - Closing driver for thread 27
2026-08-18 23:14:11 [TestNG-tests-2] INFO  com.orangehrm.base.BaseTest - Driver started for thread 27
2026-08-18 23:14:11 [TestNG-tests-2] INFO  com.orangehrm.base.BaseTest - TC05 - searching for non-existing employee: Zzqx Notreal
2026-08-18 23:14:11 [TestNG-tests-1] INFO  com.orangehrm.base.BaseTest - Closing driver for thread 26
2026-08-18 23:14:13 [TestNG-tests-1] INFO  com.orangehrm.base.BaseTest - Driver started for thread 26
2026-08-18 23:14:13 [TestNG-tests-1] INFO  com.orangehrm.base.BaseTest - TC02 - login with invalid credentials: admin!!
2026-08-18 23:14:19 [TestNG-tests-3] INFO  com.orangehrm.base.BaseTest - Closing driver for thread 28
2026-08-18 23:14:21 [TestNG-tests-3] INFO  com.orangehrm.base.BaseTest - Driver started for thread 28
2026-08-18 23:14:21 [TestNG-tests-3] INFO  com.orangehrm.base.BaseTest - TC11 - verifying the sidebar menu items
2026-08-18 23:14:22 [TestNG-tests-2] INFO  com.orangehrm.base.BaseTest - Logged in as Admin
2026-08-18 23:14:27 [TestNG-tests-1] INFO  com.orangehrm.base.BaseTest - Closing driver for thread 26
2026-08-18 23:14:29 [TestNG-tests-2] INFO  com.orangehrm.base.BaseTest - Closing driver for thread 27
2026-08-18 23:14:29 [TestNG-tests-1] INFO  com.orangehrm.base.BaseTest - Driver started for thread 26
2026-08-18 23:14:29 [TestNG-tests-1] INFO  com.orangehrm.base.BaseTest - TC01 - login with valid credentials: Admin
2026-08-18 23:14:31 [TestNG-tests-2] INFO  com.orangehrm.base.BaseTest - Driver started for thread 27
2026-08-18 23:14:31 [TestNG-tests-2] INFO  com.orangehrm.base.BaseTest - TC08 - creating employee John Doe069207
2026-08-18 23:14:31 [TestNG-tests-3] INFO  com.orangehrm.base.BaseTest - Logged in as Admin
2026-08-18 23:14:33 [TestNG-tests-3] INFO  com.orangehrm.base.BaseTest - Closing driver for thread 28
2026-08-18 23:14:46 [TestNG-tests-1] INFO  com.orangehrm.base.BaseTest - Closing driver for thread 26
2026-08-18 23:14:47 [TestNG-tests-2] INFO  com.orangehrm.base.BaseTest - Logged in as Admin
2026-08-18 23:15:14 [TestNG-tests-2] INFO  com.orangehrm.base.BaseTest - Closing driver for thread 27
2026-08-18 23:15:16 [TestNG-tests-2] INFO  com.orangehrm.base.BaseTest - Driver started for thread 27
2026-08-18 23:15:16 [TestNG-tests-2] INFO  com.orangehrm.base.BaseTest - TC07 - saving an employee without a first name
2026-08-18 23:15:21 [TestNG-tests-2] INFO  com.orangehrm.base.BaseTest - Logged in as Admin
2026-08-18 23:15:27 [TestNG-tests-2] INFO  com.orangehrm.base.BaseTest - Closing driver for thread 27
2026-08-18 23:15:28 [TestNG-tests-2] INFO  com.orangehrm.base.BaseTest - Driver started for thread 27
2026-08-18 23:15:28 [TestNG-tests-2] INFO  com.orangehrm.base.BaseTest - TC06 - opening the Add Employee page
2026-08-18 23:15:33 [TestNG-tests-2] INFO  com.orangehrm.base.BaseTest - Logged in as Admin
2026-08-18 23:15:37 [TestNG-tests-2] INFO  com.orangehrm.base.BaseTest - Closing driver for thread 27
2026-08-18 23:19:09 [TestNG-tests-3] INFO  com.orangehrm.base.BaseTest - Driver started for thread 27
2026-08-18 23:19:09 [TestNG-tests-1] INFO  com.orangehrm.base.BaseTest - Driver started for thread 25
2026-08-18 23:19:09 [TestNG-tests-2] INFO  com.orangehrm.base.BaseTest - Driver started for thread 26
2026-08-18 23:19:09 [TestNG-tests-2] INFO  com.orangehrm.base.BaseTest - TC04 - searching for existing employee: Charlotte Smith
2026-08-18 23:19:09 [TestNG-tests-1] INFO  com.orangehrm.base.BaseTest - TC03 - login with empty fields
2026-08-18 23:19:09 [TestNG-tests-3] INFO  com.orangehrm.base.BaseTest - TC09 - verifying the Add User form fields
2026-08-18 23:19:17 [TestNG-tests-3] INFO  com.orangehrm.base.BaseTest - Logged in as Admin
2026-08-18 23:19:19 [TestNG-tests-1] INFO  com.orangehrm.base.BaseTest - Closing driver for thread 25
2026-08-18 23:19:21 [TestNG-tests-1] INFO  com.orangehrm.base.BaseTest - Driver started for thread 25
2026-08-18 23:19:21 [TestNG-tests-1] INFO  com.orangehrm.base.BaseTest - TC02 - login with invalid credentials: WrongUser
2026-08-18 23:19:21 [TestNG-tests-2] ERROR com.orangehrm.listeners.RetryAnalyzer - Test 'testSearchExistingEmployee' failed. Retry attempt 1 of 2
2026-08-18 23:19:22 [TestNG-tests-2] INFO  com.orangehrm.base.BaseTest - Closing driver for thread 26
2026-08-18 23:19:23 [TestNG-tests-3] INFO  com.orangehrm.base.BaseTest - Closing driver for thread 27
2026-08-18 23:19:23 [TestNG-tests-2] INFO  com.orangehrm.base.BaseTest - Driver started for thread 26
2026-08-18 23:19:23 [TestNG-tests-2] INFO  com.orangehrm.base.BaseTest - TC04 - searching for existing employee: Charlotte Smith
2026-08-18 23:19:25 [TestNG-tests-3] INFO  com.orangehrm.base.BaseTest - Driver started for thread 27
2026-08-18 23:19:25 [TestNG-tests-3] INFO  com.orangehrm.base.BaseTest - TC10 - verifying the footer branding link
2026-08-18 23:19:29 [TestNG-tests-1] INFO  com.orangehrm.base.BaseTest - Closing driver for thread 25
2026-08-18 23:19:30 [TestNG-tests-2] INFO  com.orangehrm.base.BaseTest - Logged in as Admin
2026-08-18 23:19:31 [TestNG-tests-1] INFO  com.orangehrm.base.BaseTest - Driver started for thread 25
2026-08-18 23:19:31 [TestNG-tests-1] INFO  com.orangehrm.base.BaseTest - TC02 - login with invalid credentials: Admin
2026-08-18 23:19:34 [TestNG-tests-3] INFO  com.orangehrm.base.BaseTest - Logged in as Admin
2026-08-18 23:19:42 [TestNG-tests-1] INFO  com.orangehrm.base.BaseTest - Closing driver for thread 25
2026-08-18 23:19:44 [TestNG-tests-1] INFO  com.orangehrm.base.BaseTest - Driver started for thread 25
2026-08-18 23:19:44 [TestNG-tests-1] INFO  com.orangehrm.base.BaseTest - TC02 - login with invalid credentials: admin!!
2026-08-18 23:19:46 [TestNG-tests-2] INFO  com.orangehrm.base.BaseTest - Closing driver for thread 26
2026-08-18 23:19:48 [TestNG-tests-2] INFO  com.orangehrm.base.BaseTest - Driver started for thread 26
2026-08-18 23:19:48 [TestNG-tests-2] INFO  com.orangehrm.base.BaseTest - TC05 - searching for non-existing employee: Zzqx Notreal
2026-08-18 23:19:51 [TestNG-tests-3] INFO  com.orangehrm.base.BaseTest - Closing driver for thread 27
2026-08-18 23:19:53 [TestNG-tests-3] INFO  com.orangehrm.base.BaseTest - Driver started for thread 27
2026-08-18 23:19:53 [TestNG-tests-3] INFO  com.orangehrm.base.BaseTest - TC11 - verifying the sidebar menu items
2026-08-18 23:19:59 [TestNG-tests-2] INFO  com.orangehrm.base.BaseTest - Logged in as Admin
2026-08-18 23:20:01 [TestNG-tests-1] INFO  com.orangehrm.base.BaseTest - Closing driver for thread 25
2026-08-18 23:20:02 [TestNG-tests-1] INFO  com.orangehrm.base.BaseTest - Driver started for thread 25
2026-08-18 23:20:02 [TestNG-tests-1] INFO  com.orangehrm.base.BaseTest - TC01 - login with valid credentials: Admin
2026-08-18 23:20:06 [TestNG-tests-3] INFO  com.orangehrm.base.BaseTest - Logged in as Admin
2026-08-18 23:20:07 [TestNG-tests-2] INFO  com.orangehrm.base.BaseTest - Closing driver for thread 26
2026-08-18 23:20:08 [TestNG-tests-3] INFO  com.orangehrm.base.BaseTest - Closing driver for thread 27
2026-08-18 23:20:09 [TestNG-tests-2] INFO  com.orangehrm.base.BaseTest - Driver started for thread 26
2026-08-18 23:20:09 [TestNG-tests-2] INFO  com.orangehrm.base.BaseTest - TC08 - creating employee John Doe407920
2026-08-18 23:20:12 [TestNG-tests-1] INFO  com.orangehrm.base.BaseTest - Closing driver for thread 25
2026-08-18 23:20:14 [TestNG-tests-2] INFO  com.orangehrm.base.BaseTest - Logged in as Admin
2026-08-18 23:20:37 [TestNG-tests-2] INFO  com.orangehrm.base.BaseTest - Closing driver for thread 26
2026-08-18 23:20:39 [TestNG-tests-2] INFO  com.orangehrm.base.BaseTest - Driver started for thread 26
2026-08-18 23:20:39 [TestNG-tests-2] INFO  com.orangehrm.base.BaseTest - TC07 - saving an employee without a first name
2026-08-18 23:20:43 [TestNG-tests-2] INFO  com.orangehrm.base.BaseTest - Logged in as Admin
2026-08-18 23:20:48 [TestNG-tests-2] INFO  com.orangehrm.base.BaseTest - Closing driver for thread 26
2026-08-18 23:20:49 [TestNG-tests-2] INFO  com.orangehrm.base.BaseTest - Driver started for thread 26
2026-08-18 23:20:49 [TestNG-tests-2] INFO  com.orangehrm.base.BaseTest - TC06 - opening the Add Employee page
2026-08-18 23:20:53 [TestNG-tests-2] INFO  com.orangehrm.base.BaseTest - Logged in as Admin
2026-08-18 23:21:00 [TestNG-tests-2] INFO  com.orangehrm.base.BaseTest - Closing driver for thread 26
2026-08-18 23:31:43 [TestNG-tests-1] INFO  com.orangehrm.base.BaseTest - Driver started for thread 24
2026-08-18 23:31:43 [TestNG-tests-3] INFO  com.orangehrm.base.BaseTest - Driver started for thread 26
2026-08-18 23:31:43 [TestNG-tests-2] INFO  com.orangehrm.base.BaseTest - Driver started for thread 25
2026-08-18 23:31:44 [TestNG-tests-3] INFO  com.orangehrm.base.BaseTest - TC09 - verifying the Add User form fields
2026-08-18 23:31:44 [TestNG-tests-1] INFO  com.orangehrm.base.BaseTest - TC03 - login with empty fields
2026-08-18 23:31:44 [TestNG-tests-2] INFO  com.orangehrm.base.BaseTest - TC04 - searching for existing employee: Charlotte Smith
2026-08-18 23:31:52 [TestNG-tests-2] INFO  com.orangehrm.base.BaseTest - Logged in as Admin
2026-08-18 23:31:55 [TestNG-tests-3] INFO  com.orangehrm.base.BaseTest - Logged in as Admin
2026-08-18 23:31:56 [TestNG-tests-1] INFO  com.orangehrm.base.BaseTest - Closing driver for thread 24
2026-08-18 23:31:58 [TestNG-tests-1] INFO  com.orangehrm.base.BaseTest - Driver started for thread 24
2026-08-18 23:31:58 [TestNG-tests-1] INFO  com.orangehrm.base.BaseTest - TC02 - login with invalid credentials: WrongUser
2026-08-18 23:32:02 [TestNG-tests-3] INFO  com.orangehrm.base.BaseTest - Closing driver for thread 26
2026-08-18 23:32:03 [TestNG-tests-3] INFO  com.orangehrm.base.BaseTest - Driver started for thread 26
2026-08-18 23:32:03 [TestNG-tests-3] INFO  com.orangehrm.base.BaseTest - TC10 - verifying the footer branding link
2026-08-18 23:32:11 [TestNG-tests-2] INFO  com.orangehrm.base.BaseTest - Closing driver for thread 25
2026-08-18 23:32:12 [TestNG-tests-2] INFO  com.orangehrm.base.BaseTest - Driver started for thread 25
2026-08-18 23:32:12 [TestNG-tests-2] INFO  com.orangehrm.base.BaseTest - TC05 - searching for non-existing employee: Zzqx Notreal
2026-08-18 23:32:19 [TestNG-tests-1] INFO  com.orangehrm.base.BaseTest - Closing driver for thread 24
2026-08-18 23:32:21 [TestNG-tests-3] INFO  com.orangehrm.base.BaseTest - Logged in as Admin
2026-08-18 23:32:21 [TestNG-tests-1] INFO  com.orangehrm.base.BaseTest - Driver started for thread 24
2026-08-18 23:32:21 [TestNG-tests-1] INFO  com.orangehrm.base.BaseTest - TC01 - login with valid credentials: Admin
2026-08-18 23:32:25 [TestNG-tests-2] INFO  com.orangehrm.base.BaseTest - Logged in as Admin
2026-08-18 23:32:37 [TestNG-tests-2] INFO  com.orangehrm.base.BaseTest - Closing driver for thread 25
2026-08-18 23:32:39 [TestNG-tests-2] INFO  com.orangehrm.base.BaseTest - Driver started for thread 25
2026-08-18 23:32:39 [TestNG-tests-2] INFO  com.orangehrm.base.BaseTest - TC08 - creating employee John Doe157646
2026-08-18 23:32:39 [TestNG-tests-1] INFO  com.orangehrm.base.BaseTest - Closing driver for thread 24
2026-08-18 23:32:41 [TestNG-tests-3] INFO  com.orangehrm.base.BaseTest - Closing driver for thread 26
2026-08-18 23:32:43 [TestNG-tests-3] INFO  com.orangehrm.base.BaseTest - Driver started for thread 26
2026-08-18 23:32:43 [TestNG-tests-3] INFO  com.orangehrm.base.BaseTest - TC11 - verifying the sidebar menu items
2026-08-18 23:32:44 [TestNG-tests-2] INFO  com.orangehrm.base.BaseTest - Logged in as Admin
2026-08-18 23:32:48 [TestNG-tests-3] INFO  com.orangehrm.base.BaseTest - Logged in as Admin
2026-08-18 23:32:50 [TestNG-tests-3] INFO  com.orangehrm.base.BaseTest - Closing driver for thread 26
2026-08-18 23:33:08 [TestNG-tests-2] INFO  com.orangehrm.base.BaseTest - Closing driver for thread 25
2026-08-18 23:33:09 [TestNG-tests-2] INFO  com.orangehrm.base.BaseTest - Driver started for thread 25
2026-08-18 23:33:09 [TestNG-tests-2] INFO  com.orangehrm.base.BaseTest - TC07 - saving an employee without a first name
2026-08-18 23:33:13 [TestNG-tests-2] INFO  com.orangehrm.base.BaseTest - Logged in as Admin
2026-08-18 23:33:19 [TestNG-tests-2] INFO  com.orangehrm.base.BaseTest - Closing driver for thread 25
2026-08-18 23:33:20 [TestNG-tests-2] INFO  com.orangehrm.base.BaseTest - Driver started for thread 25
2026-08-18 23:33:20 [TestNG-tests-2] INFO  com.orangehrm.base.BaseTest - TC06 - opening the Add Employee page
2026-08-18 23:33:24 [TestNG-tests-2] INFO  com.orangehrm.base.BaseTest - Logged in as Admin
2026-08-18 23:33:28 [TestNG-tests-2] INFO  com.orangehrm.base.BaseTest - Closing driver for thread 25
2026-08-18 23:39:23 [main] INFO  com.orangehrm.base.BaseTest - Driver started for thread 1
2026-08-18 23:39:23 [main] INFO  com.orangehrm.base.BaseTest - TC03 - login with empty fields
2026-08-18 23:39:27 [main] INFO  com.orangehrm.base.BaseTest - Closing driver for thread 1
2026-08-18 23:39:30 [main] INFO  com.orangehrm.base.BaseTest - Driver started for thread 1
2026-08-18 23:39:30 [main] INFO  com.orangehrm.base.BaseTest - TC02 - login with invalid credentials: WrongUser
2026-08-18 23:39:35 [main] INFO  com.orangehrm.base.BaseTest - Closing driver for thread 1
2026-08-18 23:39:36 [main] INFO  com.orangehrm.base.BaseTest - Driver started for thread 1
2026-08-18 23:39:36 [main] INFO  com.orangehrm.base.BaseTest - TC01 - login with valid credentials: Admin
2026-08-18 23:39:42 [main] INFO  com.orangehrm.base.BaseTest - Closing driver for thread 1
2026-08-18 23:41:37 [TestNG-tests-2] INFO  com.orangehrm.base.BaseTest - Driver started for thread 26
2026-08-18 23:41:37 [TestNG-tests-3] INFO  com.orangehrm.base.BaseTest - Driver started for thread 27
2026-08-18 23:41:37 [TestNG-tests-1] INFO  com.orangehrm.base.BaseTest - Driver started for thread 25
2026-08-18 23:41:37 [TestNG-tests-3] INFO  com.orangehrm.base.BaseTest - TC09 - verifying the Add User form fields
2026-08-18 23:41:37 [TestNG-tests-1] INFO  com.orangehrm.base.BaseTest - TC03 - login with empty fields
2026-08-18 23:41:37 [TestNG-tests-2] INFO  com.orangehrm.base.BaseTest - TC04 - searching for existing employee: Charlotte Smith
2026-08-18 23:41:45 [TestNG-tests-3] INFO  com.orangehrm.base.BaseTest - Logged in as Admin
2026-08-18 23:41:48 [TestNG-tests-2] ERROR com.orangehrm.listeners.RetryAnalyzer - Test 'testSearchExistingEmployee' failed. Retry attempt 1 of 2
2026-08-18 23:41:48 [TestNG-tests-2] INFO  com.orangehrm.base.BaseTest - Closing driver for thread 26
2026-08-18 23:41:48 [TestNG-tests-1] INFO  com.orangehrm.base.BaseTest - Closing driver for thread 25
2026-08-18 23:41:51 [TestNG-tests-1] INFO  com.orangehrm.base.BaseTest - Driver started for thread 25
2026-08-18 23:41:51 [TestNG-tests-1] INFO  com.orangehrm.base.BaseTest - TC02 - login with invalid credentials: WrongUser
2026-08-18 23:41:51 [TestNG-tests-2] INFO  com.orangehrm.base.BaseTest - Driver started for thread 26
2026-08-18 23:41:51 [TestNG-tests-2] INFO  com.orangehrm.base.BaseTest - TC04 - searching for existing employee: Charlotte Smith
2026-08-18 23:41:52 [TestNG-tests-3] INFO  com.orangehrm.base.BaseTest - Closing driver for thread 27
2026-08-18 23:41:54 [TestNG-tests-3] INFO  com.orangehrm.base.BaseTest - Driver started for thread 27
2026-08-18 23:41:54 [TestNG-tests-3] INFO  com.orangehrm.base.BaseTest - TC10 - verifying the footer branding link
2026-08-18 23:41:58 [TestNG-tests-1] INFO  com.orangehrm.base.BaseTest - Closing driver for thread 25
2026-08-18 23:42:00 [TestNG-tests-1] INFO  com.orangehrm.base.BaseTest - Driver started for thread 25
2026-08-18 23:42:00 [TestNG-tests-1] INFO  com.orangehrm.base.BaseTest - TC01 - login with valid credentials: Admin
2026-08-18 23:42:00 [TestNG-tests-2] INFO  com.orangehrm.base.BaseTest - Logged in as Admin
2026-08-18 23:42:03 [TestNG-tests-3] INFO  com.orangehrm.base.BaseTest - Logged in as Admin
2026-08-18 23:42:13 [TestNG-tests-1] INFO  com.orangehrm.base.BaseTest - Closing driver for thread 25
2026-08-18 23:42:17 [TestNG-tests-2] INFO  com.orangehrm.base.BaseTest - Closing driver for thread 26
2026-08-18 23:42:18 [TestNG-tests-3] INFO  com.orangehrm.base.BaseTest - Closing driver for thread 27
2026-08-18 23:42:19 [TestNG-tests-2] INFO  com.orangehrm.base.BaseTest - Driver started for thread 26
2026-08-18 23:42:19 [TestNG-tests-2] INFO  com.orangehrm.base.BaseTest - TC05 - searching for non-existing employee: Zzqx Notreal
2026-08-18 23:42:20 [TestNG-tests-3] INFO  com.orangehrm.base.BaseTest - Driver started for thread 27
2026-08-18 23:42:20 [TestNG-tests-3] INFO  com.orangehrm.base.BaseTest - TC11 - verifying the sidebar menu items
2026-08-18 23:42:23 [TestNG-tests-2] INFO  com.orangehrm.base.BaseTest - Logged in as Admin
2026-08-18 23:42:27 [TestNG-tests-3] INFO  com.orangehrm.base.BaseTest - Logged in as Admin
2026-08-18 23:42:28 [TestNG-tests-2] INFO  com.orangehrm.base.BaseTest - Closing driver for thread 26
2026-08-18 23:42:29 [TestNG-tests-3] INFO  com.orangehrm.base.BaseTest - Closing driver for thread 27
2026-08-18 23:42:30 [TestNG-tests-2] INFO  com.orangehrm.base.BaseTest - Driver started for thread 26
2026-08-18 23:42:30 [TestNG-tests-2] INFO  com.orangehrm.base.BaseTest - TC08 - creating employee John Doe748527
2026-08-18 23:42:34 [TestNG-tests-2] INFO  com.orangehrm.base.BaseTest - Logged in as Admin
2026-08-18 23:42:56 [TestNG-tests-2] INFO  com.orangehrm.base.BaseTest - Closing driver for thread 26
2026-08-18 23:42:58 [TestNG-tests-2] INFO  com.orangehrm.base.BaseTest - Driver started for thread 26
2026-08-18 23:42:58 [TestNG-tests-2] INFO  com.orangehrm.base.BaseTest - TC07 - saving an employee without a first name
2026-08-18 23:43:02 [TestNG-tests-2] INFO  com.orangehrm.base.BaseTest - Logged in as Admin
2026-08-18 23:43:07 [TestNG-tests-2] INFO  com.orangehrm.base.BaseTest - Closing driver for thread 26
2026-08-18 23:43:09 [TestNG-tests-2] INFO  com.orangehrm.base.BaseTest - Driver started for thread 26
2026-08-18 23:43:09 [TestNG-tests-2] INFO  com.orangehrm.base.BaseTest - TC06 - opening the Add Employee page
2026-08-18 23:43:13 [TestNG-tests-2] INFO  com.orangehrm.base.BaseTest - Logged in as Admin
2026-08-18 23:43:17 [TestNG-tests-2] INFO  com.orangehrm.base.BaseTest - Closing driver for thread 26
2026-08-25 21:40:08 [TestNG-tests-3] INFO  com.orangehrm.base.BaseTest - Driver started for thread 27
2026-08-25 21:40:08 [TestNG-tests-3] INFO  com.orangehrm.base.BaseTest - TC09 - verifying the Add User form fields
2026-08-25 21:40:11 [TestNG-tests-2] INFO  com.orangehrm.base.BaseTest - Driver started for thread 26
2026-08-25 21:40:11 [TestNG-tests-2] INFO  com.orangehrm.base.BaseTest - TC04 - searching for existing employee: Charlotte Smith
2026-08-25 21:40:12 [TestNG-tests-1] INFO  com.orangehrm.base.BaseTest - Driver started for thread 25
2026-08-25 21:40:12 [TestNG-tests-1] INFO  com.orangehrm.base.BaseTest - TC03 - login with empty fields
2026-08-25 21:40:14 [TestNG-tests-3] INFO  com.orangehrm.base.BaseTest - Logged in as Admin
2026-08-25 21:40:20 [TestNG-tests-1] INFO  com.orangehrm.base.BaseTest - Closing driver for thread 25
2026-08-25 21:40:22 [TestNG-tests-1] INFO  com.orangehrm.base.BaseTest - Driver started for thread 25
2026-08-25 21:40:22 [TestNG-tests-1] INFO  com.orangehrm.base.BaseTest - TC02 - login with invalid credentials: WrongUser
2026-08-25 21:40:24 [TestNG-tests-3] INFO  com.orangehrm.base.BaseTest - Closing driver for thread 27
2026-08-25 21:40:25 [TestNG-tests-2] INFO  com.orangehrm.base.BaseTest - Logged in as Admin
2026-08-25 21:40:25 [TestNG-tests-3] INFO  com.orangehrm.base.BaseTest - Driver started for thread 27
2026-08-25 21:40:25 [TestNG-tests-3] INFO  com.orangehrm.base.BaseTest - TC10 - verifying the footer branding link
2026-08-25 21:40:33 [TestNG-tests-1] INFO  com.orangehrm.base.BaseTest - Closing driver for thread 25
2026-08-25 21:40:34 [TestNG-tests-1] INFO  com.orangehrm.base.BaseTest - Driver started for thread 25
2026-08-25 21:40:34 [TestNG-tests-1] INFO  com.orangehrm.base.BaseTest - TC01 - login with valid credentials: Admin
2026-08-25 21:40:36 [TestNG-tests-3] INFO  com.orangehrm.base.BaseTest - Logged in as Admin
2026-08-25 21:40:41 [TestNG-tests-2] INFO  com.orangehrm.base.BaseTest - Closing driver for thread 26
2026-08-25 21:40:43 [TestNG-tests-2] INFO  com.orangehrm.base.BaseTest - Driver started for thread 26
2026-08-25 21:40:43 [TestNG-tests-2] INFO  com.orangehrm.base.BaseTest - TC05 - searching for non-existing employee: Zzqx Notreal
2026-08-25 21:40:49 [TestNG-tests-1] INFO  com.orangehrm.base.BaseTest - Closing driver for thread 25
2026-08-25 21:40:55 [TestNG-tests-2] INFO  com.orangehrm.base.BaseTest - Logged in as Admin
2026-08-25 21:41:04 [TestNG-tests-3] INFO  com.orangehrm.base.BaseTest - Closing driver for thread 27
2026-08-25 21:41:06 [TestNG-tests-3] INFO  com.orangehrm.base.BaseTest - Driver started for thread 27
2026-08-25 21:41:06 [TestNG-tests-3] INFO  com.orangehrm.base.BaseTest - TC11 - verifying the sidebar menu items
2026-08-25 21:41:08 [TestNG-tests-2] INFO  com.orangehrm.base.BaseTest - Closing driver for thread 26
2026-08-25 21:41:10 [TestNG-tests-2] INFO  com.orangehrm.base.BaseTest - Driver started for thread 26
2026-08-25 21:41:10 [TestNG-tests-2] INFO  com.orangehrm.base.BaseTest - TC08 - creating employee John Doe268547
2026-08-25 21:41:10 [TestNG-tests-3] INFO  com.orangehrm.base.BaseTest - Logged in as Admin
2026-08-25 21:41:12 [TestNG-tests-3] INFO  com.orangehrm.base.BaseTest - Closing driver for thread 27
2026-08-25 21:41:15 [TestNG-tests-2] INFO  com.orangehrm.base.BaseTest - Logged in as Admin
2026-08-25 21:41:30 [TestNG-tests-2] ERROR com.orangehrm.listeners.RetryAnalyzer - Test 'testAddEmployeeEndToEnd' failed. Retry attempt 1 of 2
2026-08-25 21:41:30 [TestNG-tests-2] INFO  com.orangehrm.base.BaseTest - Closing driver for thread 26
2026-08-25 21:41:32 [TestNG-tests-2] INFO  com.orangehrm.base.BaseTest - Driver started for thread 26
2026-08-25 21:41:32 [TestNG-tests-2] INFO  com.orangehrm.base.BaseTest - TC08 - creating employee John Doe268547
2026-08-25 21:41:36 [TestNG-tests-2] INFO  com.orangehrm.base.BaseTest - Logged in as Admin
2026-08-25 21:41:51 [TestNG-tests-2] ERROR com.orangehrm.listeners.RetryAnalyzer - Test 'testAddEmployeeEndToEnd' failed. Retry attempt 2 of 2
2026-08-25 21:41:51 [TestNG-tests-2] INFO  com.orangehrm.base.BaseTest - Closing driver for thread 26
2026-08-25 21:41:53 [TestNG-tests-2] INFO  com.orangehrm.base.BaseTest - Driver started for thread 26
2026-08-25 21:41:53 [TestNG-tests-2] INFO  com.orangehrm.base.BaseTest - TC08 - creating employee John Doe268547
2026-08-25 21:41:57 [TestNG-tests-2] INFO  com.orangehrm.base.BaseTest - Logged in as Admin
2026-08-25 21:42:12 [TestNG-tests-2] INFO  com.orangehrm.base.BaseTest - Closing driver for thread 26
2026-08-25 21:42:14 [TestNG-tests-2] INFO  com.orangehrm.base.BaseTest - Driver started for thread 26
2026-08-25 21:42:14 [TestNG-tests-2] INFO  com.orangehrm.base.BaseTest - TC07 - saving an employee without a first name
2026-08-25 21:42:18 [TestNG-tests-2] INFO  com.orangehrm.base.BaseTest - Logged in as Admin
2026-08-25 21:42:24 [TestNG-tests-2] INFO  com.orangehrm.base.BaseTest - Closing driver for thread 26
2026-08-25 21:42:26 [TestNG-tests-2] INFO  com.orangehrm.base.BaseTest - Driver started for thread 26
2026-08-25 21:42:26 [TestNG-tests-2] INFO  com.orangehrm.base.BaseTest - TC06 - opening the Add Employee page
2026-08-25 21:42:30 [TestNG-tests-2] INFO  com.orangehrm.base.BaseTest - Logged in as Admin
2026-08-25 21:42:35 [TestNG-tests-2] INFO  com.orangehrm.base.BaseTest - Closing driver for thread 26
2026-08-25 21:50:06 [TestNG-tests-3] INFO  com.orangehrm.base.BaseTest - Driver started for thread 26
2026-08-25 21:50:06 [TestNG-tests-3] INFO  com.orangehrm.base.BaseTest - TC09 - verifying the Add User form fields
2026-08-25 21:50:06 [TestNG-tests-2] INFO  com.orangehrm.base.BaseTest - Driver started for thread 25
2026-08-25 21:50:06 [TestNG-tests-2] INFO  com.orangehrm.base.BaseTest - TC04 - searching for existing employee: Charlotte Smith
2026-08-25 21:50:06 [TestNG-tests-1] INFO  com.orangehrm.base.BaseTest - Driver started for thread 24
2026-08-25 21:50:06 [TestNG-tests-1] INFO  com.orangehrm.base.BaseTest - TC03 - login with empty fields
2026-08-25 21:50:15 [TestNG-tests-3] INFO  com.orangehrm.base.BaseTest - Logged in as Admin
2026-08-25 21:50:18 [TestNG-tests-2] INFO  com.orangehrm.base.BaseTest - Logged in as Admin
2026-08-25 21:50:19 [TestNG-tests-1] INFO  com.orangehrm.base.BaseTest - Closing driver for thread 24
2026-08-25 21:50:21 [TestNG-tests-1] INFO  com.orangehrm.base.BaseTest - Driver started for thread 24
2026-08-25 21:50:21 [TestNG-tests-1] INFO  com.orangehrm.base.BaseTest - TC02 - login with invalid credentials: WrongUser
2026-08-25 21:50:29 [TestNG-tests-3] INFO  com.orangehrm.base.BaseTest - Closing driver for thread 26
2026-08-25 21:50:31 [TestNG-tests-3] INFO  com.orangehrm.base.BaseTest - Driver started for thread 26
2026-08-25 21:50:31 [TestNG-tests-3] INFO  com.orangehrm.base.BaseTest - TC10 - verifying the footer branding link
2026-08-25 21:50:36 [TestNG-tests-1] INFO  com.orangehrm.base.BaseTest - Closing driver for thread 24
2026-08-25 21:50:38 [TestNG-tests-1] INFO  com.orangehrm.base.BaseTest - Driver started for thread 24
2026-08-25 21:50:38 [TestNG-tests-1] INFO  com.orangehrm.base.BaseTest - TC01 - login with valid credentials: Admin
2026-08-25 21:50:40 [TestNG-tests-3] INFO  com.orangehrm.base.BaseTest - Logged in as Admin
2026-08-25 21:50:43 [TestNG-tests-2] INFO  com.orangehrm.base.BaseTest - Closing driver for thread 25
2026-08-25 21:50:44 [TestNG-tests-2] INFO  com.orangehrm.base.BaseTest - Driver started for thread 25
2026-08-25 21:50:44 [TestNG-tests-2] INFO  com.orangehrm.base.BaseTest - TC05 - searching for non-existing employee: Zzqx Notreal
2026-08-25 21:50:47 [TestNG-tests-1] INFO  com.orangehrm.base.BaseTest - Closing driver for thread 24
2026-08-25 21:50:55 [TestNG-tests-3] INFO  com.orangehrm.base.BaseTest - Closing driver for thread 26
2026-08-25 21:50:56 [TestNG-tests-2] INFO  com.orangehrm.base.BaseTest - Logged in as Admin
2026-08-25 21:50:57 [TestNG-tests-3] INFO  com.orangehrm.base.BaseTest - Driver started for thread 26
2026-08-25 21:50:57 [TestNG-tests-3] INFO  com.orangehrm.base.BaseTest - TC11 - verifying the sidebar menu items
2026-08-25 21:51:02 [TestNG-tests-2] INFO  com.orangehrm.base.BaseTest - Closing driver for thread 25
2026-08-25 21:51:04 [TestNG-tests-2] INFO  com.orangehrm.base.BaseTest - Driver started for thread 25
2026-08-25 21:51:04 [TestNG-tests-2] INFO  com.orangehrm.base.BaseTest - TC08 - creating employee John Doe862894
2026-08-25 21:51:04 [TestNG-tests-3] INFO  com.orangehrm.base.BaseTest - Logged in as Admin
2026-08-25 21:51:06 [TestNG-tests-3] INFO  com.orangehrm.base.BaseTest - Closing driver for thread 26
2026-08-25 21:51:11 [TestNG-tests-2] INFO  com.orangehrm.base.BaseTest - Logged in as Admin
2026-08-25 21:51:34 [TestNG-tests-2] INFO  com.orangehrm.base.BaseTest - Closing driver for thread 25
2026-08-25 21:51:35 [TestNG-tests-2] INFO  com.orangehrm.base.BaseTest - Driver started for thread 25
2026-08-25 21:51:35 [TestNG-tests-2] INFO  com.orangehrm.base.BaseTest - TC07 - saving an employee without a first name
2026-08-25 21:51:39 [TestNG-tests-2] INFO  com.orangehrm.base.BaseTest - Logged in as Admin
2026-08-25 21:51:45 [TestNG-tests-2] INFO  com.orangehrm.base.BaseTest - Closing driver for thread 25
2026-08-25 21:51:46 [TestNG-tests-2] INFO  com.orangehrm.base.BaseTest - Driver started for thread 25
2026-08-25 21:51:46 [TestNG-tests-2] INFO  com.orangehrm.base.BaseTest - TC06 - opening the Add Employee page
2026-08-25 21:51:50 [TestNG-tests-2] INFO  com.orangehrm.base.BaseTest - Logged in as Admin
2026-08-25 21:51:55 [TestNG-tests-2] INFO  com.orangehrm.base.BaseTest - Closing driver for thread 25
2026-08-25 21:56:50 [TestNG-tests-3] INFO  com.orangehrm.base.BaseTest - Driver started for thread 26
2026-08-25 21:56:50 [TestNG-tests-2] INFO  com.orangehrm.base.BaseTest - Driver started for thread 25
2026-08-25 21:56:50 [TestNG-tests-1] INFO  com.orangehrm.base.BaseTest - Driver started for thread 24
2026-08-25 21:56:50 [TestNG-tests-3] INFO  com.orangehrm.base.BaseTest - TC09 - verifying the Add User form fields
2026-08-25 21:56:50 [TestNG-tests-2] INFO  com.orangehrm.base.BaseTest - TC04 - searching for existing employee: Charlotte Smith
2026-08-25 21:56:50 [TestNG-tests-1] INFO  com.orangehrm.base.BaseTest - TC03 - login with empty fields
2026-08-25 21:57:00 [TestNG-tests-3] INFO  com.orangehrm.base.BaseTest - Logged in as Admin
2026-08-25 21:57:02 [TestNG-tests-2] ERROR com.orangehrm.listeners.RetryAnalyzer - Test 'testSearchExistingEmployee' failed. Retry attempt 1 of 2
2026-08-25 21:57:02 [TestNG-tests-2] INFO  com.orangehrm.base.BaseTest - Closing driver for thread 25
2026-08-25 21:57:05 [TestNG-tests-2] INFO  com.orangehrm.base.BaseTest - Driver started for thread 25
2026-08-25 21:57:05 [TestNG-tests-2] INFO  com.orangehrm.base.BaseTest - TC04 - searching for existing employee: Charlotte Smith
2026-08-25 21:57:06 [TestNG-tests-1] INFO  com.orangehrm.base.BaseTest - Closing driver for thread 24
2026-08-25 21:57:08 [TestNG-tests-1] INFO  com.orangehrm.base.BaseTest - Driver started for thread 24
2026-08-25 21:57:08 [TestNG-tests-1] INFO  com.orangehrm.base.BaseTest - TC02 - login with invalid credentials: WrongUser
2026-08-25 21:57:08 [TestNG-tests-3] INFO  com.orangehrm.base.BaseTest - Closing driver for thread 26
2026-08-25 21:57:10 [TestNG-tests-3] INFO  com.orangehrm.base.BaseTest - Driver started for thread 26
2026-08-25 21:57:10 [TestNG-tests-3] INFO  com.orangehrm.base.BaseTest - TC10 - verifying the footer branding link
2026-08-25 21:57:14 [TestNG-tests-2] INFO  com.orangehrm.base.BaseTest - Logged in as Admin
2026-08-25 21:57:23 [TestNG-tests-1] INFO  com.orangehrm.base.BaseTest - Closing driver for thread 24
2026-08-25 21:57:23 [TestNG-tests-3] INFO  com.orangehrm.base.BaseTest - Logged in as Admin
2026-08-25 21:57:25 [TestNG-tests-1] INFO  com.orangehrm.base.BaseTest - Driver started for thread 24
2026-08-25 21:57:25 [TestNG-tests-1] INFO  com.orangehrm.base.BaseTest - TC01 - login with valid credentials: Admin
2026-08-25 21:57:36 [TestNG-tests-2] INFO  com.orangehrm.base.BaseTest - Closing driver for thread 25
2026-08-25 21:57:37 [TestNG-tests-1] INFO  com.orangehrm.base.BaseTest - Closing driver for thread 24
2026-08-25 21:57:37 [TestNG-tests-2] INFO  com.orangehrm.base.BaseTest - Driver started for thread 25
2026-08-25 21:57:37 [TestNG-tests-2] INFO  com.orangehrm.base.BaseTest - TC05 - searching for non-existing employee: Zzqx Notreal
2026-08-25 21:57:38 [TestNG-tests-3] INFO  com.orangehrm.base.BaseTest - Closing driver for thread 26
2026-08-25 21:57:40 [TestNG-tests-3] INFO  com.orangehrm.base.BaseTest - Driver started for thread 26
2026-08-25 21:57:40 [TestNG-tests-3] INFO  com.orangehrm.base.BaseTest - TC11 - verifying the sidebar menu items
2026-08-25 21:57:42 [TestNG-tests-2] INFO  com.orangehrm.base.BaseTest - Logged in as Admin
2026-08-25 21:57:46 [TestNG-tests-3] INFO  com.orangehrm.base.BaseTest - Logged in as Admin
2026-08-25 21:57:47 [TestNG-tests-2] INFO  com.orangehrm.base.BaseTest - Closing driver for thread 25
2026-08-25 21:57:48 [TestNG-tests-3] INFO  com.orangehrm.base.BaseTest - Closing driver for thread 26
2026-08-25 21:57:49 [TestNG-tests-2] INFO  com.orangehrm.base.BaseTest - Driver started for thread 25
2026-08-25 21:57:49 [TestNG-tests-2] INFO  com.orangehrm.base.BaseTest - TC08 - creating employee John Doe267916
2026-08-25 21:57:54 [TestNG-tests-2] INFO  com.orangehrm.base.BaseTest - Logged in as Admin
2026-08-25 21:58:17 [TestNG-tests-2] INFO  com.orangehrm.base.BaseTest - Closing driver for thread 25
2026-08-25 21:58:18 [TestNG-tests-2] INFO  com.orangehrm.base.BaseTest - Driver started for thread 25
2026-08-25 21:58:18 [TestNG-tests-2] INFO  com.orangehrm.base.BaseTest - TC07 - saving an employee without a first name
2026-08-25 21:58:23 [TestNG-tests-2] INFO  com.orangehrm.base.BaseTest - Logged in as Admin
2026-08-25 21:58:28 [TestNG-tests-2] INFO  com.orangehrm.base.BaseTest - Closing driver for thread 25
2026-08-25 21:58:30 [TestNG-tests-2] INFO  com.orangehrm.base.BaseTest - Driver started for thread 25
2026-08-25 21:58:30 [TestNG-tests-2] INFO  com.orangehrm.base.BaseTest - TC06 - opening the Add Employee page
2026-08-25 21:58:33 [TestNG-tests-2] INFO  com.orangehrm.base.BaseTest - Logged in as Admin
2026-08-25 21:58:38 [TestNG-tests-2] INFO  com.orangehrm.base.BaseTest - Closing driver for thread 25
2026-08-25 22:13:04 [TestNG-tests-1] INFO  com.orangehrm.base.BaseTest - Driver started for thread 25
2026-08-25 22:13:04 [TestNG-tests-3] INFO  com.orangehrm.base.BaseTest - Driver started for thread 27
2026-08-25 22:13:04 [TestNG-tests-2] INFO  com.orangehrm.base.BaseTest - Driver started for thread 26
2026-08-25 22:13:05 [TestNG-tests-1] INFO  com.orangehrm.base.BaseTest - TC03 - login with empty fields
2026-08-25 22:13:05 [TestNG-tests-3] INFO  com.orangehrm.base.BaseTest - TC09 - verifying the Add User form fields
2026-08-25 22:13:05 [TestNG-tests-2] INFO  com.orangehrm.base.BaseTest - TC04 - searching for existing employee: Charlotte Smith
2026-08-25 22:13:14 [TestNG-tests-3] INFO  com.orangehrm.base.BaseTest - Logged in as Admin
2026-08-25 22:13:15 [TestNG-tests-2] INFO  com.orangehrm.base.BaseTest - Logged in as Admin
2026-08-25 22:13:16 [TestNG-tests-1] INFO  com.orangehrm.base.BaseTest - Closing driver for thread 25
2026-08-25 22:13:18 [TestNG-tests-1] INFO  com.orangehrm.base.BaseTest - Driver started for thread 25
2026-08-25 22:13:18 [TestNG-tests-1] INFO  com.orangehrm.base.BaseTest - TC02 - login with invalid credentials: WrongUser
2026-08-25 22:13:20 [TestNG-tests-3] INFO  com.orangehrm.base.BaseTest - Closing driver for thread 27
2026-08-25 22:13:22 [TestNG-tests-3] INFO  com.orangehrm.base.BaseTest - Driver started for thread 27
2026-08-25 22:13:22 [TestNG-tests-3] INFO  com.orangehrm.base.BaseTest - TC10 - verifying the footer branding link
2026-08-25 22:13:25 [TestNG-tests-1] INFO  com.orangehrm.base.BaseTest - Closing driver for thread 25
2026-08-25 22:13:27 [TestNG-tests-1] INFO  com.orangehrm.base.BaseTest - Driver started for thread 25
2026-08-25 22:13:27 [TestNG-tests-1] INFO  com.orangehrm.base.BaseTest - TC01 - login with valid credentials: Admin
2026-08-25 22:13:28 [TestNG-tests-3] INFO  com.orangehrm.base.BaseTest - Logged in as Admin
2026-08-25 22:13:32 [TestNG-tests-2] INFO  com.orangehrm.base.BaseTest - Closing driver for thread 26
2026-08-25 22:13:34 [TestNG-tests-2] INFO  com.orangehrm.base.BaseTest - Driver started for thread 26
2026-08-25 22:13:34 [TestNG-tests-2] INFO  com.orangehrm.base.BaseTest - TC05 - searching for non-existing employee: Zzqx Notreal
2026-08-25 22:13:34 [TestNG-tests-1] INFO  com.orangehrm.base.BaseTest - Closing driver for thread 25
2026-08-25 22:13:40 [TestNG-tests-3] INFO  com.orangehrm.base.BaseTest - Closing driver for thread 27
2026-08-25 22:13:42 [TestNG-tests-3] INFO  com.orangehrm.base.BaseTest - Driver started for thread 27
2026-08-25 22:13:42 [TestNG-tests-3] INFO  com.orangehrm.base.BaseTest - TC11 - verifying the sidebar menu items
2026-08-25 22:13:42 [TestNG-tests-2] INFO  com.orangehrm.base.BaseTest - Logged in as Admin
2026-08-25 22:13:47 [TestNG-tests-3] INFO  com.orangehrm.base.BaseTest - Logged in as Admin
2026-08-25 22:13:49 [TestNG-tests-3] INFO  com.orangehrm.base.BaseTest - Closing driver for thread 27
2026-08-25 22:13:49 [TestNG-tests-2] INFO  com.orangehrm.base.BaseTest - Closing driver for thread 26
2026-08-25 22:13:51 [TestNG-tests-2] INFO  com.orangehrm.base.BaseTest - Driver started for thread 26
2026-08-25 22:13:51 [TestNG-tests-2] INFO  com.orangehrm.base.BaseTest - TC08 - creating employee John Doe229588
2026-08-25 22:13:55 [TestNG-tests-2] INFO  com.orangehrm.base.BaseTest - Logged in as Admin
2026-08-25 22:14:17 [TestNG-tests-2] INFO  com.orangehrm.base.BaseTest - Closing driver for thread 26
2026-08-25 22:14:19 [TestNG-tests-2] INFO  com.orangehrm.base.BaseTest - Driver started for thread 26
2026-08-25 22:14:19 [TestNG-tests-2] INFO  com.orangehrm.base.BaseTest - TC07 - saving an employee without a first name
2026-08-25 22:14:23 [TestNG-tests-2] INFO  com.orangehrm.base.BaseTest - Logged in as Admin
2026-08-25 22:14:28 [TestNG-tests-2] INFO  com.orangehrm.base.BaseTest - Closing driver for thread 26
2026-08-25 22:14:30 [TestNG-tests-2] INFO  com.orangehrm.base.BaseTest - Driver started for thread 26
2026-08-25 22:14:30 [TestNG-tests-2] INFO  com.orangehrm.base.BaseTest - TC06 - opening the Add Employee page
2026-08-25 22:14:34 [TestNG-tests-2] INFO  com.orangehrm.base.BaseTest - Logged in as Admin
2026-08-25 22:14:38 [TestNG-tests-2] INFO  com.orangehrm.base.BaseTest - Closing driver for thread 26
2026-08-25 22:16:52 [TestNG-tests-1] INFO  com.orangehrm.base.BaseTest - Driver started for thread 24
2026-08-25 22:16:52 [TestNG-tests-3] INFO  com.orangehrm.base.BaseTest - Driver started for thread 26
2026-08-25 22:16:52 [TestNG-tests-2] INFO  com.orangehrm.base.BaseTest - Driver started for thread 25
2026-08-25 22:16:53 [TestNG-tests-3] INFO  com.orangehrm.base.BaseTest - TC09 - verifying the Add User form fields
2026-08-25 22:16:53 [TestNG-tests-2] INFO  com.orangehrm.base.BaseTest - TC04 - searching for existing employee: Charlotte Smith
2026-08-25 22:16:53 [TestNG-tests-1] INFO  com.orangehrm.base.BaseTest - TC03 - login with empty fields
2026-08-25 22:16:58 [TestNG-tests-2] INFO  com.orangehrm.base.BaseTest - Logged in as Admin
2026-08-25 22:17:03 [TestNG-tests-1] INFO  com.orangehrm.base.BaseTest - Closing driver for thread 24
2026-08-25 22:17:04 [TestNG-tests-3] INFO  com.orangehrm.base.BaseTest - Logged in as Admin
2026-08-25 22:17:05 [TestNG-tests-1] INFO  com.orangehrm.base.BaseTest - Driver started for thread 24
2026-08-25 22:17:05 [TestNG-tests-1] INFO  com.orangehrm.base.BaseTest - TC02 - login with invalid credentials: WrongUser
2026-08-25 22:17:09 [TestNG-tests-3] INFO  com.orangehrm.base.BaseTest - Closing driver for thread 26
2026-08-25 22:17:11 [TestNG-tests-3] INFO  com.orangehrm.base.BaseTest - Driver started for thread 26
2026-08-25 22:17:11 [TestNG-tests-3] INFO  com.orangehrm.base.BaseTest - TC10 - verifying the footer branding link
2026-08-25 22:17:16 [TestNG-tests-1] INFO  com.orangehrm.base.BaseTest - Closing driver for thread 24
2026-08-25 22:17:18 [TestNG-tests-2] INFO  com.orangehrm.base.BaseTest - Closing driver for thread 25
2026-08-25 22:17:18 [TestNG-tests-1] INFO  com.orangehrm.base.BaseTest - Driver started for thread 24
2026-08-25 22:17:18 [TestNG-tests-1] INFO  com.orangehrm.base.BaseTest - TC01 - login with valid credentials: Admin
2026-08-25 22:17:19 [TestNG-tests-2] INFO  com.orangehrm.base.BaseTest - Driver started for thread 25
2026-08-25 22:17:19 [TestNG-tests-2] INFO  com.orangehrm.base.BaseTest - TC05 - searching for non-existing employee: Zzqx Notreal
2026-08-25 22:17:22 [TestNG-tests-3] INFO  com.orangehrm.base.BaseTest - Logged in as Admin
2026-08-25 22:17:26 [TestNG-tests-1] INFO  com.orangehrm.base.BaseTest - Closing driver for thread 24
2026-08-25 22:17:30 [TestNG-tests-2] INFO  com.orangehrm.base.BaseTest - Logged in as Admin
2026-08-25 22:17:39 [TestNG-tests-2] INFO  com.orangehrm.base.BaseTest - Closing driver for thread 25
2026-08-25 22:17:40 [TestNG-tests-3] INFO  com.orangehrm.base.BaseTest - Closing driver for thread 26
2026-08-25 22:17:40 [TestNG-tests-2] INFO  com.orangehrm.base.BaseTest - Driver started for thread 25
2026-08-25 22:17:40 [TestNG-tests-2] INFO  com.orangehrm.base.BaseTest - TC08 - creating employee John Doe459062
2026-08-25 22:17:42 [TestNG-tests-3] INFO  com.orangehrm.base.BaseTest - Driver started for thread 26
2026-08-25 22:17:42 [TestNG-tests-3] INFO  com.orangehrm.base.BaseTest - TC11 - verifying the sidebar menu items
2026-08-25 22:17:45 [TestNG-tests-2] INFO  com.orangehrm.base.BaseTest - Logged in as Admin
2026-08-25 22:17:49 [TestNG-tests-3] INFO  com.orangehrm.base.BaseTest - Logged in as Admin
2026-08-25 22:17:51 [TestNG-tests-3] INFO  com.orangehrm.base.BaseTest - Closing driver for thread 26
2026-08-25 22:18:08 [TestNG-tests-2] INFO  com.orangehrm.base.BaseTest - Closing driver for thread 25
2026-08-25 22:18:10 [TestNG-tests-2] INFO  com.orangehrm.base.BaseTest - Driver started for thread 25
2026-08-25 22:18:10 [TestNG-tests-2] INFO  com.orangehrm.base.BaseTest - TC07 - saving an employee without a first name
2026-08-25 22:18:15 [TestNG-tests-2] INFO  com.orangehrm.base.BaseTest - Logged in as Admin
2026-08-25 22:18:21 [TestNG-tests-2] INFO  com.orangehrm.base.BaseTest - Closing driver for thread 25
2026-08-25 22:18:23 [TestNG-tests-2] INFO  com.orangehrm.base.BaseTest - Driver started for thread 25
2026-08-25 22:18:23 [TestNG-tests-2] INFO  com.orangehrm.base.BaseTest - TC06 - opening the Add Employee page
2026-08-25 22:18:27 [TestNG-tests-2] INFO  com.orangehrm.base.BaseTest - Logged in as Admin
2026-08-25 22:18:31 [TestNG-tests-2] INFO  com.orangehrm.base.BaseTest - Closing driver for thread 25
2026-08-25 22:23:20 [TestNG-tests-3] INFO  com.orangehrm.base.BaseTest - Driver started for thread 28
2026-08-25 22:23:20 [TestNG-tests-2] INFO  com.orangehrm.base.BaseTest - Driver started for thread 27
2026-08-25 22:23:20 [TestNG-tests-1] INFO  com.orangehrm.base.BaseTest - Driver started for thread 26
2026-08-25 22:23:20 [TestNG-tests-3] INFO  com.orangehrm.base.BaseTest - TC09 - verifying the Add User form fields
2026-08-25 22:23:20 [TestNG-tests-2] INFO  com.orangehrm.base.BaseTest - TC04 - searching for existing employee: Charlotte Smith
2026-08-25 22:23:20 [TestNG-tests-1] INFO  com.orangehrm.base.BaseTest - TC03 - login with empty fields
2026-08-25 22:23:31 [TestNG-tests-3] INFO  com.orangehrm.base.BaseTest - Logged in as Admin
2026-08-25 22:23:31 [TestNG-tests-1] INFO  com.orangehrm.base.BaseTest - Closing driver for thread 26
2026-08-25 22:23:32 [TestNG-tests-2] INFO  com.orangehrm.base.BaseTest - Logged in as Admin
2026-08-25 22:23:33 [TestNG-tests-1] INFO  com.orangehrm.base.BaseTest - Driver started for thread 26
2026-08-25 22:23:33 [TestNG-tests-1] INFO  com.orangehrm.base.BaseTest - TC02 - login with invalid credentials: WrongUser
2026-08-25 22:23:37 [TestNG-tests-3] INFO  com.orangehrm.base.BaseTest - Closing driver for thread 28
2026-08-25 22:23:39 [TestNG-tests-3] INFO  com.orangehrm.base.BaseTest - Driver started for thread 28
2026-08-25 22:23:39 [TestNG-tests-3] INFO  com.orangehrm.base.BaseTest - TC10 - verifying the footer branding link
2026-08-25 22:23:44 [TestNG-tests-1] INFO  com.orangehrm.base.BaseTest - Closing driver for thread 26
2026-08-25 22:23:45 [TestNG-tests-1] INFO  com.orangehrm.base.BaseTest - Driver started for thread 26
2026-08-25 22:23:45 [TestNG-tests-1] INFO  com.orangehrm.base.BaseTest - TC01 - login with valid credentials: Admin
2026-08-25 22:23:47 [TestNG-tests-3] INFO  com.orangehrm.base.BaseTest - Logged in as Admin
2026-08-25 22:23:50 [TestNG-tests-2] INFO  com.orangehrm.base.BaseTest - Closing driver for thread 27
2026-08-25 22:23:51 [TestNG-tests-2] INFO  com.orangehrm.base.BaseTest - Driver started for thread 27
2026-08-25 22:23:51 [TestNG-tests-2] INFO  com.orangehrm.base.BaseTest - TC05 - searching for non-existing employee: Zzqx Notreal
2026-08-25 22:23:55 [TestNG-tests-1] INFO  com.orangehrm.base.BaseTest - Closing driver for thread 26
2026-08-25 22:24:05 [TestNG-tests-3] INFO  com.orangehrm.base.BaseTest - Closing driver for thread 28
2026-08-25 22:24:05 [TestNG-tests-2] INFO  com.orangehrm.base.BaseTest - Logged in as Admin
2026-08-25 22:24:06 [TestNG-tests-3] INFO  com.orangehrm.base.BaseTest - Driver started for thread 28
2026-08-25 22:24:06 [TestNG-tests-3] INFO  com.orangehrm.base.BaseTest - TC11 - verifying the sidebar menu items
2026-08-25 22:24:11 [TestNG-tests-2] INFO  com.orangehrm.base.BaseTest - Closing driver for thread 27
2026-08-25 22:24:12 [TestNG-tests-2] INFO  com.orangehrm.base.BaseTest - Driver started for thread 27
2026-08-25 22:24:12 [TestNG-tests-2] INFO  com.orangehrm.base.BaseTest - TC08 - creating employee John Doe851047
2026-08-25 22:24:13 [TestNG-tests-3] INFO  com.orangehrm.base.BaseTest - Logged in as Admin
2026-08-25 22:24:15 [TestNG-tests-3] INFO  com.orangehrm.base.BaseTest - Closing driver for thread 28
2026-08-25 22:24:17 [TestNG-tests-2] INFO  com.orangehrm.base.BaseTest - Logged in as Admin
2026-08-25 22:24:40 [TestNG-tests-2] INFO  com.orangehrm.base.BaseTest - Closing driver for thread 27
2026-08-25 22:24:42 [TestNG-tests-2] INFO  com.orangehrm.base.BaseTest - Driver started for thread 27
2026-08-25 22:24:42 [TestNG-tests-2] INFO  com.orangehrm.base.BaseTest - TC07 - saving an employee without a first name
2026-08-25 22:24:46 [TestNG-tests-2] INFO  com.orangehrm.base.BaseTest - Logged in as Admin
2026-08-25 22:24:52 [TestNG-tests-2] INFO  com.orangehrm.base.BaseTest - Closing driver for thread 27
2026-08-25 22:24:53 [TestNG-tests-2] INFO  com.orangehrm.base.BaseTest - Driver started for thread 27
2026-08-25 22:24:53 [TestNG-tests-2] INFO  com.orangehrm.base.BaseTest - TC06 - opening the Add Employee page
2026-08-25 22:25:01 [TestNG-tests-2] INFO  com.orangehrm.base.BaseTest - Logged in as Admin
2026-08-25 22:25:05 [TestNG-tests-2] INFO  com.orangehrm.base.BaseTest - Closing driver for thread 27
2026-08-25 22:52:20 [TestNG-tests-2] INFO  com.orangehrm.base.BaseTest - Driver started for thread 25
2026-08-25 22:52:20 [TestNG-tests-2] INFO  com.orangehrm.base.BaseTest - TC04 - searching for existing employee: Charlotte Smith
2026-08-25 22:52:23 [TestNG-tests-1] INFO  com.orangehrm.base.BaseTest - Driver started for thread 24
2026-08-25 22:52:23 [TestNG-tests-1] INFO  com.orangehrm.base.BaseTest - TC03 - login with empty fields
2026-08-25 22:52:25 [TestNG-tests-3] INFO  com.orangehrm.base.BaseTest - Driver started for thread 26
2026-08-25 22:52:25 [TestNG-tests-3] INFO  com.orangehrm.base.BaseTest - TC09 - verifying the Add User form fields
2026-08-25 22:52:29 [TestNG-tests-2] INFO  com.orangehrm.base.BaseTest - Logged in as Admin
2026-08-25 22:52:33 [TestNG-tests-1] INFO  com.orangehrm.base.BaseTest - Closing driver for thread 24
2026-08-25 22:52:35 [TestNG-tests-1] INFO  com.orangehrm.base.BaseTest - Driver started for thread 24
2026-08-25 22:52:35 [TestNG-tests-1] INFO  com.orangehrm.base.BaseTest - TC02 - login with invalid credentials: WrongUser
2026-08-25 22:52:36 [TestNG-tests-3] INFO  com.orangehrm.base.BaseTest - Logged in as Admin
2026-08-25 22:52:42 [TestNG-tests-3] INFO  com.orangehrm.base.BaseTest - Closing driver for thread 26
2026-08-25 22:52:44 [TestNG-tests-3] INFO  com.orangehrm.base.BaseTest - Driver started for thread 26
2026-08-25 22:52:44 [TestNG-tests-3] INFO  com.orangehrm.base.BaseTest - TC10 - verifying the footer branding link
2026-08-25 22:52:50 [TestNG-tests-2] INFO  com.orangehrm.base.BaseTest - Closing driver for thread 25
2026-08-25 22:52:50 [TestNG-tests-1] INFO  com.orangehrm.base.BaseTest - Closing driver for thread 24
2026-08-25 22:52:51 [TestNG-tests-3] INFO  com.orangehrm.base.BaseTest - Logged in as Admin
2026-08-25 22:52:52 [TestNG-tests-2] INFO  com.orangehrm.base.BaseTest - Driver started for thread 25
2026-08-25 22:52:52 [TestNG-tests-2] INFO  com.orangehrm.base.BaseTest - TC05 - searching for non-existing employee: Zzqx Notreal
2026-08-25 22:52:52 [TestNG-tests-1] INFO  com.orangehrm.base.BaseTest - Driver started for thread 24
2026-08-25 22:52:52 [TestNG-tests-1] INFO  com.orangehrm.base.BaseTest - TC01 - login with valid credentials: Admin
2026-08-25 22:53:06 [TestNG-tests-2] ERROR com.orangehrm.listeners.RetryAnalyzer - Test 'testSearchNonExistingEmployee' failed. Retry attempt 1 of 2
2026-08-25 22:53:06 [TestNG-tests-2] INFO  com.orangehrm.base.BaseTest - Closing driver for thread 25
2026-08-25 22:53:06 [TestNG-tests-1] INFO  com.orangehrm.base.BaseTest - Closing driver for thread 24
2026-08-25 22:53:08 [TestNG-tests-2] INFO  com.orangehrm.base.BaseTest - Driver started for thread 25
2026-08-25 22:53:08 [TestNG-tests-2] INFO  com.orangehrm.base.BaseTest - TC05 - searching for non-existing employee: Zzqx Notreal
2026-08-25 22:53:09 [TestNG-tests-3] INFO  com.orangehrm.base.BaseTest - Closing driver for thread 26
2026-08-25 22:53:11 [TestNG-tests-3] INFO  com.orangehrm.base.BaseTest - Driver started for thread 26
2026-08-25 22:53:11 [TestNG-tests-3] INFO  com.orangehrm.base.BaseTest - TC11 - verifying the sidebar menu items
2026-08-25 22:53:13 [TestNG-tests-2] INFO  com.orangehrm.base.BaseTest - Logged in as Admin
2026-08-25 22:53:17 [TestNG-tests-3] INFO  com.orangehrm.base.BaseTest - Logged in as Admin
2026-08-25 22:53:19 [TestNG-tests-2] INFO  com.orangehrm.base.BaseTest - Closing driver for thread 25
2026-08-25 22:53:20 [TestNG-tests-3] INFO  com.orangehrm.base.BaseTest - Closing driver for thread 26
2026-08-25 22:53:21 [TestNG-tests-2] INFO  com.orangehrm.base.BaseTest - Driver started for thread 25
2026-08-25 22:53:21 [TestNG-tests-2] INFO  com.orangehrm.base.BaseTest - TC08 - creating employee John Doe599715
2026-08-25 22:53:26 [TestNG-tests-2] INFO  com.orangehrm.base.BaseTest - Logged in as Admin
2026-08-25 22:53:50 [TestNG-tests-2] INFO  com.orangehrm.base.BaseTest - Closing driver for thread 25
2026-08-25 22:53:51 [TestNG-tests-2] INFO  com.orangehrm.base.BaseTest - Driver started for thread 25
2026-08-25 22:53:51 [TestNG-tests-2] INFO  com.orangehrm.base.BaseTest - TC07 - saving an employee without a first name
2026-08-25 22:53:56 [TestNG-tests-2] INFO  com.orangehrm.base.BaseTest - Logged in as Admin
2026-08-25 22:54:01 [TestNG-tests-2] INFO  com.orangehrm.base.BaseTest - Closing driver for thread 25
2026-08-25 22:54:03 [TestNG-tests-2] INFO  com.orangehrm.base.BaseTest - Driver started for thread 25
2026-08-25 22:54:03 [TestNG-tests-2] INFO  com.orangehrm.base.BaseTest - TC06 - opening the Add Employee page
2026-08-25 22:54:07 [TestNG-tests-2] INFO  com.orangehrm.base.BaseTest - Logged in as Admin
2026-08-25 22:54:11 [TestNG-tests-2] INFO  com.orangehrm.base.BaseTest - Closing driver for thread 25
